Transaction ID,Item,Quantity,Price Per Unit,Total Spent,Payment Method,Location,Transaction Date,item_retrieved,,,,Item_retreived_values
TXN_5728991,Salad,2,5,10,,,1/1/2023,Salad,,,,Coffee
TXN_8249251,Cake,3,3,9,ERROR,In-store,1/1/2023,Cake,,,,Cake
TXN_8842223,Smoothie,5,4,20,Digital Wallet,In-store,1/1/2023,Smoothie,,,,Cookie
TXN_7367474,Cake,5,3,15,Digital Wallet,Takeaway,1/1/2023,Cake,,,,Salad
TXN_2192787,Smoothie,5,4,20,Cash,In-store,1/1/2023,Smoothie,,,,Coffee
TXN_5563675,Tea,3,1.5,4.5,Digital Wallet,In-store,1/1/2023,Tea,,,,Smoothie
TXN_8308672,Salad,2,5,10,Digital Wallet,Takeaway,1/1/2023,Salad,,,,Cake
TXN_5358805,Coffee,5,2,10,Digital Wallet,ERROR,1/1/2023,Coffee,,,,Smoothie
TXN_2690222,Cake,4,3,12,,,1/1/2023,Cake,,,,Cake
TXN_2024598,Smoothie,1,4,4,Digital Wallet,In-store,1/1/2023,Smoothie,,,,Smoothie
TXN_4292280,Cake,4,3,12,Cash,Takeaway,1/1/2023,Cake,,,,Salad
TXN_3093284,Coffee,4,2,8,Digital Wallet,In-store,1/1/2023,Coffee,,,,Smoothie
TXN_6566716,Coffee,1,2,2,Credit Card,,1/1/2023,Coffee,,,,Smoothie
TXN_1604072,Coffee,2,2,4,,,1/1/2023,Coffee,,,,Cookie
TXN_6234882,Cookie,4,1,4,Credit Card,ERROR,1/1/2023,Cookie,,,,Tea
TXN_6093955,Tea,5,1.5,7.5,UNKNOWN,Takeaway,1/1/2023,Tea,,,,Salad
TXN_4801947,Cake,1,3,3,Digital Wallet,Takeaway,1/1/2023,Cake,,,,Smoothie
TXN_1581562,Coffee,2,2,4,Cash,In-store,1/1/2023,Coffee,,,,Cake
TXN_9161256,Smoothie,2,4,8,Digital Wallet,In-store,1/1/2023,Smoothie,,,,Cake
TXN_2104473,Cake,3,3,9,Digital Wallet,Takeaway,1/1/2023,Cake,,,,Cake
TXN_7906197,Smoothie,5,4,20,Credit Card,In-store,1/2/2023,Smoothie,,,,Smoothie
TXN_1026827,Cookie,4,1,4,Digital Wallet,In-store,1/2/2023,Cookie,,,,Smoothie
TXN_6868182,Smoothie,5,4,20,Credit Card,UNKNOWN,1/2/2023,Smoothie,,,,Smoothie
TXN_3410971,Smoothie,1,4,4,,Takeaway,1/2/2023,Smoothie,,,,Smoothie
TXN_4893692,Salad,2,5,10,,,1/2/2023,Salad,,,,Smoothie
TXN_6843517,Smoothie,5,4,20,Credit Card,In-store,1/2/2023,Smoothie,,,,Smoothie
TXN_5741619,Smoothie,5,4,20,Cash,,1/2/2023,Smoothie,,,,Cookie
TXN_4258943,Smoothie,2,4,8,Credit Card,In-store,1/2/2023,Smoothie,,,,Cake
TXN_1853298,Cookie,5,1,5,Credit Card,,1/2/2023,Cookie,,,,Smoothie
TXN_4262142,Cake,2,3,6,Cash,Takeaway,1/2/2023,Cake,,,,Cake
TXN_2339781,Smoothie,2,4,8,,In-store,1/2/2023,Smoothie,,,,Coffee
TXN_1298084,Tea,2,1.5,3,Credit Card,Takeaway,1/2/2023,Tea,,,,Cookie
TXN_6079741,Cookie,4,1,4,,Takeaway,1/2/2023,Cookie,,,,Smoothie
TXN_6935600,Coffee,3,2,6,UNKNOWN,,1/2/2023,Coffee,,,,Cookie
TXN_4314314,Cake,4,3,12,Cash,ERROR,1/2/2023,Cake,,,,Smoothie
TXN_2714524,Smoothie,4,4,16,Cash,Takeaway,1/2/2023,Smoothie,,,,Smoothie
TXN_9454387,Salad,2,5,10,Cash,Takeaway,1/2/2023,Salad,,,,Cake
TXN_9649503,Cake,1,3,3,Credit Card,Takeaway,1/2/2023,Cake,,,,Salad
TXN_9326761,Tea,1,1.5,1.5,,,1/2/2023,Tea,,,,Smoothie
TXN_6882503,Tea,1,1.5,1.5,,In-store,1/2/2023,Tea,,,,Coffee
TXN_2575160,Tea,5,1.5,7.5,,UNKNOWN,1/2/2023,Tea,,,,Smoothie
TXN_3205009,Tea,2,1.5,3,Cash,In-store,1/3/2023,Tea,,,,Smoothie
TXN_6368719,Cake,4,3,12,Credit Card,Takeaway,1/3/2023,Cake,,,,Tea
TXN_6669417,Salad,5,5,25,,Takeaway,1/3/2023,Salad,,,,Cake
TXN_3963927,Smoothie,4,4,16,Credit Card,In-store,1/3/2023,Smoothie,,,,Cookie
TXN_9728454,Cake,4,3,12,Digital Wallet,Takeaway,1/3/2023,Cake,,,,Salad
TXN_2493262,Cookie,2,1,2,Credit Card,Takeaway,1/3/2023,Cookie,,,,Cake
TXN_7686476,Coffee,3,2,6,Digital Wallet,Takeaway,1/3/2023,Coffee,,,,Cake
TXN_6697669,Cake,5,3,15,Cash,,1/3/2023,Cake,,,,Cake
TXN_2030107,Cake,4,3,12,,Takeaway,1/3/2023,Cake,,,,Cake
TXN_2377708,Cookie,1,1,1,,Takeaway,1/3/2023,Cookie,,,,Cake
TXN_1607471,Smoothie,2,4,8,Credit Card,Takeaway,1/3/2023,Smoothie,,,,Salad
TXN_7313328,Cake,1,3,3,,Takeaway,1/3/2023,Cake,,,,Salad
TXN_7355326,Cookie,1,1,1,,,1/3/2023,Cookie,,,,Smoothie
TXN_6460409,Salad,3,5,15,Cash,ERROR,1/3/2023,Salad,,,,Smoothie
TXN_9699174,Smoothie,3,4,12,,,1/3/2023,Smoothie,,,,Cookie
TXN_9014681,Smoothie,3,4,12,UNKNOWN,In-store,1/3/2023,Smoothie,,,,Cake
TXN_2716377,Cake,4,3,12,Cash,,1/3/2023,Cake,,,,Cake
TXN_3749801,Cake,5,3,15,Credit Card,Takeaway,1/3/2023,Cake,,,,Smoothie
TXN_6044312,Cake,2,3,6,ERROR,In-store,1/3/2023,Cake,,,,Cake
TXN_3297457,Cake,2,3,6,,UNKNOWN,1/3/2023,Cake,,,,Salad
TXN_4031509,Smoothie,4,4,16,Credit Card,Takeaway,1/4/2023,Smoothie,,,,Cake
TXN_9113574,Coffee,4,2,8,,In-store,1/4/2023,Coffee,,,,Smoothie
TXN_4712887,Tea,5,1.5,7.5,Credit Card,ERROR,1/4/2023,Tea,,,,Salad
TXN_3857768,Coffee,2,2,4,Credit Card,,1/4/2023,Coffee,,,,Smoothie
TXN_2861396,Salad,5,5,25,Credit Card,UNKNOWN,1/4/2023,Salad,,,,Smoothie
TXN_4033982,Tea,2,1.5,3,Credit Card,Takeaway,1/4/2023,Tea,,,,Cake
TXN_1411473,Coffee,3,2,6,Credit Card,In-store,1/4/2023,Coffee,,,,Cookie
TXN_7630912,Cake,2,3,6,Credit Card,,1/4/2023,Cake,,,,Salad
TXN_1082012,Smoothie,5,4,20,Credit Card,,1/4/2023,Smoothie,,,,Cake
TXN_5788053,Smoothie,5,4,20,Digital Wallet,,1/4/2023,Smoothie,,,,Tea
TXN_9415451,Cake,3,3,9,,Takeaway,1/4/2023,Cake,,,,Cake
TXN_7894558,Coffee,2,2,4,,,1/4/2023,Coffee,,,,Cookie
TXN_8867957,Smoothie,1,4,4,Digital Wallet,,1/4/2023,Smoothie,,,,Salad
TXN_9983530,Smoothie,3,4,12,,,1/4/2023,Smoothie,,,,Smoothie
TXN_8309656,Smoothie,3,4,12,,Takeaway,1/4/2023,Smoothie,,,,Coffee
TXN_5136479,Smoothie,1,4,4,,In-store,1/4/2023,Smoothie,,,,Smoothie
TXN_4147675,Tea,2,1.5,3,Credit Card,In-store,1/4/2023,Tea,,,,Salad
TXN_3896128,Cake,1,3,3,,In-store,1/4/2023,Cake,,,,Tea
TXN_9908225,Smoothie,5,4,20,Credit Card,In-store,1/4/2023,Smoothie,,,,Cake
TXN_8510450,Cake,4,3,12,UNKNOWN,,1/4/2023,Cake,,,,Coffee
TXN_3317406,Smoothie,3,4,12,UNKNOWN,Takeaway,1/4/2023,Smoothie,,,,Smoothie
TXN_4719069,Cake,2,3,6,Digital Wallet,,1/4/2023,Cake,,,,Cookie
TXN_1268811,Salad,1,5,5,,,1/4/2023,Salad,,,,Cake
TXN_7041367,Cookie,4,1,4,,ERROR,1/4/2023,Cookie,,,,Cake
TXN_7708201,Salad,3,5,15,Cash,,1/4/2023,Salad,,,,Tea
TXN_9825905,Coffee,1,2,2,Digital Wallet,ERROR,1/4/2023,Coffee,,,,Cake
TXN_1232346,Salad,5,5,25,Digital Wallet,In-store,1/4/2023,Salad,,,,Cookie
TXN_6380550,Coffee,5,2,10,Cash,In-store,1/5/2023,Coffee,,,,Salad
TXN_4980036,Cake,2,3,6,Cash,Takeaway,1/5/2023,Cake,,,,Cookie
TXN_8852585,Smoothie,4,4,16,Credit Card,Takeaway,1/5/2023,Smoothie,,,,Tea
TXN_9587884,Tea,2,1.5,3,,,1/5/2023,Tea,,,,Cake
TXN_1575608,Smoothie,5,4,20,ERROR,Takeaway,1/5/2023,Smoothie,,,,Cake
TXN_9151321,Smoothie,4,4,16,Cash,In-store,1/5/2023,Smoothie,,,,Coffee
TXN_1840566,Coffee,4,2,8,,ERROR,1/5/2023,Coffee,,,,Cake
TXN_1622123,Cookie,2,1,2,Cash,Takeaway,1/5/2023,Cookie,,,,Salad
TXN_5524352,Smoothie,1,4,4,,,1/5/2023,Smoothie,,,,Salad
TXN_1701500,Smoothie,1,4,4,ERROR,Takeaway,1/5/2023,Smoothie,,,,Coffee
TXN_3910230,Smoothie,5,4,20,Cash,Takeaway,1/5/2023,Smoothie,,,,Cake
TXN_8608811,Cake,5,3,15,Credit Card,Takeaway,1/5/2023,Cake,,,,Coffee
TXN_1324968,Cookie,3,1,3,Credit Card,In-store,1/5/2023,Cookie,,,,Salad
TXN_5137315,Salad,5,5,25,Credit Card,In-store,1/5/2023,Salad,,,,Salad
TXN_7766134,Tea,1,1.5,1.5,Credit Card,Takeaway,1/5/2023,Tea,,,,Cake
TXN_7180164,Smoothie,5,4,20,Cash,Takeaway,1/5/2023,Smoothie,,,,Cake
TXN_2044375,Salad,1,5,5,Cash,Takeaway,1/5/2023,Salad,,,,Cake
TXN_9814511,Cake,1,3,3,Credit Card,,1/5/2023,Cake,,,,Salad
TXN_8742689,Tea,5,1.5,7.5,Digital Wallet,Takeaway,1/5/2023,Tea,,,,Cookie
TXN_3603434,Coffee,5,2,10,,In-store,1/5/2023,Coffee,,,,Cookie
TXN_6455325,Cake,4,3,12,Credit Card,In-store,1/5/2023,Cake,,,,Cookie
TXN_5862289,Cake,4,3,12,Digital Wallet,Takeaway,1/5/2023,Cake,,,,Tea
TXN_9496018,Tea,5,1.5,7.5,,Takeaway,1/5/2023,Tea,,,,Smoothie
TXN_1767872,Salad,2,5,10,Credit Card,In-store,1/5/2023,Salad,,,,Smoothie
TXN_1927704,Salad,2,5,10,Digital Wallet,In-store,1/5/2023,Salad,,,,Smoothie
TXN_2372348,Cake,2,3,6,Digital Wallet,Takeaway,1/5/2023,Cake,,,,Cake
TXN_1727281,Cake,4,3,12,,Takeaway,1/5/2023,Cake,,,,Coffee
TXN_5662517,Tea,2,1.5,3,Credit Card,Takeaway,1/5/2023,Tea,,,,Salad
TXN_2340643,Salad,5,5,25,Cash,In-store,1/5/2023,Salad,,,,Cake
TXN_4982382,Salad,1,5,5,Cash,,1/5/2023,Salad,,,,Cake
TXN_4283693,Salad,2,5,10,Cash,In-store,1/5/2023,Salad,,,,Cake
TXN_6515226,Cake,1,3,3,Digital Wallet,,1/5/2023,Cake,,,,Salad
TXN_1665056,Salad,5,5,25,Cash,,1/5/2023,Salad,,,,Cake
TXN_9417438,Salad,1,5,5,ERROR,In-store,1/5/2023,Salad,,,,Coffee
TXN_5164540,Tea,2,1.5,3,,Takeaway,1/5/2023,Tea,,,,Cake
TXN_5587224,Salad,2,5,10,ERROR,In-store,1/5/2023,Salad,,,,Coffee
TXN_9809696,Smoothie,1,4,4,,Takeaway,1/5/2023,Smoothie,,,,Cake
TXN_3313534,Cookie,2,1,2,Digital Wallet,In-store,1/5/2023,Cookie,,,,Tea
TXN_2029497,Smoothie,2,4,8,Cash,Takeaway,1/6/2023,Smoothie,,,,Cake
TXN_3228823,Tea,5,1.5,7.5,,,1/6/2023,Tea,,,,Smoothie
TXN_1180969,Cookie,1,1,1,Digital Wallet,In-store,1/6/2023,Cookie,,,,Cake
TXN_9663990,Cake,1,3,3,,,1/6/2023,Cake,,,,Smoothie
TXN_8632098,Salad,2,5,10,,,1/6/2023,Salad,,,,Tea
TXN_7770253,Coffee,5,2,10,Digital Wallet,Takeaway,1/6/2023,Coffee,,,,Tea
TXN_3277379,Salad,2,5,10,Credit Card,Takeaway,1/6/2023,Salad,,,,Cake
TXN_2204457,Coffee,4,2,8,Cash,Takeaway,1/6/2023,Coffee,,,,Cake
TXN_6670607,Cake,5,3,15,,Takeaway,1/6/2023,Cake,,,,Cake
TXN_5438111,Smoothie,3,4,12,Cash,In-store,1/6/2023,Smoothie,,,,Tea
TXN_1852224,Tea,4,1.5,6,Cash,Takeaway,1/6/2023,Tea,,,,Coffee
TXN_4664329,Tea,2,1.5,3,Credit Card,Takeaway,1/6/2023,Tea,,,,Salad
TXN_1960599,Cake,4,3,12,Cash,,1/6/2023,Cake,,,,Smoothie
TXN_6410244,Tea,4,1.5,6,Credit Card,Takeaway,1/6/2023,Tea,,,,Tea
TXN_3112013,Smoothie,5,4,20,Cash,In-store,1/6/2023,Smoothie,,,,Cake
TXN_6000890,Coffee,3,2,6,Digital Wallet,In-store,1/6/2023,Coffee,,,,Cake
TXN_1779679,Coffee,5,2,10,,In-store,1/6/2023,Coffee,,,,Coffee
TXN_1671480,Cookie,5,1,5,,,1/6/2023,Cookie,,,,Cake
TXN_3666951,Cake,2,3,6,,In-store,1/6/2023,Cake,,,,Salad
TXN_2531878,Salad,3,5,15,,,1/6/2023,Salad,,,,Tea
TXN_2301001,Smoothie,1,4,4,,Takeaway,1/6/2023,Smoothie,,,,Cake
TXN_3121483,Salad,2,5,10,,Takeaway,1/6/2023,Salad,,,,Salad
TXN_8305586,Coffee,4,2,8,Cash,,1/6/2023,Coffee,,,,Cake
TXN_8276063,Coffee,1,2,2,Credit Card,,1/6/2023,Coffee,,,,Cake
TXN_6571385,Tea,4,1.5,6,Cash,Takeaway,1/6/2023,Tea,,,,Salad
TXN_6467414,Tea,3,1.5,4.5,Cash,,1/6/2023,Tea,,,,Smoothie
TXN_1419790,Smoothie,3,4,12,,,1/6/2023,Smoothie,,,,Coffee
TXN_1185003,Cake,5,3,15,Cash,Takeaway,1/6/2023,Cake,,,,Cake
TXN_1091243,Smoothie,2,4,8,,In-store,1/6/2023,Smoothie,,,,Coffee
TXN_8083377,Tea,4,1.5,6,Digital Wallet,In-store,1/6/2023,Tea,,,,Smoothie
TXN_3392953,Coffee,1,2,2,Digital Wallet,Takeaway,1/6/2023,Coffee,,,,Coffee
TXN_2696664,Cookie,5,1,5,,In-store,1/7/2023,Cookie,,,,Salad
TXN_1090854,Cookie,3,1,3,Credit Card,In-store,1/7/2023,Cookie,,,,Coffee
TXN_6643951,Smoothie,1,4,4,Credit Card,In-store,1/7/2023,Smoothie,,,,Cake
TXN_5622313,Salad,2,5,10,Credit Card,In-store,1/7/2023,Salad,,,,Smoothie
TXN_6872268,Cake,2,3,6,Digital Wallet,In-store,1/7/2023,Cake,,,,Cake
TXN_6040824,Smoothie,1,4,4,Cash,,1/7/2023,Smoothie,,,,Cookie
TXN_8066306,Cake,5,3,15,Digital Wallet,Takeaway,1/7/2023,Cake,,,,Tea
TXN_5279972,Smoothie,4,4,16,Credit Card,Takeaway,1/7/2023,Smoothie,,,,Cake
TXN_8285752,Cookie,4,1,4,,In-store,1/7/2023,Cookie,,,,Smoothie
TXN_1072232,Smoothie,1,4,4,Digital Wallet,In-store,1/7/2023,Smoothie,,,,Smoothie
TXN_4177717,Cookie,1,1,1,,,1/7/2023,Cookie,,,,Cake
TXN_1034067,Smoothie,3,4,12,Digital Wallet,,1/7/2023,Smoothie,,,,Smoothie
TXN_2631423,Cookie,3,1,3,Cash,Takeaway,1/7/2023,Cookie,,,,Cookie
TXN_1598214,Cake,1,3,3,Credit Card,Takeaway,1/7/2023,Cake,,,,Smoothie
TXN_8934637,Smoothie,1,4,4,,In-store,1/7/2023,Smoothie,,,,Tea
TXN_3046567,Salad,2,5,10,Credit Card,In-store,1/7/2023,Salad,,,,Coffee
TXN_8164119,Tea,3,1.5,4.5,Credit Card,Takeaway,1/7/2023,Tea,,,,Cookie
TXN_1010950,Cookie,1,1,1,Digital Wallet,Takeaway,1/7/2023,Cookie,,,,Cake
TXN_4064326,Cookie,2,1,2,Cash,Takeaway,1/7/2023,Cookie,,,,Cookie
TXN_9901097,Coffee,1,2,2,Cash,,1/7/2023,Coffee,,,,Cookie
TXN_8661276,Cookie,1,1,1,Digital Wallet,In-store,1/7/2023,Cookie,,,,Salad
TXN_6121301,Smoothie,5,4,20,Digital Wallet,Takeaway,1/7/2023,Smoothie,,,,Smoothie
TXN_1193551,Cookie,1,1,1,,Takeaway,1/7/2023,Cookie,,,,Smoothie
TXN_5476485,Cake,2,3,6,Cash,In-store,1/7/2023,Cake,,,,Smoothie
TXN_6342161,Salad,5,5,25,ERROR,Takeaway,1/8/2023,Salad,,,,Smoothie
TXN_6857943,Cake,5,3,15,,Takeaway,1/8/2023,Cake,,,,Cake
TXN_3803732,Salad,4,5,20,Digital Wallet,,1/8/2023,Salad,,,,Salad
TXN_9425610,Smoothie,3,4,12,Cash,In-store,1/8/2023,Smoothie,,,,Smoothie
TXN_6975750,Cake,5,3,15,,ERROR,1/8/2023,Cake,,,,Cake
TXN_7516790,Cake,2,3,6,ERROR,,1/8/2023,Cake,,,,Smoothie
TXN_2680626,Cake,3,3,9,Cash,In-store,1/8/2023,Cake,,,,Smoothie
TXN_3313000,Coffee,5,2,10,Credit Card,In-store,1/8/2023,Coffee,,,,Coffee
TXN_9203396,Coffee,5,2,10,Digital Wallet,In-store,1/8/2023,Coffee,,,,Cookie
TXN_8384229,Tea,4,1.5,6,Digital Wallet,,1/8/2023,Tea,,,,Cake
TXN_5991995,Cake,1,3,3,Digital Wallet,In-store,1/8/2023,Cake,,,,Smoothie
TXN_8482647,Smoothie,5,4,20,Credit Card,,1/8/2023,Smoothie,,,,Cake
TXN_3494191,Smoothie,2,4,8,Credit Card,In-store,1/8/2023,Smoothie,,,,Smoothie
TXN_4615235,Cake,4,3,12,Cash,,1/8/2023,Cake,,,,Cookie
TXN_6144244,Cake,3,3,9,Cash,,1/8/2023,Cake,,,,Cookie
TXN_6857799,Cookie,4,1,4,Cash,ERROR,1/8/2023,Cookie,,,,Tea
TXN_4702345,Salad,4,5,20,Digital Wallet,,1/8/2023,Salad,,,,Cake
TXN_4328228,Smoothie,5,4,20,UNKNOWN,,1/8/2023,Smoothie,,,,Cake
TXN_1887555,Cake,2,3,6,Cash,In-store,1/8/2023,Cake,,,,Cake
TXN_4583009,Salad,5,5,25,Credit Card,In-store,1/8/2023,Salad,,,,Coffee
TXN_2832660,Smoothie,2,4,8,Credit Card,,1/8/2023,Smoothie,,,,Cake
TXN_3003979,Tea,1,1.5,1.5,Digital Wallet,Takeaway,1/8/2023,Tea,,,,Smoothie
TXN_7932830,Cake,2,3,6,,Takeaway,1/8/2023,Cake,,,,Cake
TXN_3703482,Cake,4,3,12,,UNKNOWN,1/8/2023,Cake,,,,Coffee
TXN_8150967,Smoothie,3,4,12,Cash,,1/8/2023,Smoothie,,,,Cookie
TXN_7851634,Smoothie,4,4,16,,,1/8/2023,Smoothie,,,,Smoothie
TXN_4639319,Coffee,5,2,10,Cash,,1/9/2023,Coffee,,,,Tea
TXN_5531712,Tea,2,1.5,3,Cash,UNKNOWN,1/9/2023,Tea,,,,Smoothie
TXN_9239779,Salad,1,5,5,Cash,UNKNOWN,1/9/2023,Salad,,,,Smoothie
TXN_1075183,Tea,2,1.5,3,Credit Card,,1/9/2023,Tea,,,,Smoothie
TXN_6277500,Coffee,4,2,8,Credit Card,Takeaway,1/9/2023,Coffee,,,,Salad
TXN_4551806,Tea,1,1.5,1.5,ERROR,,1/9/2023,Tea,,,,Salad
TXN_2123573,Coffee,5,2,10,Digital Wallet,Takeaway,1/9/2023,Coffee,,,,Cake
TXN_3355537,Tea,3,1.5,4.5,Digital Wallet,ERROR,1/9/2023,Tea,,,,Salad
TXN_4848431,Salad,5,5,25,Credit Card,,1/9/2023,Salad,,,,Salad
TXN_4612269,Salad,5,5,25,,ERROR,1/9/2023,Salad,,,,Smoothie
TXN_3744974,Cake,1,3,3,,In-store,1/9/2023,Cake,,,,Salad
TXN_9844453,Tea,2,1.5,3,,,1/9/2023,Tea,,,,Cake
TXN_8425819,Smoothie,1,4,4,,,1/9/2023,Smoothie,,,,Salad
TXN_4829492,Cake,2,3,6,Credit Card,Takeaway,1/9/2023,Cake,,,,Coffee
TXN_3700419,Cookie,4,1,4,ERROR,,1/9/2023,Cookie,,,,Cake
TXN_9072517,Smoothie,2,4,8,Credit Card,Takeaway,1/9/2023,Smoothie,,,,Cookie
TXN_3487896,Coffee,5,2,10,Credit Card,,1/9/2023,Coffee,,,,Salad
TXN_4449992,Cookie,3,1,3,Digital Wallet,UNKNOWN,1/9/2023,Cookie,,,,Cookie
TXN_9627891,Coffee,2,2,4,Credit Card,In-store,1/9/2023,Coffee,,,,Salad
TXN_7994903,Smoothie,4,4,16,Credit Card,In-store,1/9/2023,Smoothie,,,,Cookie
TXN_3827851,Coffee,1,2,2,,,1/9/2023,Coffee,,,,Smoothie
TXN_5005999,Salad,4,5,20,Cash,,1/9/2023,Salad,,,,Cake
TXN_1993675,Cookie,3,1,3,Cash,Takeaway,1/9/2023,Cookie,,,,Cake
TXN_7764304,Cake,1,3,3,Credit Card,Takeaway,1/9/2023,Cake,,,,Salad
TXN_2504703,Smoothie,5,4,20,Digital Wallet,Takeaway,1/9/2023,Smoothie,,,,Cake
TXN_6650263,Tea,2,1.5,3,,Takeaway,1/10/2023,Tea,,,,Tea
TXN_2148617,Cake,3,3,9,Digital Wallet,UNKNOWN,1/10/2023,Cake,,,,Cake
TXN_5754317,Coffee,2,2,4,Credit Card,Takeaway,1/10/2023,Coffee,,,,Smoothie
TXN_2494138,Cookie,3,1,3,Cash,,1/10/2023,Cookie,,,,Smoothie
TXN_4679593,Cake,1,3,3,Cash,In-store,1/10/2023,Cake,,,,Coffee
TXN_9489176,Cake,5,3,15,Digital Wallet,In-store,1/10/2023,Cake,,,,Smoothie
TXN_4520062,Tea,2,1.5,3,,In-store,1/10/2023,Tea,,,,Salad
TXN_5398922,Salad,1,5,5,Cash,In-store,1/10/2023,Salad,,,,Cake
TXN_8554646,Coffee,2,2,4,Cash,,1/10/2023,Coffee,,,,Tea
TXN_3106348,Salad,4,5,20,Digital Wallet,In-store,1/10/2023,Salad,,,,Tea
TXN_7507071,Smoothie,2,4,8,,In-store,1/10/2023,Smoothie,,,,Coffee
TXN_9976598,Cake,4,3,12,,Takeaway,1/10/2023,Cake,,,,Smoothie
TXN_6380636,Coffee,5,2,10,,ERROR,1/10/2023,Coffee,,,,Cake
TXN_3043982,Smoothie,5,4,20,Cash,In-store,1/10/2023,Smoothie,,,,Tea
TXN_8059034,Coffee,1,2,2,Digital Wallet,,1/10/2023,Coffee,,,,Tea
TXN_8708666,Cake,4,3,12,,Takeaway,1/10/2023,Cake,,,,Cake
TXN_5660949,Cookie,3,1,3,Credit Card,In-store,1/10/2023,Cookie,,,,Cake
TXN_7763212,Smoothie,1,4,4,Credit Card,,1/10/2023,Smoothie,,,,Cake
TXN_7755372,Cake,5,3,15,,Takeaway,1/10/2023,Cake,,,,Salad
TXN_9710430,Smoothie,3,4,12,Credit Card,Takeaway,1/10/2023,Smoothie,,,,Cookie
TXN_4532280,Coffee,5,2,10,Credit Card,,1/10/2023,Coffee,,,,Tea
TXN_7855761,Cookie,1,1,1,Cash,In-store,1/10/2023,Cookie,,,,Salad
TXN_3132921,Tea,5,1.5,7.5,Credit Card,In-store,1/10/2023,Tea,,,,Cookie
TXN_9493077,Cake,4,3,12,Credit Card,,1/10/2023,Cake,,,,Smoothie
TXN_9320353,Salad,5,5,25,Cash,In-store,1/10/2023,Salad,,,,Smoothie
TXN_3270584,Cake,3,3,9,Credit Card,Takeaway,1/10/2023,Cake,,,,Cake
TXN_2470745,Smoothie,2,4,8,Digital Wallet,,1/10/2023,Smoothie,,,,Cookie
TXN_2588566,Salad,3,5,15,,Takeaway,1/10/2023,Salad,,,,Smoothie
TXN_9089898,Salad,3,5,15,Credit Card,,1/11/2023,Salad,,,,Salad
TXN_2773987,Smoothie,5,4,20,ERROR,,1/11/2023,Smoothie,,,,Tea
TXN_5448157,Cookie,3,1,3,Credit Card,ERROR,1/11/2023,Cookie,,,,Smoothie
TXN_1324930,Smoothie,5,4,20,Credit Card,Takeaway,1/11/2023,Smoothie,,,,Smoothie
TXN_6337312,Salad,1,5,5,,In-store,1/11/2023,Salad,,,,Smoothie
TXN_9703722,Smoothie,5,4,20,Digital Wallet,Takeaway,1/11/2023,Smoothie,,,,Smoothie
TXN_3869958,Cake,1,3,3,Digital Wallet,ERROR,1/11/2023,Cake,,,,Cake
TXN_3189677,Smoothie,1,4,4,,,1/11/2023,Smoothie,,,,Cake
TXN_7218914,Salad,1,5,5,Digital Wallet,In-store,1/11/2023,Salad,,,,Cake
TXN_7828462,Tea,3,1.5,4.5,Cash,Takeaway,1/11/2023,Tea,,,,Smoothie
TXN_5940531,Tea,1,1.5,1.5,,In-store,1/11/2023,Tea,,,,Smoothie
TXN_2818867,Salad,3,5,15,Cash,,1/11/2023,Salad,,,,Salad
TXN_5222176,Cookie,4,1,4,,In-store,1/11/2023,Cookie,,,,Cookie
TXN_6496506,Cake,1,3,3,Digital Wallet,In-store,1/11/2023,Cake,,,,Smoothie
TXN_7991782,Cake,2,3,6,,In-store,1/11/2023,Cake,,,,Smoothie
TXN_1072984,Tea,4,1.5,6,Digital Wallet,,1/11/2023,Tea,,,,Cookie
TXN_2873573,Coffee,3,2,6,,In-store,1/11/2023,Coffee,,,,Smoothie
TXN_4430772,Coffee,5,2,10,Credit Card,,1/11/2023,Coffee,,,,Cake
TXN_6021363,Smoothie,2,4,8,Credit Card,Takeaway,1/11/2023,Smoothie,,,,Tea
TXN_7995960,Cake,1,3,3,Digital Wallet,,1/11/2023,Cake,,,,Coffee
TXN_9728414,Tea,1,1.5,1.5,Credit Card,Takeaway,1/11/2023,Tea,,,,Smoothie
TXN_8732269,Cake,2,3,6,Credit Card,Takeaway,1/11/2023,Cake,,,,Cookie
TXN_9520855,Cake,4,3,12,,,1/11/2023,Cake,,,,Cookie
TXN_4530804,Coffee,4,2,8,,,1/12/2023,Coffee,,,,Smoothie
TXN_4266787,Cake,4,3,12,Credit Card,Takeaway,1/12/2023,Cake,,,,Cake
TXN_4634772,Cake,3,3,9,Credit Card,In-store,1/12/2023,Cake,,,,Coffee
TXN_9159212,Smoothie,3,4,12,Digital Wallet,Takeaway,1/12/2023,Smoothie,,,,Smoothie
TXN_6189334,Smoothie,1,4,4,Cash,In-store,1/12/2023,Smoothie,,,,Tea
TXN_8551432,Tea,4,1.5,6,,Takeaway,1/12/2023,Tea,,,,Tea
TXN_4371760,Smoothie,2,4,8,Cash,In-store,1/12/2023,Smoothie,,,,Smoothie
TXN_4877933,Cake,5,3,15,Digital Wallet,In-store,1/12/2023,Cake,,,,Tea
TXN_7585599,Cake,1,3,3,Credit Card,,1/12/2023,Cake,,,,Coffee
TXN_6751134,Smoothie,3,4,12,,UNKNOWN,1/12/2023,Smoothie,,,,Cake
TXN_1733916,Smoothie,4,4,16,Digital Wallet,In-store,1/12/2023,Smoothie,,,,Coffee
TXN_3643361,Tea,1,1.5,1.5,Cash,,1/12/2023,Tea,,,,Cake
TXN_2207332,Coffee,1,2,2,Credit Card,,1/12/2023,Coffee,,,,Cake
TXN_8111101,Smoothie,5,4,20,Cash,,1/12/2023,Smoothie,,,,Smoothie
TXN_1940330,Tea,4,1.5,6,,In-store,1/12/2023,Tea,,,,Cookie
TXN_8615635,Cookie,4,1,4,,In-store,1/12/2023,Cookie,,,,Tea
TXN_8710758,Smoothie,3,4,12,Credit Card,In-store,1/12/2023,Smoothie,,,,Smoothie
TXN_5337074,Cookie,3,1,3,Credit Card,In-store,1/12/2023,Cookie,,,,Coffee
TXN_3938271,Salad,3,5,15,,In-store,1/12/2023,Salad,,,,Tea
TXN_6159539,Cake,1,3,3,Digital Wallet,,1/12/2023,Cake,,,,Smoothie
TXN_2503128,Cake,1,3,3,Cash,In-store,1/12/2023,Cake,,,,Salad
TXN_1510406,Salad,3,5,15,,In-store,1/12/2023,Salad,,,,Cookie
TXN_8219210,Smoothie,5,4,20,Cash,,1/12/2023,Smoothie,,,,Smoothie
TXN_5200292,Salad,4,5,20,Cash,,1/12/2023,Salad,,,,Cookie
TXN_6874059,Salad,4,5,20,,Takeaway,1/12/2023,Salad,,,,Smoothie
TXN_4268746,Cake,5,3,15,Credit Card,In-store,1/12/2023,Cake,,,,Smoothie
TXN_3699636,Salad,3,5,15,Digital Wallet,ERROR,1/12/2023,Salad,,,,Cookie
TXN_6018020,Cookie,2,1,2,Credit Card,Takeaway,1/12/2023,Cookie,,,,Tea
TXN_5257169,Cake,4,3,12,Credit Card,,1/12/2023,Cake,,,,Cookie
TXN_8652632,Tea,1,1.5,1.5,Digital Wallet,,1/12/2023,Tea,,,,Cookie
TXN_4466681,Coffee,2,2,4,Cash,Takeaway,1/12/2023,Coffee,,,,Coffee
TXN_4060215,Salad,3,5,15,Credit Card,In-store,1/12/2023,Salad,,,,Smoothie
TXN_1967032,Tea,1,1.5,1.5,Digital Wallet,Takeaway,1/12/2023,Tea,,,,Smoothie
TXN_6926855,Smoothie,3,4,12,Cash,Takeaway,1/12/2023,Smoothie,,,,Salad
TXN_4780352,Salad,1,5,5,Digital Wallet,Takeaway,1/12/2023,Salad,,,,Cookie
TXN_2338617,Cake,2,3,6,Digital Wallet,UNKNOWN,1/12/2023,Cake,,,,Cookie
TXN_2598728,Cake,2,3,6,Credit Card,,1/13/2023,Cake,,,,Cookie
TXN_2237115,Coffee,1,2,2,,Takeaway,1/13/2023,Coffee,,,,Coffee
TXN_9392028,Salad,5,5,25,Credit Card,In-store,1/13/2023,Salad,,,,Smoothie
TXN_6622954,Smoothie,2,4,8,,In-store,1/13/2023,Smoothie,,,,Coffee
TXN_6359777,Smoothie,5,4,20,,,1/13/2023,Smoothie,,,,Coffee
TXN_8789116,Salad,5,5,25,Digital Wallet,Takeaway,1/13/2023,Salad,,,,Coffee
TXN_4541998,Smoothie,1,4,4,,Takeaway,1/13/2023,Smoothie,,,,Smoothie
TXN_7735237,Cake,2,3,6,Digital Wallet,In-store,1/13/2023,Cake,,,,Cake
TXN_2580487,Cake,1,3,3,,Takeaway,1/13/2023,Cake,,,,Smoothie
TXN_6004967,Salad,4,5,20,Credit Card,,1/13/2023,Salad,,,,Salad
TXN_9031518,Smoothie,5,4,20,Credit Card,In-store,1/13/2023,Smoothie,,,,Smoothie
TXN_1063342,Smoothie,5,4,20,,In-store,1/13/2023,Smoothie,,,,Smoothie
TXN_4808700,Cookie,4,1,4,Cash,Takeaway,1/13/2023,Cookie,,,,Tea
TXN_1434857,Cake,5,3,15,ERROR,In-store,1/13/2023,Cake,,,,Tea
TXN_3474333,Cake,3,3,9,Credit Card,Takeaway,1/13/2023,Cake,,,,Smoothie
TXN_4425164,Cake,4,3,12,,,1/13/2023,Cake,,,,Cookie
TXN_6228847,Smoothie,3,4,12,Cash,,1/13/2023,Smoothie,,,,Smoothie
TXN_9298882,Smoothie,3,4,12,,,1/13/2023,Smoothie,,,,Smoothie
TXN_6868763,Cake,3,3,9,Digital Wallet,In-store,1/13/2023,Cake,,,,Cake
TXN_3947116,Smoothie,1,4,4,,Takeaway,1/13/2023,Smoothie,,,,Cookie
TXN_5530273,Cake,3,3,9,Digital Wallet,ERROR,1/13/2023,Cake,,,,Cookie
TXN_2086557,Smoothie,2,4,8,Cash,In-store,1/13/2023,Smoothie,,,,Salad
TXN_7907366,Coffee,4,2,8,Digital Wallet,UNKNOWN,1/13/2023,Coffee,,,,Salad
TXN_7426086,Coffee,4,2,8,,ERROR,1/13/2023,Coffee,,,,Cake
TXN_7945375,Cake,3,3,9,,,1/14/2023,Cake,,,,Tea
TXN_6766492,Salad,1,5,5,,ERROR,1/14/2023,Salad,,,,Cake
TXN_2635532,Smoothie,4,4,16,Cash,Takeaway,1/14/2023,Smoothie,,,,Cake
TXN_8826983,Smoothie,5,4,20,Cash,In-store,1/14/2023,Smoothie,,,,Smoothie
TXN_2806243,Salad,4,5,20,Digital Wallet,Takeaway,1/14/2023,Salad,,,,Smoothie
TXN_2601689,Salad,4,5,20,Digital Wallet,Takeaway,1/14/2023,Salad,,,,Tea
TXN_3928766,Cake,5,3,15,,Takeaway,1/14/2023,Cake,,,,Smoothie
TXN_6522252,Tea,2,1.5,3,Digital Wallet,,1/14/2023,Tea,,,,Smoothie
TXN_7089173,Cake,1,3,3,Digital Wallet,,1/14/2023,Cake,,,,Smoothie
TXN_3391446,Tea,1,1.5,1.5,,Takeaway,1/14/2023,Tea,,,,Coffee
TXN_5588102,Cookie,4,1,4,Credit Card,In-store,1/14/2023,Cookie,,,,Cake
TXN_3931747,Cookie,4,1,4,,Takeaway,1/14/2023,Cookie,,,,Smoothie
TXN_3956393,Cookie,4,1,4,Credit Card,In-store,1/14/2023,Cookie,,,,Coffee
TXN_2980632,Cookie,3,1,3,Credit Card,Takeaway,1/14/2023,Cookie,,,,Smoothie
TXN_6020552,Smoothie,2,4,8,Cash,Takeaway,1/14/2023,Smoothie,,,,Cake
TXN_9992148,Tea,3,1.5,4.5,Cash,Takeaway,1/14/2023,Tea,,,,Smoothie
TXN_1018470,Cake,3,3,9,,ERROR,1/14/2023,Cake,,,,Cookie
TXN_5124080,Cookie,1,1,1,Credit Card,In-store,1/14/2023,Cookie,,,,Smoothie
TXN_4568452,Cookie,3,1,3,Digital Wallet,In-store,1/14/2023,Cookie,,,,Tea
TXN_4541981,Smoothie,4,4,16,Credit Card,In-store,1/14/2023,Smoothie,,,,Cake
TXN_1926794,Smoothie,1,4,4,,In-store,1/14/2023,Smoothie,,,,Tea
TXN_7218134,Cake,5,3,15,Cash,,1/14/2023,Cake,,,,Cake
TXN_1329167,Tea,5,1.5,7.5,,Takeaway,1/14/2023,Tea,,,,Cake
TXN_2035283,Smoothie,3,4,12,,,1/14/2023,Smoothie,,,,Smoothie
TXN_9389300,Salad,3,5,15,Credit Card,Takeaway,1/14/2023,Salad,,,,Smoothie
TXN_3342106,Smoothie,1,4,4,Credit Card,In-store,1/14/2023,Smoothie,,,,Salad
TXN_4430006,Cake,5,3,15,UNKNOWN,,1/14/2023,Cake,,,,Cookie
TXN_8867827,Tea,1,1.5,1.5,Digital Wallet,,1/14/2023,Tea,,,,Smoothie
TXN_3793672,Cookie,5,1,5,Credit Card,,1/14/2023,Cookie,,,,Salad
TXN_3743107,Coffee,4,2,8,Cash,,1/14/2023,Coffee,,,,Cake
TXN_3801966,Smoothie,4,4,16,Digital Wallet,In-store,1/14/2023,Smoothie,,,,Coffee
TXN_8191202,Cookie,2,1,2,Digital Wallet,In-store,1/14/2023,Cookie,,,,Coffee
TXN_3709394,Cake,4,3,12,Cash,Takeaway,1/15/2023,Cake,,,,Cookie
TXN_4942692,Coffee,2,2,4,,Takeaway,1/15/2023,Coffee,,,,Cake
TXN_2539318,Smoothie,4,4,16,Digital Wallet,UNKNOWN,1/15/2023,Smoothie,,,,Cake
TXN_3800253,Cake,2,3,6,Cash,Takeaway,1/15/2023,Cake,,,,Tea
TXN_3046108,Tea,5,1.5,7.5,Digital Wallet,Takeaway,1/15/2023,Tea,,,,Tea
TXN_7640700,Cake,2,3,6,ERROR,,1/15/2023,Cake,,,,Cookie
TXN_8553273,Cake,5,3,15,Cash,In-store,1/15/2023,Cake,,,,Salad
TXN_5573731,Smoothie,4,4,16,Cash,,1/15/2023,Smoothie,,,,Salad
TXN_6537449,Salad,2,5,10,,In-store,1/15/2023,Salad,,,,Coffee
TXN_5591048,Coffee,3,2,6,,In-store,1/15/2023,Coffee,,,,Cake
TXN_2188137,Tea,1,1.5,1.5,Credit Card,UNKNOWN,1/15/2023,Tea,,,,Cake
TXN_6201227,Salad,2,5,10,Cash,Takeaway,1/15/2023,Salad,,,,Cookie
TXN_6572164,Cookie,4,1,4,Credit Card,Takeaway,1/15/2023,Cookie,,,,Coffee
TXN_2633322,Salad,4,5,20,Digital Wallet,,1/15/2023,Salad,,,,Tea
TXN_5332538,Coffee,3,2,6,,,1/15/2023,Coffee,,,,Cake
TXN_2798736,Smoothie,2,4,8,Digital Wallet,In-store,1/15/2023,Smoothie,,,,Cake
TXN_2917349,Tea,4,1.5,6,,,1/15/2023,Tea,,,,Tea
TXN_7418562,Smoothie,4,4,16,,,1/15/2023,Smoothie,,,,Cookie
TXN_8859144,Cake,1,3,3,Digital Wallet,Takeaway,1/15/2023,Cake,,,,Cake
TXN_1605677,Tea,5,1.5,7.5,ERROR,,1/15/2023,Tea,,,,Smoothie
TXN_9693344,Tea,4,1.5,6,Credit Card,Takeaway,1/15/2023,Tea,,,,Tea
TXN_9880967,Cookie,3,1,3,Credit Card,In-store,1/15/2023,Cookie,,,,Cookie
TXN_2317041,Tea,3,1.5,4.5,Cash,In-store,1/15/2023,Tea,,,,Cake
TXN_2522828,Smoothie,4,4,16,Credit Card,,1/15/2023,Smoothie,,,,Salad
TXN_7815651,Salad,1,5,5,Cash,In-store,1/16/2023,Salad,,,,Coffee
TXN_4007285,Smoothie,5,4,20,Digital Wallet,,1/16/2023,Smoothie,,,,Cake
TXN_1785371,Coffee,1,2,2,UNKNOWN,Takeaway,1/16/2023,Coffee,,,,Cookie
TXN_1336900,Coffee,5,2,10,Credit Card,ERROR,1/16/2023,Coffee,,,,Tea
TXN_2887411,Smoothie,2,4,8,Cash,In-store,1/16/2023,Smoothie,,,,Coffee
TXN_1662024,Cookie,4,1,4,,In-store,1/16/2023,Cookie,,,,Cookie
TXN_4090464,Smoothie,5,4,20,Cash,Takeaway,1/16/2023,Smoothie,,,,Cookie
TXN_2629420,Smoothie,2,4,8,,Takeaway,1/16/2023,Smoothie,,,,Tea
TXN_2915287,Salad,1,5,5,Digital Wallet,Takeaway,1/16/2023,Salad,,,,Cake
TXN_7266318,Smoothie,1,4,4,,In-store,1/16/2023,Smoothie,,,,Cake
TXN_8491490,Coffee,2,2,4,,In-store,1/16/2023,Coffee,,,,Cookie
TXN_9943917,Smoothie,3,4,12,Credit Card,In-store,1/16/2023,Smoothie,,,,Cake
TXN_8379868,Cake,3,3,9,Cash,In-store,1/16/2023,Cake,,,,Smoothie
TXN_1204426,Smoothie,3,4,12,Credit Card,,1/16/2023,Smoothie,,,,Salad
TXN_4359885,Cookie,2,1,2,Credit Card,In-store,1/16/2023,Cookie,,,,Cake
TXN_3094786,Smoothie,4,4,16,Credit Card,Takeaway,1/16/2023,Smoothie,,,,Coffee
TXN_1390917,Smoothie,1,4,4,Credit Card,,1/16/2023,Smoothie,,,,Smoothie
TXN_7312448,Tea,1,1.5,1.5,,ERROR,1/16/2023,Tea,,,,Cookie
TXN_1837617,Cake,3,3,9,,,1/16/2023,Cake,,,,Smoothie
TXN_9579691,Cookie,5,1,5,Credit Card,In-store,1/16/2023,Cookie,,,,Smoothie
TXN_8809659,Cake,2,3,6,Cash,Takeaway,1/16/2023,Cake,,,,Cake
TXN_9306482,Smoothie,2,4,8,Digital Wallet,Takeaway,1/16/2023,Smoothie,,,,Cake
TXN_6123633,Salad,3,5,15,UNKNOWN,,1/16/2023,Salad,,,,Coffee
TXN_2444134,Smoothie,2,4,8,Credit Card,In-store,1/16/2023,Smoothie,,,,Coffee
TXN_4097922,Salad,3,5,15,Cash,,1/16/2023,Salad,,,,Smoothie
TXN_8077812,Salad,5,5,25,Cash,In-store,1/16/2023,Salad,,,,Smoothie
TXN_3507013,Cake,1,3,3,Digital Wallet,In-store,1/16/2023,Cake,,,,Cake
TXN_9350833,Cake,1,3,3,Cash,Takeaway,1/17/2023,Cake,,,,Smoothie
TXN_5645919,Coffee,3,2,6,Credit Card,,1/17/2023,Coffee,,,,Tea
TXN_4621665,Smoothie,5,4,20,,,1/17/2023,Smoothie,,,,Smoothie
TXN_4625910,Cake,1,3,3,,,1/17/2023,Cake,,,,Tea
TXN_5448602,Cake,3,3,9,Credit Card,In-store,1/17/2023,Cake,,,,Salad
TXN_1738607,Cake,2,3,6,Credit Card,In-store,1/17/2023,Cake,,,,Cake
TXN_2035772,Cookie,2,1,2,Cash,,1/17/2023,Cookie,,,,Smoothie
TXN_5763520,Salad,1,5,5,ERROR,,1/17/2023,Salad,,,,Smoothie
TXN_9623460,Smoothie,3,4,12,Digital Wallet,In-store,1/17/2023,Smoothie,,,,Cake
TXN_9942634,Tea,5,1.5,7.5,,Takeaway,1/17/2023,Tea,,,,Coffee
TXN_5161371,Cake,2,3,6,Credit Card,In-store,1/17/2023,Cake,,,,Tea
TXN_7343905,Cake,1,3,3,Digital Wallet,In-store,1/17/2023,Cake,,,,Smoothie
TXN_6851735,Cookie,1,1,1,Digital Wallet,,1/17/2023,Cookie,,,,Cake
TXN_6501361,Salad,5,5,25,Cash,In-store,1/17/2023,Salad,,,,Tea
TXN_7812084,Smoothie,4,4,16,Cash,In-store,1/17/2023,Smoothie,,,,Cake
TXN_4873180,Tea,5,1.5,7.5,Digital Wallet,In-store,1/17/2023,Tea,,,,Smoothie
TXN_7354480,Cake,2,3,6,Cash,,1/17/2023,Cake,,,,Cake
TXN_9363990,Cake,3,3,9,Credit Card,UNKNOWN,1/17/2023,Cake,,,,Cookie
TXN_7677817,Coffee,1,2,2,Credit Card,,1/17/2023,Coffee,,,,Salad
TXN_8225571,Tea,4,1.5,6,Digital Wallet,,1/17/2023,Tea,,,,Cake
TXN_7556108,Cookie,5,1,5,,Takeaway,1/17/2023,Cookie,,,,Tea
TXN_3447575,Smoothie,4,4,16,Credit Card,Takeaway,1/17/2023,Smoothie,,,,Coffee
TXN_7697294,Smoothie,3,4,12,UNKNOWN,,1/17/2023,Smoothie,,,,Smoothie
TXN_5105810,Cookie,5,1,5,UNKNOWN,Takeaway,1/17/2023,Cookie,,,,Smoothie
TXN_1492585,Smoothie,3,4,12,Cash,Takeaway,1/17/2023,Smoothie,,,,Smoothie
TXN_3669068,Cake,5,3,15,Cash,Takeaway,1/17/2023,Cake,,,,Tea
TXN_1850339,Cookie,5,1,5,Cash,Takeaway,1/17/2023,Cookie,,,,Coffee
TXN_6762236,Cake,4,3,12,UNKNOWN,In-store,1/17/2023,Cake,,,,Cake
TXN_6091542,Cake,5,3,15,Digital Wallet,Takeaway,1/17/2023,Cake,,,,Cake
TXN_9506076,Salad,5,5,25,,,1/17/2023,Salad,,,,Tea
TXN_3424331,Cake,4,3,12,,,1/18/2023,Cake,,,,Smoothie
TXN_3574059,Cake,1,3,3,,,1/18/2023,Cake,,,,Coffee
TXN_1730647,Cake,5,3,15,Digital Wallet,In-store,1/18/2023,Cake,,,,Cake
TXN_7099050,Salad,3,5,15,Credit Card,Takeaway,1/18/2023,Salad,,,,Cake
TXN_4015101,Smoothie,1,4,4,Credit Card,,1/18/2023,Smoothie,,,,Cookie
TXN_6662213,Smoothie,4,4,16,Digital Wallet,,1/18/2023,Smoothie,,,,Smoothie
TXN_1324760,Tea,4,1.5,6,Cash,In-store,1/18/2023,Tea,,,,Coffee
TXN_4076575,Smoothie,3,4,12,,Takeaway,1/18/2023,Smoothie,,,,Cake
TXN_7389329,Coffee,4,2,8,,,1/18/2023,Coffee,,,,Smoothie
TXN_6130281,Smoothie,2,4,8,Cash,,1/18/2023,Smoothie,,,,Salad
TXN_5431854,Cookie,3,1,3,,In-store,1/18/2023,Cookie,,,,Cookie
TXN_6571440,Smoothie,2,4,8,,Takeaway,1/18/2023,Smoothie,,,,Smoothie
TXN_2705302,Salad,2,5,10,Credit Card,,1/18/2023,Salad,,,,Smoothie
TXN_5386352,Smoothie,1,4,4,Credit Card,,1/18/2023,Smoothie,,,,Coffee
TXN_7517241,Smoothie,2,4,8,,ERROR,1/18/2023,Smoothie,,,,Salad
TXN_5594695,Cake,3,3,9,Credit Card,In-store,1/18/2023,Cake,,,,Cake
TXN_6400461,Coffee,4,2,8,Digital Wallet,,1/18/2023,Coffee,,,,Smoothie
TXN_2050630,Cookie,3,1,3,,Takeaway,1/18/2023,Cookie,,,,Cookie
TXN_1811216,Smoothie,1,4,4,Digital Wallet,Takeaway,1/18/2023,Smoothie,,,,Cake
TXN_6774688,Salad,1,5,5,Credit Card,UNKNOWN,1/18/2023,Salad,,,,Cookie
TXN_9336674,Salad,4,5,20,,,1/18/2023,Salad,,,,Tea
TXN_7063005,Cake,1,3,3,,,1/18/2023,Cake,,,,Cake
TXN_6053755,Cookie,4,1,4,Digital Wallet,Takeaway,1/18/2023,Cookie,,,,Cake
TXN_6105807,Smoothie,3,4,12,Credit Card,Takeaway,1/18/2023,Smoothie,,,,Smoothie
TXN_2996519,Cake,5,3,15,Cash,,1/19/2023,Cake,,,,Cake
TXN_7550103,Cake,5,3,15,,Takeaway,1/19/2023,Cake,,,,Coffee
TXN_3749365,Cookie,3,1,3,Cash,,1/19/2023,Cookie,,,,Tea
TXN_6762172,Coffee,5,2,10,Cash,Takeaway,1/19/2023,Coffee,,,,Cake
TXN_4007506,Salad,1,5,5,,,1/19/2023,Salad,,,,Cake
TXN_8127390,Tea,3,1.5,4.5,,In-store,1/19/2023,Tea,,,,Cookie
TXN_1016246,Coffee,1,2,2,ERROR,,1/19/2023,Coffee,,,,Tea
TXN_5275315,Smoothie,2,4,8,Digital Wallet,In-store,1/19/2023,Smoothie,,,,Smoothie
TXN_6785552,Cake,5,3,15,Cash,,1/19/2023,Cake,,,,Cake
TXN_5848025,Tea,5,1.5,7.5,Credit Card,In-store,1/19/2023,Tea,,,,Smoothie
TXN_7780748,Cookie,3,1,3,Credit Card,In-store,1/19/2023,Cookie,,,,Cake
TXN_3332915,Cookie,2,1,2,,Takeaway,1/19/2023,Cookie,,,,Cookie
TXN_8859035,Cake,3,3,9,Digital Wallet,Takeaway,1/19/2023,Cake,,,,Smoothie
TXN_5226399,Cake,4,3,12,,Takeaway,1/19/2023,Cake,,,,Salad
TXN_8488163,Smoothie,4,4,16,UNKNOWN,,1/19/2023,Smoothie,,,,Salad
TXN_7908153,Cookie,3,1,3,Cash,In-store,1/19/2023,Cookie,,,,Smoothie
TXN_7039529,Cookie,3,1,3,Digital Wallet,In-store,1/19/2023,Cookie,,,,Cake
TXN_2424930,Tea,5,1.5,7.5,Digital Wallet,,1/20/2023,Tea,,,,Tea
TXN_7644786,Cookie,3,1,3,Credit Card,Takeaway,1/20/2023,Cookie,,,,Cake
TXN_9193760,Salad,5,5,25,ERROR,,1/20/2023,Salad,,,,Smoothie
TXN_8382825,Coffee,5,2,10,Cash,In-store,1/20/2023,Coffee,,,,Cake
TXN_7958487,Cookie,5,1,5,,,1/20/2023,Cookie,,,,Cookie
TXN_9251292,Tea,2,1.5,3,Cash,UNKNOWN,1/20/2023,Tea,,,,Cake
TXN_3927733,Salad,5,5,25,Credit Card,Takeaway,1/20/2023,Salad,,,,Salad
TXN_9021000,Coffee,3,2,6,,,1/20/2023,Coffee,,,,Smoothie
TXN_2727347,Cake,5,3,15,Cash,Takeaway,1/20/2023,Cake,,,,Cake
TXN_5263693,Cake,1,3,3,Digital Wallet,Takeaway,1/20/2023,Cake,,,,Smoothie
TXN_9484436,Salad,1,5,5,Credit Card,In-store,1/20/2023,Salad,,,,Cookie
TXN_6962671,Cake,2,3,6,,,1/20/2023,Cake,,,,Tea
TXN_1815061,Cake,3,3,9,Digital Wallet,In-store,1/20/2023,Cake,,,,Smoothie
TXN_7625340,Cookie,2,1,2,Credit Card,In-store,1/20/2023,Cookie,,,,Cake
TXN_5975573,Cookie,1,1,1,,Takeaway,1/20/2023,Cookie,,,,Smoothie
TXN_7049861,Cake,5,3,15,Cash,In-store,1/20/2023,Cake,,,,Tea
TXN_8731991,Salad,4,5,20,,In-store,1/20/2023,Salad,,,,Smoothie
TXN_9897583,Coffee,2,2,4,Digital Wallet,Takeaway,1/20/2023,Coffee,,,,Tea
TXN_5252187,Smoothie,1,4,4,Cash,,1/20/2023,Smoothie,,,,Cookie
TXN_9668108,Cake,1,3,3,Cash,In-store,1/20/2023,Cake,,,,Smoothie
TXN_1973716,Salad,4,5,20,Credit Card,In-store,1/21/2023,Salad,,,,Cake
TXN_8993132,Cake,3,3,9,,In-store,1/21/2023,Cake,,,,Coffee
TXN_1193809,Tea,3,1.5,4.5,Digital Wallet,,1/21/2023,Tea,,,,Tea
TXN_2470532,Coffee,1,2,2,Digital Wallet,In-store,1/21/2023,Coffee,,,,Cake
TXN_5248011,Cake,2,3,6,,In-store,1/21/2023,Cake,,,,Tea
TXN_2227781,Cake,1,3,3,Cash,Takeaway,1/21/2023,Cake,,,,Smoothie
TXN_3132304,Smoothie,1,4,4,Credit Card,,1/21/2023,Smoothie,,,,Cookie
TXN_2264601,Tea,1,1.5,1.5,,,1/21/2023,Tea,,,,Cake
TXN_2402978,Cookie,3,1,3,Credit Card,In-store,1/21/2023,Cookie,,,,Salad
TXN_6832697,Salad,3,5,15,Credit Card,Takeaway,1/21/2023,Salad,,,,Smoothie
TXN_3868402,Coffee,3,2,6,Cash,In-store,1/21/2023,Coffee,,,,Smoothie
TXN_1514364,Coffee,5,2,10,Digital Wallet,In-store,1/21/2023,Coffee,,,,Cake
TXN_1862184,Coffee,4,2,8,,In-store,1/21/2023,Coffee,,,,Cake
TXN_8659963,Cake,4,3,12,Cash,Takeaway,1/21/2023,Cake,,,,Cookie
TXN_9861083,Smoothie,5,4,20,Credit Card,In-store,1/21/2023,Smoothie,,,,Tea
TXN_4612207,Cake,5,3,15,Digital Wallet,,1/21/2023,Cake,,,,Coffee
TXN_5005793,Smoothie,4,4,16,Credit Card,In-store,1/21/2023,Smoothie,,,,Cake
TXN_8901988,Tea,5,1.5,7.5,Digital Wallet,In-store,1/21/2023,Tea,,,,Salad
TXN_6383336,Cake,2,3,6,,Takeaway,1/21/2023,Cake,,,,Salad
TXN_6925284,Cake,5,3,15,Digital Wallet,Takeaway,1/21/2023,Cake,,,,Cookie
TXN_3121360,Cake,3,3,9,Digital Wallet,,1/21/2023,Cake,,,,Tea
TXN_8961034,Cake,2,3,6,,,1/21/2023,Cake,,,,Cake
TXN_4197575,Salad,2,5,10,Credit Card,,1/21/2023,Salad,,,,Smoothie
TXN_1453579,Smoothie,5,4,20,,,1/21/2023,Smoothie,,,,Smoothie
TXN_8261045,Tea,3,1.5,4.5,Cash,,1/21/2023,Tea,,,,Smoothie
TXN_3052584,Salad,1,5,5,Cash,In-store,1/21/2023,Salad,,,,Tea
TXN_8741663,Smoothie,1,4,4,Credit Card,Takeaway,1/21/2023,Smoothie,,,,Smoothie
TXN_8540499,Cookie,3,1,3,Cash,In-store,1/22/2023,Cookie,,,,Salad
TXN_3740963,Salad,2,5,10,Digital Wallet,Takeaway,1/22/2023,Salad,,,,Smoothie
TXN_1054915,Cookie,5,1,5,,In-store,1/22/2023,Cookie,,,,Cake
TXN_5735731,Smoothie,2,4,8,Credit Card,,1/22/2023,Smoothie,,,,Salad
TXN_7189368,Smoothie,2,4,8,Credit Card,,1/22/2023,Smoothie,,,,Tea
TXN_6306655,Cookie,4,1,4,Digital Wallet,Takeaway,1/22/2023,Cookie,,,,Cake
TXN_1249069,Coffee,2,2,4,,ERROR,1/22/2023,Coffee,,,,Smoothie
TXN_7113656,Cake,2,3,6,Credit Card,Takeaway,1/22/2023,Cake,,,,Cake
TXN_7463011,Smoothie,2,4,8,,In-store,1/22/2023,Smoothie,,,,Cake
TXN_1756717,Smoothie,3,4,12,Credit Card,UNKNOWN,1/22/2023,Smoothie,,,,Salad
TXN_4228312,Coffee,4,2,8,Digital Wallet,,1/22/2023,Coffee,,,,Smoothie
TXN_6933222,Tea,1,1.5,1.5,Cash,,1/22/2023,Tea,,,,Salad
TXN_6807913,Cake,3,3,9,Credit Card,Takeaway,1/22/2023,Cake,,,,Tea
TXN_4249989,Coffee,4,2,8,Digital Wallet,,1/22/2023,Coffee,,,,Coffee
TXN_5317458,Salad,2,5,10,Credit Card,,1/22/2023,Salad,,,,Cookie
TXN_9858627,Cake,4,3,12,UNKNOWN,,1/22/2023,Cake,,,,Smoothie
TXN_4252036,Smoothie,2,4,8,Cash,Takeaway,1/22/2023,Smoothie,,,,Cake
TXN_4116036,Salad,2,5,10,Credit Card,In-store,1/22/2023,Salad,,,,Smoothie
TXN_5104848,Tea,2,1.5,3,,Takeaway,1/22/2023,Tea,,,,Coffee
TXN_7521634,Cookie,3,1,3,,Takeaway,1/22/2023,Cookie,,,,Cake
TXN_7655838,Cake,3,3,9,Digital Wallet,,1/22/2023,Cake,,,,Cookie
TXN_4030519,Smoothie,2,4,8,Digital Wallet,Takeaway,1/22/2023,Smoothie,,,,Smoothie
TXN_8404563,Tea,1,1.5,1.5,Cash,In-store,1/22/2023,Tea,,,,Coffee
TXN_2386202,Salad,4,5,20,Cash,In-store,1/22/2023,Salad,,,,Salad
TXN_5478129,Cake,4,3,12,Credit Card,,1/22/2023,Cake,,,,Salad
TXN_3972167,Smoothie,5,4,20,,In-store,1/23/2023,Smoothie,,,,Cake
TXN_2771364,Coffee,1,2,2,Digital Wallet,,1/23/2023,Coffee,,,,Cookie
TXN_4201578,Salad,5,5,25,,In-store,1/23/2023,Salad,,,,Cake
TXN_6957331,Cake,3,3,9,Digital Wallet,,1/23/2023,Cake,,,,Smoothie
TXN_4939667,Salad,1,5,5,Cash,Takeaway,1/23/2023,Salad,,,,Cake
TXN_1210183,Tea,3,1.5,4.5,ERROR,In-store,1/23/2023,Tea,,,,Tea
TXN_9157460,Cake,4,3,12,Digital Wallet,Takeaway,1/23/2023,Cake,,,,Smoothie
TXN_2728444,Salad,1,5,5,Digital Wallet,Takeaway,1/23/2023,Salad,,,,Smoothie
TXN_8283199,Cake,3,3,9,Digital Wallet,Takeaway,1/23/2023,Cake,,,,Salad
TXN_9022617,Coffee,1,2,2,Credit Card,In-store,1/23/2023,Coffee,,,,Tea
TXN_5004986,Smoothie,3,4,12,Digital Wallet,,1/23/2023,Smoothie,,,,Coffee
TXN_6059878,Salad,3,5,15,Digital Wallet,,1/23/2023,Salad,,,,Salad
TXN_7020104,Tea,5,1.5,7.5,Digital Wallet,,1/23/2023,Tea,,,,Tea
TXN_2316206,Cookie,1,1,1,Credit Card,In-store,1/23/2023,Cookie,,,,Smoothie
TXN_5944318,Cookie,1,1,1,Cash,UNKNOWN,1/23/2023,Cookie,,,,Smoothie
TXN_1985396,Smoothie,3,4,12,Cash,In-store,1/23/2023,Smoothie,,,,Cake
TXN_2317867,Tea,5,1.5,7.5,Cash,In-store,1/23/2023,Tea,,,,Smoothie
TXN_1283149,Salad,2,5,10,Credit Card,In-store,1/23/2023,Salad,,,,Cookie
TXN_9850842,Tea,3,1.5,4.5,ERROR,,1/23/2023,Tea,,,,Cookie
TXN_5531648,Coffee,5,2,10,Cash,Takeaway,1/23/2023,Coffee,,,,Tea
TXN_5106316,Smoothie,5,4,20,Digital Wallet,Takeaway,1/23/2023,Smoothie,,,,Tea
TXN_3816131,Cake,3,3,9,,ERROR,1/23/2023,Cake,,,,Coffee
TXN_4224427,Cake,4,3,12,Cash,Takeaway,1/23/2023,Cake,,,,Cookie
TXN_7384923,Smoothie,2,4,8,,Takeaway,1/24/2023,Smoothie,,,,Smoothie
TXN_6376630,Cake,2,3,6,Cash,In-store,1/24/2023,Cake,,,,Salad
TXN_6348290,Coffee,4,2,8,,In-store,1/24/2023,Coffee,,,,Smoothie
TXN_9710307,Tea,2,1.5,3,UNKNOWN,Takeaway,1/24/2023,Tea,,,,Coffee
TXN_6228313,Cake,4,3,12,,,1/24/2023,Cake,,,,Cookie
TXN_9803409,Cookie,4,1,4,,In-store,1/24/2023,Cookie,,,,Cake
TXN_9350427,Cake,5,3,15,,,1/24/2023,Cake,,,,Salad
TXN_8695037,Smoothie,2,4,8,UNKNOWN,,1/24/2023,Smoothie,,,,Smoothie
TXN_2828785,Smoothie,1,4,4,,In-store,1/24/2023,Smoothie,,,,Cake
TXN_1936915,Salad,3,5,15,Digital Wallet,In-store,1/24/2023,Salad,,,,Salad
TXN_5341644,Cake,4,3,12,Cash,,1/24/2023,Cake,,,,Cookie
TXN_8025478,Smoothie,4,4,16,Cash,Takeaway,1/24/2023,Smoothie,,,,Smoothie
TXN_8657361,Coffee,4,2,8,,Takeaway,1/24/2023,Coffee,,,,Cake
TXN_8211198,Cake,3,3,9,Credit Card,,1/24/2023,Cake,,,,Smoothie
TXN_9567719,Smoothie,5,4,20,Digital Wallet,In-store,1/24/2023,Smoothie,,,,Coffee
TXN_9178545,Cake,4,3,12,Cash,In-store,1/24/2023,Cake,,,,Cake
TXN_7195393,Salad,2,5,10,Credit Card,In-store,1/24/2023,Salad,,,,Tea
TXN_9080521,Coffee,2,2,4,Credit Card,In-store,1/24/2023,Coffee,,,,Cookie
TXN_7889745,Smoothie,4,4,16,,,1/25/2023,Smoothie,,,,Salad
TXN_5590805,Cake,1,3,3,,Takeaway,1/25/2023,Cake,,,,Cake
TXN_5132327,Smoothie,5,4,20,Cash,,1/25/2023,Smoothie,,,,Cake
TXN_8283691,Cake,3,3,9,,,1/25/2023,Cake,,,,Salad
TXN_4178872,Tea,1,1.5,1.5,Credit Card,,1/25/2023,Tea,,,,Salad
TXN_6330369,Cake,1,3,3,UNKNOWN,,1/25/2023,Cake,,,,Smoothie
TXN_8791641,Tea,5,1.5,7.5,,In-store,1/25/2023,Tea,,,,Cookie
TXN_2806206,Smoothie,3,4,12,Cash,,1/25/2023,Smoothie,,,,Cake
TXN_4099487,Smoothie,5,4,20,Digital Wallet,,1/25/2023,Smoothie,,,,Salad
TXN_9587814,Cake,3,3,9,Cash,In-store,1/25/2023,Cake,,,,Tea
TXN_2047672,Smoothie,1,4,4,Credit Card,In-store,1/25/2023,Smoothie,,,,Salad
TXN_6851654,Salad,1,5,5,Digital Wallet,Takeaway,1/25/2023,Salad,,,,Cookie
TXN_1799247,Coffee,3,2,6,,,1/25/2023,Coffee,,,,Salad
TXN_5837801,Salad,1,5,5,Credit Card,In-store,1/25/2023,Salad,,,,Salad
TXN_2917072,Tea,3,1.5,4.5,UNKNOWN,Takeaway,1/25/2023,Tea,,,,Cookie
TXN_5101593,Cake,5,3,15,Credit Card,Takeaway,1/25/2023,Cake,,,,Cookie
TXN_5452419,Coffee,4,2,8,Cash,In-store,1/25/2023,Coffee,,,,Tea
TXN_8455321,Smoothie,3,4,12,,In-store,1/25/2023,Smoothie,,,,Cake
TXN_6720290,Smoothie,1,4,4,,In-store,1/25/2023,Smoothie,,,,Cake
TXN_3842881,Salad,5,5,25,,UNKNOWN,1/25/2023,Salad,,,,Cake
TXN_7843112,Cookie,4,1,4,,UNKNOWN,1/25/2023,Cookie,,,,Cake
TXN_7480940,Coffee,2,2,4,Cash,In-store,1/25/2023,Coffee,,,,Salad
TXN_1868529,Salad,1,5,5,Credit Card,,1/25/2023,Salad,,,,Coffee
TXN_1529845,Cake,3,3,9,Credit Card,In-store,1/25/2023,Cake,,,,Cookie
TXN_4183749,Cake,4,3,12,Credit Card,Takeaway,1/25/2023,Cake,,,,Salad
TXN_9105374,Cake,4,3,12,Digital Wallet,In-store,1/25/2023,Cake,,,,Cake
TXN_7705153,Tea,1,1.5,1.5,Digital Wallet,In-store,1/25/2023,Tea,,,,Smoothie
TXN_9517548,Coffee,3,2,6,Cash,Takeaway,1/25/2023,Coffee,,,,Smoothie
TXN_4276442,Cake,4,3,12,Credit Card,In-store,1/25/2023,Cake,,,,Tea
TXN_2799785,Cake,1,3,3,Cash,,1/25/2023,Cake,,,,Cake
TXN_9743274,Tea,5,1.5,7.5,,ERROR,1/25/2023,Tea,,,,Cake
TXN_7670296,Cake,2,3,6,Cash,Takeaway,1/25/2023,Cake,,,,Smoothie
TXN_3222612,Cake,3,3,9,Cash,Takeaway,1/25/2023,Cake,,,,Cake
TXN_4694285,Tea,3,1.5,4.5,,In-store,1/25/2023,Tea,,,,Smoothie
TXN_5808749,Salad,1,5,5,Cash,Takeaway,1/25/2023,Salad,,,,Cake
TXN_9432268,Salad,4,5,20,,Takeaway,1/25/2023,Salad,,,,Salad
TXN_7108056,Cake,3,3,9,Credit Card,,1/25/2023,Cake,,,,Tea
TXN_8298711,Coffee,3,2,6,,Takeaway,1/26/2023,Coffee,,,,Smoothie
TXN_4125921,Cake,5,3,15,Credit Card,,1/26/2023,Cake,,,,Smoothie
TXN_5902629,Cookie,3,1,3,Cash,Takeaway,1/26/2023,Cookie,,,,Salad
TXN_9723120,Tea,5,1.5,7.5,Credit Card,UNKNOWN,1/26/2023,Tea,,,,Salad
TXN_5745054,Smoothie,1,4,4,Credit Card,,1/26/2023,Smoothie,,,,Cake
TXN_1145888,Coffee,4,2,8,,,1/26/2023,Coffee,,,,Smoothie
TXN_2371941,Cake,2,3,6,Cash,,1/26/2023,Cake,,,,Smoothie
TXN_7068406,Cake,2,3,6,Digital Wallet,Takeaway,1/26/2023,Cake,,,,Salad
TXN_9926931,Cookie,5,1,5,,Takeaway,1/26/2023,Cookie,,,,Cake
TXN_4992510,Cookie,4,1,4,Cash,In-store,1/26/2023,Cookie,,,,Salad
TXN_5534944,Tea,5,1.5,7.5,Credit Card,Takeaway,1/26/2023,Tea,,,,Cookie
TXN_1476711,Tea,2,1.5,3,,,1/26/2023,Tea,,,,Salad
TXN_7832527,Cake,3,3,9,Cash,In-store,1/26/2023,Cake,,,,Tea
TXN_4703100,Smoothie,1,4,4,,,1/26/2023,Smoothie,,,,Coffee
TXN_7362776,Cookie,5,1,5,,In-store,1/26/2023,Cookie,,,,Cookie
TXN_6716151,Smoothie,3,4,12,Digital Wallet,Takeaway,1/26/2023,Smoothie,,,,Cake
TXN_3251591,Smoothie,3,4,12,UNKNOWN,Takeaway,1/26/2023,Smoothie,,,,Cake
TXN_1236759,Coffee,1,2,2,Credit Card,In-store,1/26/2023,Coffee,,,,Cake
TXN_7740239,Tea,2,1.5,3,,,1/26/2023,Tea,,,,Cake
TXN_2203873,Tea,3,1.5,4.5,Digital Wallet,,1/26/2023,Tea,,,,Tea
TXN_3919995,Tea,3,1.5,4.5,Cash,Takeaway,1/26/2023,Tea,,,,Cookie
TXN_9612533,Cake,2,3,6,Digital Wallet,In-store,1/26/2023,Cake,,,,Smoothie
TXN_7936002,Salad,2,5,10,Digital Wallet,,1/26/2023,Salad,,,,Cake
TXN_3833797,Coffee,4,2,8,UNKNOWN,In-store,1/27/2023,Coffee,,,,Cake
TXN_5634135,Cookie,2,1,2,,ERROR,1/27/2023,Cookie,,,,Cake
TXN_8661288,Salad,2,5,10,Digital Wallet,Takeaway,1/27/2023,Salad,,,,Salad
TXN_8938144,Coffee,2,2,4,Credit Card,,1/27/2023,Coffee,,,,Cake
TXN_1526864,Smoothie,3,4,12,Digital Wallet,In-store,1/27/2023,Smoothie,,,,Coffee
TXN_7982985,Cookie,1,1,1,Credit Card,,1/27/2023,Cookie,,,,Smoothie
TXN_6899834,Cake,3,3,9,Credit Card,Takeaway,1/27/2023,Cake,,,,Smoothie
TXN_9354616,Tea,4,1.5,6,Digital Wallet,Takeaway,1/27/2023,Tea,,,,Cookie
TXN_2623927,Smoothie,2,4,8,UNKNOWN,,1/27/2023,Smoothie,,,,Smoothie
TXN_9069297,Cookie,4,1,4,Credit Card,In-store,1/27/2023,Cookie,,,,Cake
TXN_4600614,Smoothie,3,4,12,Digital Wallet,Takeaway,1/27/2023,Smoothie,,,,Cake
TXN_1710823,Salad,2,5,10,Credit Card,,1/27/2023,Salad,,,,Salad
TXN_4965631,Smoothie,3,4,12,Credit Card,ERROR,1/27/2023,Smoothie,,,,Coffee
TXN_3669990,Tea,2,1.5,3,Cash,Takeaway,1/27/2023,Tea,,,,Coffee
TXN_6097144,Cake,5,3,15,,Takeaway,1/27/2023,Cake,,,,Cake
TXN_9323215,Cookie,3,1,3,,,1/27/2023,Cookie,,,,Cake
TXN_6505914,Cake,3,3,9,ERROR,ERROR,1/27/2023,Cake,,,,Salad
TXN_1205773,Salad,5,5,25,Cash,,1/27/2023,Salad,,,,Cookie
TXN_2437725,Smoothie,4,4,16,Credit Card,Takeaway,1/27/2023,Smoothie,,,,Salad
TXN_7961171,Cake,3,3,9,Cash,In-store,1/27/2023,Cake,,,,Cake
TXN_2640771,Cookie,2,1,2,Digital Wallet,Takeaway,1/27/2023,Cookie,,,,Salad
TXN_7400015,Cake,4,3,12,Cash,,1/27/2023,Cake,,,,Tea
TXN_2273499,Coffee,3,2,6,Cash,Takeaway,1/27/2023,Coffee,,,,Smoothie
TXN_6087604,Smoothie,4,4,16,Digital Wallet,,1/27/2023,Smoothie,,,,Coffee
TXN_8434651,Cake,4,3,12,Digital Wallet,,1/27/2023,Cake,,,,Cake
TXN_1711872,Cake,1,3,3,,Takeaway,1/27/2023,Cake,,,,Coffee
TXN_1333682,Smoothie,1,4,4,Digital Wallet,,1/28/2023,Smoothie,,,,Coffee
TXN_6795640,Cookie,4,1,4,Digital Wallet,Takeaway,1/28/2023,Cookie,,,,Cake
TXN_3093219,Cake,5,3,15,Cash,,1/28/2023,Cake,,,,Smoothie
TXN_1521486,Salad,4,5,20,,ERROR,1/28/2023,Salad,,,,Salad
TXN_8135614,Cake,2,3,6,Digital Wallet,,1/28/2023,Cake,,,,Cake
TXN_2624121,Tea,5,1.5,7.5,Digital Wallet,In-store,1/28/2023,Tea,,,,Coffee
TXN_1512184,Coffee,3,2,6,,Takeaway,1/28/2023,Coffee,,,,Smoothie
TXN_2622670,Cake,5,3,15,Digital Wallet,UNKNOWN,1/28/2023,Cake,,,,Salad
TXN_2508266,Cookie,1,1,1,ERROR,,1/28/2023,Cookie,,,,Smoothie
TXN_1765281,Smoothie,3,4,12,Credit Card,In-store,1/28/2023,Smoothie,,,,Tea
TXN_9910573,Salad,2,5,10,,Takeaway,1/28/2023,Salad,,,,Salad
TXN_4407959,Tea,1,1.5,1.5,Digital Wallet,Takeaway,1/28/2023,Tea,,,,Tea
TXN_6188931,Cake,5,3,15,Digital Wallet,In-store,1/28/2023,Cake,,,,Cake
TXN_9287350,Smoothie,2,4,8,,In-store,1/28/2023,Smoothie,,,,Coffee
TXN_6723498,Salad,3,5,15,,Takeaway,1/28/2023,Salad,,,,Smoothie
TXN_1936644,Cake,3,3,9,Digital Wallet,ERROR,1/28/2023,Cake,,,,Tea
TXN_7603948,Cake,3,3,9,Credit Card,,1/28/2023,Cake,,,,Salad
TXN_7864482,Smoothie,1,4,4,Credit Card,Takeaway,1/28/2023,Smoothie,,,,Smoothie
TXN_7880000,Salad,3,5,15,Credit Card,In-store,1/28/2023,Salad,,,,Tea
TXN_1311519,Smoothie,5,4,20,Cash,,1/28/2023,Smoothie,,,,Cookie
TXN_2838588,Coffee,2,2,4,,In-store,1/28/2023,Coffee,,,,Smoothie
TXN_8952145,Cake,3,3,9,Credit Card,Takeaway,1/28/2023,Cake,,,,Smoothie
TXN_9858152,Smoothie,2,4,8,Digital Wallet,In-store,1/28/2023,Smoothie,,,,Tea
TXN_7467621,Salad,4,5,20,Credit Card,Takeaway,1/28/2023,Salad,,,,Cookie
TXN_2404800,Smoothie,5,4,20,Cash,In-store,1/28/2023,Smoothie,,,,Tea
TXN_5993677,Cake,4,3,12,,Takeaway,1/28/2023,Cake,,,,Coffee
TXN_8627017,Tea,4,1.5,6,Cash,In-store,1/28/2023,Tea,,,,Smoothie
TXN_9407169,Smoothie,1,4,4,Digital Wallet,,1/28/2023,Smoothie,,,,Coffee
TXN_5969754,Tea,4,1.5,6,,Takeaway,1/29/2023,Tea,,,,Smoothie
TXN_8817239,Smoothie,5,4,20,Cash,In-store,1/29/2023,Smoothie,,,,Coffee
TXN_2461238,Coffee,1,2,2,,Takeaway,1/29/2023,Coffee,,,,Cookie
TXN_6258276,Smoothie,5,4,20,Credit Card,UNKNOWN,1/29/2023,Smoothie,,,,Salad
TXN_6541659,Smoothie,3,4,12,,Takeaway,1/29/2023,Smoothie,,,,Coffee
TXN_1221777,Coffee,3,2,6,ERROR,In-store,1/29/2023,Coffee,,,,Tea
TXN_4107857,Tea,1,1.5,1.5,Credit Card,Takeaway,1/29/2023,Tea,,,,Smoothie
TXN_7157169,Smoothie,3,4,12,,,1/29/2023,Smoothie,,,,Smoothie
TXN_5696844,Cookie,2,1,2,,In-store,1/29/2023,Cookie,,,,Coffee
TXN_5173881,Cookie,3,1,3,Cash,Takeaway,1/29/2023,Cookie,,,,Coffee
TXN_8628848,Cake,1,3,3,Credit Card,In-store,1/29/2023,Cake,,,,Salad
TXN_3834078,Cake,1,3,3,,In-store,1/29/2023,Cake,,,,Cake
TXN_9523335,Cookie,4,1,4,Credit Card,ERROR,1/29/2023,Cookie,,,,Cake
TXN_3639760,Cake,5,3,15,Credit Card,Takeaway,1/29/2023,Cake,,,,Cake
TXN_3451212,Cake,3,3,9,ERROR,,1/29/2023,Cake,,,,Smoothie
TXN_2449402,Smoothie,5,4,20,Cash,,1/29/2023,Smoothie,,,,Cookie
TXN_2345326,Cookie,3,1,3,Digital Wallet,Takeaway,1/29/2023,Cookie,,,,Salad
TXN_7278328,Smoothie,1,4,4,Credit Card,ERROR,1/29/2023,Smoothie,,,,Tea
TXN_2897794,Cookie,4,1,4,Credit Card,Takeaway,1/29/2023,Cookie,,,,Smoothie
TXN_2929426,Salad,5,5,25,Cash,Takeaway,1/29/2023,Salad,,,,Tea
TXN_8103754,Salad,5,5,25,Cash,Takeaway,1/29/2023,Salad,,,,Coffee
TXN_8831659,Smoothie,1,4,4,Credit Card,,1/29/2023,Smoothie,,,,Coffee
TXN_2747156,Cookie,1,1,1,,In-store,1/29/2023,Cookie,,,,Cake
TXN_3549667,Smoothie,3,4,12,Digital Wallet,Takeaway,1/29/2023,Smoothie,,,,Smoothie
TXN_6430534,Tea,5,1.5,7.5,Cash,Takeaway,1/29/2023,Tea,,,,Coffee
TXN_9119194,Cake,3,3,9,Cash,Takeaway,1/29/2023,Cake,,,,Cake
TXN_4623303,Smoothie,3,4,12,,In-store,1/29/2023,Smoothie,,,,Smoothie
TXN_9921277,Cake,1,3,3,,Takeaway,1/29/2023,Cake,,,,Salad
TXN_8134280,Cookie,1,1,1,Digital Wallet,Takeaway,1/29/2023,Cookie,,,,Tea
TXN_6992783,Tea,1,1.5,1.5,Digital Wallet,Takeaway,1/29/2023,Tea,,,,Tea
TXN_6650875,Cookie,5,1,5,Credit Card,Takeaway,1/29/2023,Cookie,,,,Smoothie
TXN_2954833,Coffee,1,2,2,,,1/29/2023,Coffee,,,,Cake
TXN_8209125,Cookie,3,1,3,Credit Card,Takeaway,1/30/2023,Cookie,,,,Tea
TXN_7578769,Smoothie,5,4,20,Digital Wallet,Takeaway,1/30/2023,Smoothie,,,,Tea
TXN_7806146,Cake,3,3,9,Digital Wallet,In-store,1/30/2023,Cake,,,,Salad
TXN_5648512,Cake,4,3,12,,Takeaway,1/30/2023,Cake,,,,Cookie
TXN_6177865,Cake,5,3,15,Digital Wallet,ERROR,1/30/2023,Cake,,,,Tea
TXN_9967728,Coffee,4,2,8,,,1/30/2023,Coffee,,,,Salad
TXN_7125945,Cake,3,3,9,Credit Card,In-store,1/30/2023,Cake,,,,Tea
TXN_8900751,Smoothie,1,4,4,UNKNOWN,Takeaway,1/30/2023,Smoothie,,,,Coffee
TXN_6259001,Tea,4,1.5,6,Digital Wallet,In-store,1/30/2023,Tea,,,,Salad
TXN_1212652,Cake,3,3,9,Credit Card,UNKNOWN,1/30/2023,Cake,,,,Cake
TXN_1135761,Cake,3,3,9,Digital Wallet,,1/30/2023,Cake,,,,Smoothie
TXN_8444245,Cake,1,3,3,Cash,,1/30/2023,Cake,,,,Tea
TXN_4869107,Smoothie,3,4,12,Digital Wallet,In-store,1/30/2023,Smoothie,,,,Coffee
TXN_5222110,Coffee,2,2,4,,,1/30/2023,Coffee,,,,Cookie
TXN_2989533,Salad,5,5,25,,Takeaway,1/30/2023,Salad,,,,Cake
TXN_9134335,Cake,3,3,9,Digital Wallet,Takeaway,1/30/2023,Cake,,,,Salad
TXN_6636395,Cake,4,3,12,Cash,In-store,1/30/2023,Cake,,,,Cake
TXN_6775024,Coffee,2,2,4,Cash,In-store,1/30/2023,Coffee,,,,Salad
TXN_6507690,Cake,1,3,3,Digital Wallet,In-store,1/30/2023,Cake,,,,Smoothie
TXN_5220523,Cake,3,3,9,Cash,Takeaway,1/30/2023,Cake,,,,Cake
TXN_5145906,Tea,4,1.5,6,,,1/30/2023,Tea,,,,Cookie
TXN_2561071,Cake,5,3,15,,In-store,1/30/2023,Cake,,,,Cake
TXN_4142781,Smoothie,5,4,20,Digital Wallet,Takeaway,1/30/2023,Smoothie,,,,Smoothie
TXN_4234636,Smoothie,1,4,4,Credit Card,In-store,1/30/2023,Smoothie,,,,Cake
TXN_1534223,Cake,3,3,9,Credit Card,,1/30/2023,Cake,,,,Cookie
TXN_3305132,Cake,4,3,12,Credit Card,Takeaway,1/30/2023,Cake,,,,Salad
TXN_3456748,Cake,2,3,6,Cash,In-store,1/30/2023,Cake,,,,Smoothie
TXN_3910293,Cake,4,3,12,Cash,In-store,1/30/2023,Cake,,,,Tea
TXN_4727260,Tea,2,1.5,3,,,1/30/2023,Tea,,,,Cake
TXN_7965585,Smoothie,5,4,20,,Takeaway,1/30/2023,Smoothie,,,,Cookie
TXN_7002929,Cookie,1,1,1,,In-store,1/30/2023,Cookie,,,,Smoothie
TXN_3726397,Salad,5,5,25,,Takeaway,1/30/2023,Salad,,,,Cookie
TXN_4006067,Cake,4,3,12,Cash,Takeaway,1/30/2023,Cake,,,,Smoothie
TXN_4726376,Cake,2,3,6,Credit Card,In-store,1/31/2023,Cake,,,,Cookie
TXN_2078577,Tea,4,1.5,6,Credit Card,,1/31/2023,Tea,,,,Cake
TXN_4187420,Cake,3,3,9,Digital Wallet,In-store,1/31/2023,Cake,,,,Smoothie
TXN_5906520,Salad,2,5,10,ERROR,,1/31/2023,Salad,,,,Coffee
TXN_7251929,Salad,2,5,10,Digital Wallet,In-store,1/31/2023,Salad,,,,Smoothie
TXN_6234070,Smoothie,2,4,8,Credit Card,Takeaway,1/31/2023,Smoothie,,,,Smoothie
TXN_2859077,Smoothie,3,4,12,Digital Wallet,Takeaway,1/31/2023,Smoothie,,,,Salad
TXN_4448424,Salad,4,5,20,Digital Wallet,,1/31/2023,Salad,,,,Cake
TXN_6266147,Cake,3,3,9,Credit Card,In-store,1/31/2023,Cake,,,,Cake
TXN_5551020,Smoothie,2,4,8,Credit Card,,1/31/2023,Smoothie,,,,Coffee
TXN_7919609,Smoothie,3,4,12,,In-store,1/31/2023,Smoothie,,,,Smoothie
TXN_8872997,Smoothie,4,4,16,Credit Card,In-store,1/31/2023,Smoothie,,,,Cookie
TXN_3349404,Coffee,3,2,6,Digital Wallet,UNKNOWN,1/31/2023,Coffee,,,,Cake
TXN_8187087,Coffee,3,2,6,Digital Wallet,Takeaway,1/31/2023,Coffee,,,,Smoothie
TXN_1900906,Coffee,5,2,10,Cash,,1/31/2023,Coffee,,,,Cookie
TXN_4158904,Cake,2,3,6,Digital Wallet,In-store,1/31/2023,Cake,,,,Coffee
TXN_2165745,Coffee,4,2,8,Credit Card,In-store,1/31/2023,Coffee,,,,Smoothie
TXN_4350854,Cookie,2,1,2,Cash,In-store,1/31/2023,Cookie,,,,Tea
TXN_4602430,Smoothie,3,4,12,Credit Card,In-store,1/31/2023,Smoothie,,,,Tea
TXN_3630892,Cookie,4,1,4,,Takeaway,1/31/2023,Cookie,,,,Salad
TXN_2334962,Cake,5,3,15,,,1/31/2023,Cake,,,,Coffee
TXN_8759461,Tea,2,1.5,3,Cash,In-store,1/31/2023,Tea,,,,Tea
TXN_5875201,Smoothie,1,4,4,,In-store,1/31/2023,Smoothie,,,,Smoothie
TXN_7844770,Cake,2,3,6,Digital Wallet,,1/31/2023,Cake,,,,Cake
TXN_1926712,Coffee,5,2,10,Credit Card,,1/31/2023,Coffee,,,,Tea
TXN_3418612,Tea,3,1.5,4.5,Digital Wallet,,1/31/2023,Tea,,,,Smoothie
TXN_5499915,Cookie,2,1,2,Digital Wallet,Takeaway,2/1/2023,Cookie,,,,Cookie
TXN_2132186,Salad,1,5,5,Credit Card,,2/1/2023,Salad,,,,Cookie
TXN_8465274,Cake,3,3,9,Digital Wallet,Takeaway,2/1/2023,Cake,,,,Coffee
TXN_5226635,Cookie,4,1,4,Credit Card,Takeaway,2/1/2023,Cookie,,,,Cake
TXN_4567455,Coffee,3,2,6,,In-store,2/1/2023,Coffee,,,,Cake
TXN_2252121,Smoothie,3,4,12,ERROR,ERROR,2/1/2023,Smoothie,,,,Coffee
TXN_4851339,Smoothie,1,4,4,Digital Wallet,Takeaway,2/1/2023,Smoothie,,,,Salad
TXN_1724233,Cookie,5,1,5,Digital Wallet,Takeaway,2/1/2023,Cookie,,,,Smoothie
TXN_1564506,Smoothie,5,4,20,Digital Wallet,In-store,2/1/2023,Smoothie,,,,Smoothie
TXN_2035838,Cake,5,3,15,Digital Wallet,Takeaway,2/1/2023,Cake,,,,Smoothie
TXN_6063689,Cookie,3,1,3,Cash,In-store,2/1/2023,Cookie,,,,Cookie
TXN_1586452,Salad,2,5,10,Cash,In-store,2/1/2023,Salad,,,,Smoothie
TXN_4019040,Tea,1,1.5,1.5,Cash,In-store,2/1/2023,Tea,,,,Tea
TXN_1940778,Tea,2,1.5,3,Cash,In-store,2/1/2023,Tea,,,,Cake
TXN_1873800,Smoothie,3,4,12,,In-store,2/1/2023,Smoothie,,,,Tea
TXN_9863114,Cake,5,3,15,,Takeaway,2/1/2023,Cake,,,,Cake
TXN_3402368,Tea,2,1.5,3,,In-store,2/1/2023,Tea,,,,Smoothie
TXN_6867132,Cake,2,3,6,Cash,In-store,2/1/2023,Cake,,,,Cake
TXN_3373997,Salad,4,5,20,,,2/1/2023,Salad,,,,Cookie
TXN_2417271,Tea,4,1.5,6,Credit Card,Takeaway,2/1/2023,Tea,,,,Coffee
TXN_8621278,Salad,2,5,10,Cash,Takeaway,2/1/2023,Salad,,,,Cake
TXN_2729959,Smoothie,4,4,16,Digital Wallet,In-store,2/1/2023,Smoothie,,,,Cake
TXN_6957157,Cake,1,3,3,,,2/1/2023,Cake,,,,Smoothie
TXN_3269434,Cake,1,3,3,Cash,,2/1/2023,Cake,,,,Smoothie
TXN_2862856,Cake,5,3,15,,Takeaway,2/1/2023,Cake,,,,Cake
TXN_3390610,Smoothie,2,4,8,,,2/1/2023,Smoothie,,,,Salad
TXN_2633602,Cake,2,3,6,Digital Wallet,In-store,2/2/2023,Cake,,,,Cake
TXN_7353972,Cake,4,3,12,Cash,In-store,2/2/2023,Cake,,,,Salad
TXN_6571898,Cake,3,3,9,Digital Wallet,Takeaway,2/2/2023,Cake,,,,Cookie
TXN_4840295,Smoothie,4,4,16,Digital Wallet,Takeaway,2/2/2023,Smoothie,,,,Salad
TXN_3589166,Tea,1,1.5,1.5,,,2/2/2023,Tea,,,,Salad
TXN_6553720,Coffee,4,2,8,,In-store,2/2/2023,Coffee,,,,Tea
TXN_2477550,Smoothie,2,4,8,Cash,Takeaway,2/2/2023,Smoothie,,,,Cake
TXN_3660999,Cake,3,3,9,Digital Wallet,,2/2/2023,Cake,,,,Salad
TXN_7282082,Smoothie,4,4,16,,In-store,2/2/2023,Smoothie,,,,Salad
TXN_5880883,Smoothie,5,4,20,Digital Wallet,In-store,2/2/2023,Smoothie,,,,Cake
TXN_5849947,Smoothie,5,4,20,Cash,ERROR,2/2/2023,Smoothie,,,,Cake
TXN_2710603,Smoothie,5,4,20,,Takeaway,2/2/2023,Smoothie,,,,Cake
TXN_3534536,Coffee,1,2,2,Credit Card,,2/2/2023,Coffee,,,,Tea
TXN_5409141,Coffee,5,2,10,Cash,Takeaway,2/2/2023,Coffee,,,,Coffee
TXN_1897783,Smoothie,3,4,12,Cash,,2/2/2023,Smoothie,,,,Cake
TXN_6733436,Cake,2,3,6,Credit Card,Takeaway,2/2/2023,Cake,,,,Smoothie
TXN_6873127,Cookie,1,1,1,UNKNOWN,In-store,2/2/2023,Cookie,,,,Coffee
TXN_7554731,Cake,1,3,3,Credit Card,In-store,2/2/2023,Cake,,,,Tea
TXN_8467229,Tea,3,1.5,4.5,,Takeaway,2/2/2023,Tea,,,,Coffee
TXN_3809533,Cake,2,3,6,Digital Wallet,Takeaway,2/2/2023,Cake,,,,Cake
TXN_3398520,Smoothie,1,4,4,,In-store,2/3/2023,Smoothie,,,,Cake
TXN_9991225,Cake,5,3,15,Credit Card,Takeaway,2/3/2023,Cake,,,,Cake
TXN_5085328,Coffee,4,2,8,Digital Wallet,Takeaway,2/3/2023,Coffee,,,,Smoothie
TXN_9981953,Smoothie,3,4,12,,,2/3/2023,Smoothie,,,,Cookie
TXN_8167808,Cake,3,3,9,Cash,In-store,2/3/2023,Cake,,,,Cake
TXN_9070074,Coffee,5,2,10,Digital Wallet,,2/3/2023,Coffee,,,,Cookie
TXN_9945729,Salad,2,5,10,Digital Wallet,,2/3/2023,Salad,,,,Tea
TXN_2771482,Salad,4,5,20,Credit Card,,2/3/2023,Salad,,,,Cake
TXN_8377178,Coffee,5,2,10,,,2/3/2023,Coffee,,,,Tea
TXN_8815623,Coffee,2,2,4,Digital Wallet,In-store,2/3/2023,Coffee,,,,Salad
TXN_3587444,Cake,2,3,6,Credit Card,,2/3/2023,Cake,,,,Cookie
TXN_8367716,Tea,2,1.5,3,Credit Card,Takeaway,2/3/2023,Tea,,,,Coffee
TXN_3478169,Cake,2,3,6,Cash,In-store,2/3/2023,Cake,,,,Tea
TXN_3135048,Salad,1,5,5,Credit Card,Takeaway,2/3/2023,Salad,,,,Smoothie
TXN_3282601,Cake,2,3,6,Digital Wallet,In-store,2/3/2023,Cake,,,,Smoothie
TXN_2176024,Coffee,5,2,10,Digital Wallet,In-store,2/3/2023,Coffee,,,,Cake
TXN_6200423,Cookie,1,1,1,,In-store,2/3/2023,Cookie,,,,Cake
TXN_1328230,Smoothie,5,4,20,Cash,,2/3/2023,Smoothie,,,,Cake
TXN_6492477,Coffee,5,2,10,,ERROR,2/3/2023,Coffee,,,,Smoothie
TXN_7755216,Salad,5,5,25,,In-store,2/3/2023,Salad,,,,Salad
TXN_4331281,Cake,3,3,9,Digital Wallet,Takeaway,2/3/2023,Cake,,,,Salad
TXN_1982031,Cookie,4,1,4,Cash,Takeaway,2/3/2023,Cookie,,,,Cake
TXN_2019258,Cake,4,3,12,Credit Card,,2/3/2023,Cake,,,,Smoothie
TXN_4682737,Coffee,2,2,4,Cash,Takeaway,2/3/2023,Coffee,,,,Smoothie
TXN_4801327,Cake,5,3,15,Cash,In-store,2/3/2023,Cake,,,,Coffee
TXN_3595118,Cake,2,3,6,Cash,In-store,2/3/2023,Cake,,,,Salad
TXN_4239859,Cake,1,3,3,,ERROR,2/3/2023,Cake,,,,Smoothie
TXN_4088917,Coffee,3,2,6,Cash,Takeaway,2/4/2023,Coffee,,,,Tea
TXN_2156206,Smoothie,2,4,8,,,2/4/2023,Smoothie,,,,Tea
TXN_4033888,Smoothie,2,4,8,Cash,In-store,2/4/2023,Smoothie,,,,Smoothie
TXN_2400518,Cake,3,3,9,Credit Card,,2/4/2023,Cake,,,,Cake
TXN_3562350,Coffee,2,2,4,ERROR,,2/4/2023,Coffee,,,,Cake
TXN_3670298,Cookie,4,1,4,Credit Card,Takeaway,2/4/2023,Cookie,,,,Salad
TXN_4428448,Cookie,4,1,4,,,2/4/2023,Cookie,,,,Cake
TXN_3147198,Smoothie,2,4,8,Digital Wallet,,2/4/2023,Smoothie,,,,Cake
TXN_8730549,Smoothie,4,4,16,,Takeaway,2/4/2023,Smoothie,,,,Cake
TXN_1632205,Cookie,4,1,4,ERROR,In-store,2/4/2023,Cookie,,,,Smoothie
TXN_3237919,Smoothie,1,4,4,,,2/4/2023,Smoothie,,,,Coffee
TXN_7738316,Cookie,4,1,4,ERROR,,2/4/2023,Cookie,,,,Smoothie
TXN_4787990,Cookie,3,1,3,Digital Wallet,,2/4/2023,Cookie,,,,Salad
TXN_8472252,Smoothie,1,4,4,,,2/4/2023,Smoothie,,,,Cake
TXN_3709117,Smoothie,5,4,20,Cash,,2/4/2023,Smoothie,,,,Smoothie
TXN_2507188,Coffee,1,2,2,Credit Card,,2/4/2023,Coffee,,,,Smoothie
TXN_4419474,Cake,2,3,6,,In-store,2/4/2023,Cake,,,,Smoothie
TXN_3522597,Tea,3,1.5,4.5,Digital Wallet,In-store,2/4/2023,Tea,,,,Salad
TXN_9531812,Smoothie,2,4,8,Digital Wallet,In-store,2/4/2023,Smoothie,,,,Coffee
TXN_7514279,Salad,1,5,5,Credit Card,In-store,2/4/2023,Salad,,,,Smoothie
TXN_9756401,Salad,3,5,15,Cash,In-store,2/4/2023,Salad,,,,Smoothie
TXN_1660104,Smoothie,2,4,8,Credit Card,Takeaway,2/4/2023,Smoothie,,,,Salad
TXN_8367194,Cake,1,3,3,Digital Wallet,Takeaway,2/4/2023,Cake,,,,Salad
TXN_5921442,Smoothie,4,4,16,Cash,Takeaway,2/4/2023,Smoothie,,,,Cookie
TXN_6120851,Salad,5,5,25,Cash,Takeaway,2/4/2023,Salad,,,,Smoothie
TXN_6691767,Salad,2,5,10,Cash,Takeaway,2/5/2023,Salad,,,,Salad
TXN_3360401,Tea,2,1.5,3,,Takeaway,2/5/2023,Tea,,,,Cookie
TXN_5055872,Smoothie,3,4,12,Credit Card,,2/5/2023,Smoothie,,,,Cake
TXN_3432879,Cake,5,3,15,Credit Card,,2/5/2023,Cake,,,,Cake
TXN_5117595,Smoothie,4,4,16,Cash,In-store,2/5/2023,Smoothie,,,,Tea
TXN_5171332,Tea,5,1.5,7.5,Cash,Takeaway,2/5/2023,Tea,,,,Tea
TXN_6837601,Salad,1,5,5,Digital Wallet,Takeaway,2/5/2023,Salad,,,,Cookie
TXN_1633563,Smoothie,4,4,16,Digital Wallet,In-store,2/5/2023,Smoothie,,,,Cake
TXN_4786680,Smoothie,3,4,12,UNKNOWN,In-store,2/5/2023,Smoothie,,,,Tea
TXN_6519486,Cake,5,3,15,,,2/5/2023,Cake,,,,Smoothie
TXN_6575440,Tea,1,1.5,1.5,Cash,,2/5/2023,Tea,,,,Cookie
TXN_5364052,Smoothie,2,4,8,Credit Card,,2/5/2023,Smoothie,,,,Coffee
TXN_5216430,Cookie,3,1,3,,UNKNOWN,2/5/2023,Cookie,,,,Cake
TXN_4832452,Tea,5,1.5,7.5,Cash,,2/5/2023,Tea,,,,Coffee
TXN_4197851,Salad,3,5,15,Digital Wallet,In-store,2/5/2023,Salad,,,,Cake
TXN_6919325,Cake,3,3,9,Cash,UNKNOWN,2/5/2023,Cake,,,,Smoothie
TXN_6069730,Cake,1,3,3,Cash,In-store,2/5/2023,Cake,,,,Cookie
TXN_8567172,Coffee,3,2,6,,In-store,2/5/2023,Coffee,,,,Coffee
TXN_7223850,Salad,2,5,10,Credit Card,,2/5/2023,Salad,,,,Smoothie
TXN_9745609,Salad,3,5,15,,,2/5/2023,Salad,,,,Coffee
TXN_6544160,Salad,1,5,5,UNKNOWN,ERROR,2/5/2023,Salad,,,,Smoothie
TXN_8740501,Salad,5,5,25,,,2/5/2023,Salad,,,,Coffee
TXN_3125699,Cake,1,3,3,Credit Card,Takeaway,2/5/2023,Cake,,,,Cake
TXN_9071439,Cake,3,3,9,Credit Card,,2/5/2023,Cake,,,,Smoothie
TXN_1949093,Smoothie,2,4,8,Cash,,2/5/2023,Smoothie,,,,Cake
TXN_4633784,Cake,5,3,15,,In-store,2/6/2023,Cake,,,,Smoothie
TXN_5916991,Cake,2,3,6,Digital Wallet,Takeaway,2/6/2023,Cake,,,,Smoothie
TXN_8365478,Smoothie,3,4,12,Cash,Takeaway,2/6/2023,Smoothie,,,,Cookie
TXN_3390285,Tea,2,1.5,3,,Takeaway,2/6/2023,Tea,,,,Tea
TXN_2155368,Cookie,2,1,2,Digital Wallet,Takeaway,2/6/2023,Cookie,,,,Cake
TXN_5050993,Cookie,4,1,4,,ERROR,2/6/2023,Cookie,,,,Tea
TXN_2749266,Smoothie,3,4,12,,Takeaway,2/6/2023,Smoothie,,,,Tea
TXN_2815691,Cake,5,3,15,Digital Wallet,ERROR,2/6/2023,Cake,,,,Coffee
TXN_3365018,Cake,5,3,15,Cash,Takeaway,2/6/2023,Cake,,,,Smoothie
TXN_1379209,Tea,5,1.5,7.5,,In-store,2/6/2023,Tea,,,,Salad
TXN_1056277,Cookie,5,1,5,,,2/6/2023,Cookie,,,,Salad
TXN_1349215,Smoothie,1,4,4,Digital Wallet,,2/6/2023,Smoothie,,,,Salad
TXN_1181626,Cookie,4,1,4,,Takeaway,2/6/2023,Cookie,,,,Cake
TXN_8192063,Cake,4,3,12,Cash,,2/6/2023,Cake,,,,Tea
TXN_9489442,Coffee,3,2,6,Credit Card,Takeaway,2/6/2023,Coffee,,,,Tea
TXN_9097840,Tea,3,1.5,4.5,Credit Card,,2/6/2023,Tea,,,,Cookie
TXN_6602557,Cake,4,3,12,Cash,Takeaway,2/6/2023,Cake,,,,Smoothie
TXN_1171281,Coffee,2,2,4,Digital Wallet,,2/6/2023,Coffee,,,,Smoothie
TXN_8549381,Smoothie,5,4,20,Digital Wallet,,2/6/2023,Smoothie,,,,Cake
TXN_9550629,Smoothie,1,4,4,,In-store,2/6/2023,Smoothie,,,,Smoothie
TXN_7401217,Salad,4,5,20,,,2/6/2023,Salad,,,,Smoothie
TXN_6055570,Tea,3,1.5,4.5,Cash,,2/6/2023,Tea,,,,Cake
TXN_6451043,Cookie,2,1,2,,In-store,2/6/2023,Cookie,,,,Tea
TXN_8494571,Cookie,5,1,5,,,2/6/2023,Cookie,,,,Salad
TXN_4439660,Coffee,3,2,6,,,2/6/2023,Coffee,,,,Cake
TXN_9675838,Cake,2,3,6,Digital Wallet,,2/6/2023,Cake,,,,Cookie
TXN_7777864,Cookie,3,1,3,,In-store,2/6/2023,Cookie,,,,Smoothie
TXN_4921865,Tea,2,1.5,3,Digital Wallet,In-store,2/6/2023,Tea,,,,Cake
TXN_4006771,Cookie,3,1,3,Credit Card,UNKNOWN,2/6/2023,Cookie,,,,Smoothie
TXN_3171150,Cake,1,3,3,Digital Wallet,,2/6/2023,Cake,,,,Tea
TXN_1556480,Tea,5,1.5,7.5,,,2/6/2023,Tea,,,,Salad
TXN_5315818,Salad,1,5,5,Digital Wallet,,2/6/2023,Salad,,,,Coffee
TXN_6005707,Cake,4,3,12,Cash,UNKNOWN,2/6/2023,Cake,,,,Smoothie
TXN_4352950,Coffee,1,2,2,Digital Wallet,,2/6/2023,Coffee,,,,Cake
TXN_6769554,Coffee,5,2,10,Credit Card,Takeaway,2/6/2023,Coffee,,,,Coffee
TXN_2515796,Tea,3,1.5,4.5,Credit Card,Takeaway,2/6/2023,Tea,,,,Salad
TXN_5188843,Smoothie,2,4,8,Cash,In-store,2/6/2023,Smoothie,,,,Cookie
TXN_4738349,Smoothie,2,4,8,Digital Wallet,,2/6/2023,Smoothie,,,,Smoothie
TXN_2875074,Cake,4,3,12,Credit Card,Takeaway,2/6/2023,Cake,,,,Coffee
TXN_6428404,Salad,2,5,10,Digital Wallet,In-store,2/6/2023,Salad,,,,Smoothie
TXN_9410981,Cookie,2,1,2,,Takeaway,2/7/2023,Cookie,,,,Tea
TXN_6287890,Tea,5,1.5,7.5,Credit Card,Takeaway,2/7/2023,Tea,,,,Cake
TXN_8999006,Smoothie,1,4,4,Cash,,2/7/2023,Smoothie,,,,Salad
TXN_3060152,Cake,5,3,15,Digital Wallet,,2/7/2023,Cake,,,,Cake
TXN_7043825,Cake,2,3,6,Cash,Takeaway,2/7/2023,Cake,,,,Tea
TXN_7644000,Cake,2,3,6,,Takeaway,2/7/2023,Cake,,,,Smoothie
TXN_1487762,Tea,3,1.5,4.5,,,2/7/2023,Tea,,,,Smoothie
TXN_6228999,Cookie,5,1,5,,,2/7/2023,Cookie,,,,Salad
TXN_2401829,Smoothie,5,4,20,Digital Wallet,Takeaway,2/7/2023,Smoothie,,,,Cake
TXN_6854151,Smoothie,3,4,12,Credit Card,In-store,2/7/2023,Smoothie,,,,Salad
TXN_2482242,Cookie,4,1,4,,,2/7/2023,Cookie,,,,Cake
TXN_7860054,Tea,5,1.5,7.5,Credit Card,In-store,2/7/2023,Tea,,,,Coffee
TXN_1927431,Cookie,1,1,1,Credit Card,In-store,2/7/2023,Cookie,,,,Cookie
TXN_3369191,Cookie,5,1,5,Cash,Takeaway,2/7/2023,Cookie,,,,Cake
TXN_4569599,Tea,2,1.5,3,Cash,,2/7/2023,Tea,,,,Coffee
TXN_5070577,Cookie,4,1,4,Credit Card,Takeaway,2/7/2023,Cookie,,,,Cake
TXN_8724711,Salad,3,5,15,Cash,In-store,2/7/2023,Salad,,,,Cake
TXN_4209377,Salad,2,5,10,,,2/7/2023,Salad,,,,Coffee
TXN_8588174,Salad,3,5,15,,In-store,2/7/2023,Salad,,,,Salad
TXN_6076602,Tea,4,1.5,6,Credit Card,In-store,2/7/2023,Tea,,,,Tea
TXN_5256055,Salad,5,5,25,Credit Card,Takeaway,2/7/2023,Salad,,,,Tea
TXN_6218380,Cookie,4,1,4,Cash,In-store,2/7/2023,Cookie,,,,Cookie
TXN_4962147,Cake,2,3,6,,,2/7/2023,Cake,,,,Coffee
TXN_2312908,Coffee,3,2,6,Cash,In-store,2/7/2023,Coffee,,,,Smoothie
TXN_8973007,Coffee,5,2,10,,Takeaway,2/7/2023,Coffee,,,,Tea
TXN_1766527,Salad,4,5,20,Digital Wallet,,2/7/2023,Salad,,,,Smoothie
TXN_4387523,Cake,3,3,9,,,2/7/2023,Cake,,,,Tea
TXN_5777164,Smoothie,1,4,4,Credit Card,Takeaway,2/7/2023,Smoothie,,,,Salad
TXN_3851928,Cake,3,3,9,Credit Card,In-store,2/7/2023,Cake,,,,Smoothie
TXN_4518102,Tea,5,1.5,7.5,Credit Card,In-store,2/8/2023,Tea,,,,Coffee
TXN_2392263,Salad,5,5,25,,Takeaway,2/8/2023,Salad,,,,Salad
TXN_7596587,Tea,3,1.5,4.5,Credit Card,,2/8/2023,Tea,,,,Smoothie
TXN_1079239,Smoothie,1,4,4,,Takeaway,2/8/2023,Smoothie,,,,Smoothie
TXN_8296518,Smoothie,2,4,8,Credit Card,In-store,2/8/2023,Smoothie,,,,Smoothie
TXN_9036453,Smoothie,1,4,4,Digital Wallet,Takeaway,2/8/2023,Smoothie,,,,Cake
TXN_8647575,Tea,2,1.5,3,Cash,,2/8/2023,Tea,,,,Cake
TXN_8161873,Tea,1,1.5,1.5,Digital Wallet,,2/8/2023,Tea,,,,Coffee
TXN_2166064,Coffee,4,2,8,,In-store,2/8/2023,Coffee,,,,Smoothie
TXN_2946829,Cookie,2,1,2,Digital Wallet,Takeaway,2/8/2023,Cookie,,,,Smoothie
TXN_4486700,Cake,2,3,6,Digital Wallet,Takeaway,2/8/2023,Cake,,,,Coffee
TXN_8245906,Cake,1,3,3,Digital Wallet,,2/8/2023,Cake,,,,Tea
TXN_6651961,Salad,4,5,20,Credit Card,In-store,2/8/2023,Salad,,,,Smoothie
TXN_7905741,Cookie,5,1,5,Credit Card,,2/8/2023,Cookie,,,,Cake
TXN_1011236,Cake,1,3,3,Cash,In-store,2/8/2023,Cake,,,,Salad
TXN_6710660,Salad,2,5,10,Cash,In-store,2/8/2023,Salad,,,,Cake
TXN_4141868,Tea,3,1.5,4.5,Credit Card,,2/8/2023,Tea,,,,Cake
TXN_8385321,Smoothie,2,4,8,Credit Card,Takeaway,2/8/2023,Smoothie,,,,Salad
TXN_7123353,Cookie,4,1,4,ERROR,In-store,2/8/2023,Cookie,,,,Tea
TXN_6595038,Cookie,2,1,2,,,2/8/2023,Cookie,,,,Smoothie
TXN_8644398,Smoothie,4,4,16,,Takeaway,2/8/2023,Smoothie,,,,Tea
TXN_9176288,Tea,2,1.5,3,Digital Wallet,In-store,2/8/2023,Tea,,,,Cookie
TXN_1435086,Cake,5,3,15,,ERROR,2/9/2023,Cake,,,,Cake
TXN_9228978,Coffee,5,2,10,Digital Wallet,In-store,2/9/2023,Coffee,,,,Cookie
TXN_9155299,Cake,3,3,9,,Takeaway,2/9/2023,Cake,,,,Cake
TXN_1681153,Cake,3,3,9,Cash,Takeaway,2/9/2023,Cake,,,,Cake
TXN_7290923,Salad,3,5,15,UNKNOWN,,2/9/2023,Salad,,,,Cake
TXN_9402270,Coffee,3,2,6,,In-store,2/9/2023,Coffee,,,,Cake
TXN_7876775,Coffee,5,2,10,,Takeaway,2/9/2023,Coffee,,,,Smoothie
TXN_5534515,Smoothie,1,4,4,Credit Card,Takeaway,2/9/2023,Smoothie,,,,Cake
TXN_7842557,Tea,4,1.5,6,,In-store,2/9/2023,Tea,,,,Salad
TXN_4159135,Coffee,3,2,6,,Takeaway,2/9/2023,Coffee,,,,Smoothie
TXN_5673476,Smoothie,4,4,16,Cash,Takeaway,2/9/2023,Smoothie,,,,Cake
TXN_1170198,Tea,4,1.5,6,Credit Card,In-store,2/9/2023,Tea,,,,Salad
TXN_2930963,Smoothie,2,4,8,Digital Wallet,In-store,2/9/2023,Smoothie,,,,Smoothie
TXN_8437157,Smoothie,4,4,16,Credit Card,,2/9/2023,Smoothie,,,,Salad
TXN_6568254,Salad,2,5,10,Credit Card,In-store,2/9/2023,Salad,,,,Smoothie
TXN_6323915,Tea,3,1.5,4.5,Credit Card,In-store,2/9/2023,Tea,,,,Salad
TXN_9244886,Coffee,1,2,2,,Takeaway,2/9/2023,Coffee,,,,Salad
TXN_1099119,Smoothie,4,4,16,Cash,,2/9/2023,Smoothie,,,,Smoothie
TXN_2168513,Cake,1,3,3,Digital Wallet,In-store,2/9/2023,Cake,,,,Smoothie
TXN_2638760,Cake,5,3,15,Cash,,2/9/2023,Cake,,,,Cake
TXN_2625388,Coffee,5,2,10,Digital Wallet,In-store,2/9/2023,Coffee,,,,Cookie
TXN_6508674,Cake,2,3,6,,Takeaway,2/9/2023,Cake,,,,Tea
TXN_3894660,Cake,2,3,6,,,2/9/2023,Cake,,,,Salad
TXN_1123138,Salad,1,5,5,Cash,In-store,2/10/2023,Salad,,,,Smoothie
TXN_1460963,Coffee,3,2,6,Cash,In-store,2/10/2023,Coffee,,,,Cake
TXN_3794585,Smoothie,1,4,4,Credit Card,In-store,2/10/2023,Smoothie,,,,Cake
TXN_9725369,Coffee,3,2,6,,Takeaway,2/10/2023,Coffee,,,,Smoothie
TXN_4432823,Smoothie,5,4,20,,In-store,2/10/2023,Smoothie,,,,Salad
TXN_8512466,Cake,5,3,15,,,2/10/2023,Cake,,,,Cake
TXN_5113993,Coffee,1,2,2,Credit Card,Takeaway,2/10/2023,Coffee,,,,Cookie
TXN_4638629,Smoothie,4,4,16,Credit Card,,2/10/2023,Smoothie,,,,Cake
TXN_6471268,Smoothie,5,4,20,Digital Wallet,,2/10/2023,Smoothie,,,,Tea
TXN_5413274,Smoothie,5,4,20,Credit Card,In-store,2/10/2023,Smoothie,,,,Smoothie
TXN_4630854,Tea,1,1.5,1.5,Digital Wallet,,2/10/2023,Tea,,,,Tea
TXN_1617476,Cake,2,3,6,Digital Wallet,In-store,2/10/2023,Cake,,,,Coffee
TXN_9352671,Smoothie,2,4,8,Cash,Takeaway,2/10/2023,Smoothie,,,,Cake
TXN_8964493,Smoothie,1,4,4,Cash,,2/10/2023,Smoothie,,,,Coffee
TXN_1715317,Cake,5,3,15,Digital Wallet,In-store,2/10/2023,Cake,,,,Cake
TXN_3197621,Smoothie,5,4,20,,In-store,2/10/2023,Smoothie,,,,Salad
TXN_3389521,Salad,5,5,25,Digital Wallet,,2/10/2023,Salad,,,,Tea
TXN_5347792,Salad,3,5,15,Digital Wallet,,2/10/2023,Salad,,,,Cookie
TXN_2535099,Smoothie,5,4,20,Credit Card,In-store,2/10/2023,Smoothie,,,,Tea
TXN_4385240,Cookie,4,1,4,Cash,Takeaway,2/10/2023,Cookie,,,,Tea
TXN_4001774,Tea,5,1.5,7.5,,Takeaway,2/10/2023,Tea,,,,Salad
TXN_2337888,Coffee,1,2,2,Credit Card,In-store,2/10/2023,Coffee,,,,Smoothie
TXN_7396497,Smoothie,5,4,20,Credit Card,In-store,2/10/2023,Smoothie,,,,Smoothie
TXN_8145813,Cake,4,3,12,Digital Wallet,In-store,2/10/2023,Cake,,,,Smoothie
TXN_6110108,Tea,5,1.5,7.5,,Takeaway,2/10/2023,Tea,,,,Smoothie
TXN_9452972,Smoothie,3,4,12,Digital Wallet,,2/10/2023,Smoothie,,,,Cookie
TXN_9157625,Tea,5,1.5,7.5,Credit Card,Takeaway,2/10/2023,Tea,,,,Salad
TXN_2401073,Coffee,4,2,8,Credit Card,,2/10/2023,Coffee,,,,Tea
TXN_2651789,Cookie,1,1,1,,Takeaway,2/10/2023,Cookie,,,,Cookie
TXN_3769567,Cookie,1,1,1,Digital Wallet,In-store,2/10/2023,Cookie,,,,Cake
TXN_5109348,Cake,4,3,12,Digital Wallet,In-store,2/10/2023,Cake,,,,Salad
TXN_1325631,Cake,4,3,12,Credit Card,In-store,2/11/2023,Cake,,,,Salad
TXN_4640977,Cookie,3,1,3,Credit Card,In-store,2/11/2023,Cookie,,,,Smoothie
TXN_7732920,Smoothie,5,4,20,Cash,,2/11/2023,Smoothie,,,,Cake
TXN_7740907,Smoothie,5,4,20,,In-store,2/11/2023,Smoothie,,,,Cookie
TXN_2494194,Salad,5,5,25,Digital Wallet,,2/11/2023,Salad,,,,Tea
TXN_7411993,Cake,2,3,6,Digital Wallet,In-store,2/11/2023,Cake,,,,Cake
TXN_4811887,Cake,2,3,6,Cash,In-store,2/11/2023,Cake,,,,Cookie
TXN_2134650,Cake,4,3,12,Digital Wallet,Takeaway,2/11/2023,Cake,,,,Salad
TXN_6536418,Salad,5,5,25,Credit Card,In-store,2/11/2023,Salad,,,,Smoothie
TXN_4858908,Cake,2,3,6,Cash,In-store,2/11/2023,Cake,,,,Cake
TXN_6312755,Smoothie,2,4,8,Credit Card,,2/11/2023,Smoothie,,,,Cake
TXN_1313643,Cake,4,3,12,UNKNOWN,,2/11/2023,Cake,,,,Smoothie
TXN_2181920,Smoothie,3,4,12,Cash,,2/11/2023,Smoothie,,,,Smoothie
TXN_7226406,Cake,1,3,3,Credit Card,,2/11/2023,Cake,,,,Smoothie
TXN_9409405,Coffee,3,2,6,Digital Wallet,In-store,2/11/2023,Coffee,,,,Tea
TXN_9802771,Smoothie,2,4,8,ERROR,,2/11/2023,Smoothie,,,,Cake
TXN_6444911,Cake,5,3,15,Credit Card,,2/11/2023,Cake,,,,Cake
TXN_9475783,Smoothie,5,4,20,Credit Card,Takeaway,2/11/2023,Smoothie,,,,Tea
TXN_9934619,Cookie,1,1,1,,In-store,2/11/2023,Cookie,,,,Salad
TXN_8725610,Smoothie,2,4,8,,Takeaway,2/11/2023,Smoothie,,,,Coffee
TXN_2154477,Cake,4,3,12,,ERROR,2/11/2023,Cake,,,,Smoothie
TXN_1728427,Coffee,5,2,10,Cash,,2/11/2023,Coffee,,,,Salad
TXN_8089522,Smoothie,4,4,16,Cash,Takeaway,2/12/2023,Smoothie,,,,Tea
TXN_9107676,Smoothie,2,4,8,Cash,UNKNOWN,2/12/2023,Smoothie,,,,Smoothie
TXN_7804128,Smoothie,5,4,20,Digital Wallet,In-store,2/12/2023,Smoothie,,,,Cake
TXN_9365558,Salad,4,5,20,Credit Card,Takeaway,2/12/2023,Salad,,,,Coffee
TXN_6633385,Cake,2,3,6,Credit Card,Takeaway,2/12/2023,Cake,,,,Salad
TXN_7539774,Salad,1,5,5,,In-store,2/12/2023,Salad,,,,Smoothie
TXN_8566668,Smoothie,5,4,20,Digital Wallet,In-store,2/12/2023,Smoothie,,,,Cake
TXN_8233101,Salad,2,5,10,Cash,In-store,2/12/2023,Salad,,,,Smoothie
TXN_3632064,Cookie,5,1,5,Cash,,2/12/2023,Cookie,,,,Cake
TXN_3401287,Smoothie,3,4,12,Cash,,2/12/2023,Smoothie,,,,Smoothie
TXN_4937344,Smoothie,1,4,4,Credit Card,In-store,2/12/2023,Smoothie,,,,Smoothie
TXN_7321946,Cake,3,3,9,Cash,Takeaway,2/12/2023,Cake,,,,Cake
TXN_2586830,Cake,1,3,3,UNKNOWN,In-store,2/12/2023,Cake,,,,Salad
TXN_9699083,Smoothie,1,4,4,Cash,In-store,2/12/2023,Smoothie,,,,Tea
TXN_7640914,Salad,1,5,5,Credit Card,,2/12/2023,Salad,,,,Coffee
TXN_4423879,Cake,5,3,15,ERROR,,2/12/2023,Cake,,,,Cake
TXN_4624019,Cookie,1,1,1,Cash,UNKNOWN,2/12/2023,Cookie,,,,Smoothie
TXN_9812021,Tea,5,1.5,7.5,Credit Card,In-store,2/12/2023,Tea,,,,Smoothie
TXN_8156455,Cake,2,3,6,Cash,,2/12/2023,Cake,,,,Cake
TXN_9354349,Cake,1,3,3,Credit Card,,2/12/2023,Cake,,,,Cake
TXN_2713279,Cookie,4,1,4,Digital Wallet,In-store,2/12/2023,Cookie,,,,Coffee
TXN_3601382,Salad,3,5,15,,,2/12/2023,Salad,,,,Cake
TXN_5575561,Tea,4,1.5,6,Digital Wallet,Takeaway,2/13/2023,Tea,,,,Smoothie
TXN_3488611,Tea,1,1.5,1.5,Cash,,2/13/2023,Tea,,,,Smoothie
TXN_6117497,Coffee,2,2,4,Digital Wallet,In-store,2/13/2023,Coffee,,,,Smoothie
TXN_6626427,Cookie,4,1,4,Digital Wallet,In-store,2/13/2023,Cookie,,,,Coffee
TXN_3832513,Salad,1,5,5,,Takeaway,2/13/2023,Salad,,,,Smoothie
TXN_6504165,Cake,3,3,9,Cash,Takeaway,2/13/2023,Cake,,,,Cake
TXN_5880567,Smoothie,5,4,20,ERROR,In-store,2/13/2023,Smoothie,,,,Cake
TXN_7402573,Smoothie,4,4,16,,Takeaway,2/13/2023,Smoothie,,,,Salad
TXN_5789560,Cake,2,3,6,Cash,Takeaway,2/13/2023,Cake,,,,Smoothie
TXN_4416331,Cookie,1,1,1,,Takeaway,2/13/2023,Cookie,,,,Tea
TXN_2671272,Smoothie,1,4,4,Digital Wallet,,2/13/2023,Smoothie,,,,Cookie
TXN_8693747,Smoothie,4,4,16,Digital Wallet,,2/13/2023,Smoothie,,,,Tea
TXN_8443384,Smoothie,5,4,20,Digital Wallet,In-store,2/13/2023,Smoothie,,,,Salad
TXN_9094628,Coffee,2,2,4,,In-store,2/13/2023,Coffee,,,,Smoothie
TXN_9365766,Cake,4,3,12,Digital Wallet,In-store,2/13/2023,Cake,,,,Coffee
TXN_1629092,Cookie,3,1,3,Credit Card,,2/13/2023,Cookie,,,,Cake
TXN_3839691,Coffee,4,2,8,Credit Card,In-store,2/13/2023,Coffee,,,,Smoothie
TXN_3493771,Cake,2,3,6,,,2/13/2023,Cake,,,,Salad
TXN_6945985,Tea,3,1.5,4.5,Digital Wallet,In-store,2/13/2023,Tea,,,,Tea
TXN_2244902,Coffee,5,2,10,Credit Card,,2/13/2023,Coffee,,,,Cake
TXN_8795794,Smoothie,3,4,12,Cash,In-store,2/13/2023,Smoothie,,,,Smoothie
TXN_5817802,Coffee,5,2,10,,In-store,2/13/2023,Coffee,,,,Coffee
TXN_1985278,Smoothie,3,4,12,,In-store,2/13/2023,Smoothie,,,,Smoothie
TXN_1414039,Cake,4,3,12,,UNKNOWN,2/13/2023,Cake,,,,Tea
TXN_8751702,Cake,5,3,15,Cash,,2/13/2023,Cake,,,,Smoothie
TXN_4612864,Tea,3,1.5,4.5,,,2/14/2023,Tea,,,,Coffee
TXN_1439390,Cake,4,3,12,,In-store,2/14/2023,Cake,,,,Smoothie
TXN_6199016,Cake,1,3,3,Digital Wallet,,2/14/2023,Cake,,,,Smoothie
TXN_6841805,Cake,2,3,6,,,2/14/2023,Cake,,,,Tea
TXN_1464150,Coffee,5,2,10,Cash,Takeaway,2/14/2023,Coffee,,,,Tea
TXN_5939363,Tea,5,1.5,7.5,Credit Card,In-store,2/14/2023,Tea,,,,Coffee
TXN_7433308,Salad,4,5,20,Cash,Takeaway,2/14/2023,Salad,,,,Smoothie
TXN_3300171,Cookie,5,1,5,Credit Card,In-store,2/14/2023,Cookie,,,,Coffee
TXN_3660806,Cookie,5,1,5,,Takeaway,2/14/2023,Cookie,,,,Cookie
TXN_3010103,Smoothie,5,4,20,,,2/14/2023,Smoothie,,,,Salad
TXN_2919225,Coffee,4,2,8,Credit Card,Takeaway,2/14/2023,Coffee,,,,Cake
TXN_5972836,Smoothie,3,4,12,Cash,Takeaway,2/14/2023,Smoothie,,,,Tea
TXN_1547704,Coffee,5,2,10,Cash,In-store,2/14/2023,Coffee,,,,Smoothie
TXN_1522122,Cookie,5,1,5,Credit Card,In-store,2/14/2023,Cookie,,,,Coffee
TXN_1037464,Smoothie,5,4,20,Digital Wallet,,2/14/2023,Smoothie,,,,Coffee
TXN_7053830,Coffee,3,2,6,Digital Wallet,,2/14/2023,Coffee,,,,Coffee
TXN_2451247,Tea,4,1.5,6,Digital Wallet,Takeaway,2/14/2023,Tea,,,,Cookie
TXN_4308634,Coffee,3,2,6,Cash,In-store,2/14/2023,Coffee,,,,Cake
TXN_8545707,Cake,5,3,15,,Takeaway,2/14/2023,Cake,,,,Coffee
TXN_7345414,Salad,1,5,5,,UNKNOWN,2/15/2023,Salad,,,,Smoothie
TXN_1343750,Cookie,2,1,2,Digital Wallet,Takeaway,2/15/2023,Cookie,,,,Cake
TXN_8503406,Smoothie,2,4,8,Digital Wallet,UNKNOWN,2/15/2023,Smoothie,,,,Cake
TXN_9086541,Salad,3,5,15,Cash,In-store,2/15/2023,Salad,,,,Salad
TXN_3717372,Cake,2,3,6,Credit Card,ERROR,2/15/2023,Cake,,,,Cookie
TXN_5198827,Tea,5,1.5,7.5,,,2/15/2023,Tea,,,,Cookie
TXN_3446033,Cookie,3,1,3,Credit Card,,2/15/2023,Cookie,,,,Cake
TXN_6097706,Smoothie,4,4,16,Cash,Takeaway,2/15/2023,Smoothie,,,,Salad
TXN_9684465,Cake,5,3,15,,Takeaway,2/15/2023,Cake,,,,Cake
TXN_5183630,Coffee,4,2,8,,In-store,2/15/2023,Coffee,,,,Coffee
TXN_5577030,Cookie,4,1,4,Digital Wallet,Takeaway,2/15/2023,Cookie,,,,Salad
TXN_5603538,Cake,3,3,9,Cash,,2/15/2023,Cake,,,,Cookie
TXN_4476151,Cake,4,3,12,Credit Card,In-store,2/15/2023,Cake,,,,Salad
TXN_1003246,Cake,2,3,6,,,2/15/2023,Cake,,,,Salad
TXN_8411549,Tea,4,1.5,6,Credit Card,In-store,2/15/2023,Tea,,,,Cake
TXN_6585794,Smoothie,5,4,20,Credit Card,In-store,2/15/2023,Smoothie,,,,Smoothie
TXN_7565447,Salad,1,5,5,,,2/15/2023,Salad,,,,Cookie
TXN_9691873,Cake,2,3,6,Digital Wallet,Takeaway,2/15/2023,Cake,,,,Cake
TXN_8534360,Cake,5,3,15,ERROR,,2/15/2023,Cake,,,,Coffee
TXN_1456374,Cookie,5,1,5,Cash,,2/15/2023,Cookie,,,,Cookie
TXN_6039321,Salad,2,5,10,Credit Card,,2/15/2023,Salad,,,,Tea
TXN_6220280,Tea,1,1.5,1.5,Credit Card,,2/15/2023,Tea,,,,Cake
TXN_5844851,Smoothie,5,4,20,,,2/15/2023,Smoothie,,,,Cake
TXN_2897727,Smoothie,5,4,20,Credit Card,Takeaway,2/15/2023,Smoothie,,,,Cookie
TXN_6554101,Smoothie,3,4,12,,,2/15/2023,Smoothie,,,,Salad
TXN_6177334,Cake,1,3,3,Credit Card,In-store,2/15/2023,Cake,,,,Cookie
TXN_3602272,Smoothie,3,4,12,Digital Wallet,Takeaway,2/15/2023,Smoothie,,,,Smoothie
TXN_9618881,Coffee,5,2,10,,,2/15/2023,Coffee,,,,Tea
TXN_5878649,Salad,3,5,15,UNKNOWN,Takeaway,2/15/2023,Salad,,,,Cake
TXN_9802838,Tea,1,1.5,1.5,UNKNOWN,Takeaway,2/15/2023,Tea,,,,Coffee
TXN_7677646,Smoothie,5,4,20,,,2/15/2023,Smoothie,,,,Smoothie
TXN_4648214,Salad,1,5,5,,,2/15/2023,Salad,,,,Smoothie
TXN_3925836,Cookie,3,1,3,Digital Wallet,In-store,2/16/2023,Cookie,,,,Cookie
TXN_6000201,Cookie,3,1,3,Cash,Takeaway,2/16/2023,Cookie,,,,Tea
TXN_5445318,Cookie,1,1,1,Digital Wallet,,2/16/2023,Cookie,,,,Cake
TXN_7853635,Salad,3,5,15,Digital Wallet,Takeaway,2/16/2023,Salad,,,,Smoothie
TXN_5290522,Coffee,2,2,4,Credit Card,Takeaway,2/16/2023,Coffee,,,,Smoothie
TXN_1834831,Salad,5,5,25,Digital Wallet,In-store,2/16/2023,Salad,,,,Cookie
TXN_2760327,Salad,1,5,5,ERROR,Takeaway,2/16/2023,Salad,,,,Coffee
TXN_2391659,Tea,5,1.5,7.5,,UNKNOWN,2/16/2023,Tea,,,,Cookie
TXN_5600914,Smoothie,4,4,16,Credit Card,,2/16/2023,Smoothie,,,,Cake
TXN_2379052,Salad,1,5,5,,,2/16/2023,Salad,,,,Smoothie
TXN_4613510,Cake,5,3,15,Credit Card,Takeaway,2/16/2023,Cake,,,,Cake
TXN_8798330,Coffee,1,2,2,,In-store,2/16/2023,Coffee,,,,Cake
TXN_4548715,Smoothie,2,4,8,,,2/16/2023,Smoothie,,,,Smoothie
TXN_6036409,Tea,5,1.5,7.5,Cash,Takeaway,2/16/2023,Tea,,,,Smoothie
TXN_3865627,Coffee,4,2,8,,In-store,2/16/2023,Coffee,,,,Smoothie
TXN_7047040,Salad,2,5,10,UNKNOWN,,2/16/2023,Salad,,,,Salad
TXN_5138053,Smoothie,5,4,20,UNKNOWN,Takeaway,2/16/2023,Smoothie,,,,Cookie
TXN_4798335,Smoothie,5,4,20,,Takeaway,2/16/2023,Smoothie,,,,Smoothie
TXN_4688280,Tea,1,1.5,1.5,,,2/16/2023,Tea,,,,Coffee
TXN_4350828,Cake,2,3,6,Digital Wallet,In-store,2/16/2023,Cake,,,,Cookie
TXN_4432252,Smoothie,5,4,20,Credit Card,,2/16/2023,Smoothie,,,,Smoothie
TXN_9989458,Smoothie,3,4,12,Cash,,2/16/2023,Smoothie,,,,Cookie
TXN_1344947,Cake,3,3,9,,Takeaway,2/16/2023,Cake,,,,Cookie
TXN_7631216,Cake,5,3,15,Credit Card,,2/16/2023,Cake,,,,Coffee
TXN_9896694,Smoothie,4,4,16,Cash,,2/16/2023,Smoothie,,,,Coffee
TXN_3819405,Cake,4,3,12,Digital Wallet,In-store,2/16/2023,Cake,,,,Smoothie
TXN_6564856,Tea,5,1.5,7.5,Digital Wallet,Takeaway,2/16/2023,Tea,,,,Smoothie
TXN_5697414,Cake,5,3,15,Credit Card,In-store,2/16/2023,Cake,,,,Smoothie
TXN_5737641,Cookie,1,1,1,ERROR,,2/16/2023,Cookie,,,,Smoothie
TXN_9266499,Cake,1,3,3,Digital Wallet,UNKNOWN,2/16/2023,Cake,,,,Cake
TXN_4302199,Tea,3,1.5,4.5,,,2/16/2023,Tea,,,,Cookie
TXN_4737392,Smoothie,2,4,8,Cash,In-store,2/17/2023,Smoothie,,,,Coffee
TXN_1643039,Cookie,3,1,3,,,2/17/2023,Cookie,,,,Smoothie
TXN_7763592,Smoothie,1,4,4,,In-store,2/17/2023,Smoothie,,,,Cake
TXN_7969017,Tea,3,1.5,4.5,Digital Wallet,,2/17/2023,Tea,,,,Coffee
TXN_6714068,Coffee,1,2,2,,,2/17/2023,Coffee,,,,Coffee
TXN_1758689,Smoothie,3,4,12,Cash,ERROR,2/17/2023,Smoothie,,,,Cookie
TXN_6682253,Tea,5,1.5,7.5,Cash,In-store,2/17/2023,Tea,,,,Cake
TXN_2919952,Cake,5,3,15,Digital Wallet,In-store,2/17/2023,Cake,,,,Tea
TXN_2987590,Smoothie,5,4,20,,In-store,2/17/2023,Smoothie,,,,Smoothie
TXN_9874256,Cake,3,3,9,,,2/17/2023,Cake,,,,Smoothie
TXN_9248370,Cookie,2,1,2,Credit Card,In-store,2/17/2023,Cookie,,,,Smoothie
TXN_4548565,Cake,4,3,12,,In-store,2/17/2023,Cake,,,,Coffee
TXN_9929033,Coffee,2,2,4,Cash,Takeaway,2/17/2023,Coffee,,,,Coffee
TXN_7712807,Smoothie,4,4,16,Credit Card,,2/17/2023,Smoothie,,,,Cake
TXN_5115080,Cake,5,3,15,Credit Card,,2/18/2023,Cake,,,,Smoothie
TXN_9552845,Smoothie,3,4,12,Cash,ERROR,2/18/2023,Smoothie,,,,Smoothie
TXN_7187207,Coffee,5,2,10,Cash,,2/18/2023,Coffee,,,,Coffee
TXN_9899571,Salad,2,5,10,Credit Card,Takeaway,2/18/2023,Salad,,,,Cake
TXN_2810554,Cake,1,3,3,Credit Card,Takeaway,2/18/2023,Cake,,,,Cake
TXN_6811368,Coffee,4,2,8,,Takeaway,2/18/2023,Coffee,,,,Smoothie
TXN_4181147,Coffee,4,2,8,,Takeaway,2/18/2023,Coffee,,,,Smoothie
TXN_4089355,Salad,2,5,10,Credit Card,Takeaway,2/18/2023,Salad,,,,Tea
TXN_8961480,Tea,4,1.5,6,Cash,,2/18/2023,Tea,,,,Cookie
TXN_3575713,Tea,1,1.5,1.5,Cash,Takeaway,2/18/2023,Tea,,,,Cake
TXN_1067052,Tea,4,1.5,6,,Takeaway,2/18/2023,Tea,,,,Cookie
TXN_7341998,Cake,3,3,9,Digital Wallet,,2/18/2023,Cake,,,,Salad
TXN_4442095,Salad,4,5,20,Digital Wallet,,2/18/2023,Salad,,,,Cake
TXN_8811945,Salad,1,5,5,UNKNOWN,,2/18/2023,Salad,,,,Smoothie
TXN_1467367,Smoothie,3,4,12,,,2/18/2023,Smoothie,,,,Tea
TXN_1955127,Cake,5,3,15,,In-store,2/18/2023,Cake,,,,Salad
TXN_5350286,Smoothie,5,4,20,Credit Card,,2/18/2023,Smoothie,,,,Salad
TXN_3200434,Cake,4,3,12,,ERROR,2/18/2023,Cake,,,,Coffee
TXN_7084298,Cake,3,3,9,,Takeaway,2/18/2023,Cake,,,,Cake
TXN_4809626,Coffee,5,2,10,Cash,Takeaway,2/18/2023,Coffee,,,,Cake
TXN_6774559,Cookie,2,1,2,,,2/18/2023,Cookie,,,,Cookie
TXN_6895165,Coffee,3,2,6,Credit Card,Takeaway,2/18/2023,Coffee,,,,Cake
TXN_2421873,Coffee,2,2,4,Credit Card,,2/18/2023,Coffee,,,,Cake
TXN_7228322,Cookie,1,1,1,Credit Card,,2/18/2023,Cookie,,,,Coffee
TXN_5313435,Salad,4,5,20,Cash,,2/18/2023,Salad,,,,Cake
TXN_6446441,Salad,3,5,15,Digital Wallet,,2/18/2023,Salad,,,,Tea
TXN_9342366,Smoothie,3,4,12,Credit Card,,2/18/2023,Smoothie,,,,Coffee
TXN_3495950,Tea,4,1.5,6,Credit Card,In-store,2/19/2023,Tea,,,,Coffee
TXN_6904590,Coffee,4,2,8,Credit Card,,2/19/2023,Coffee,,,,Cake
TXN_1347965,Cookie,5,1,5,UNKNOWN,In-store,2/19/2023,Cookie,,,,Smoothie
TXN_4889269,Cake,2,3,6,Cash,UNKNOWN,2/19/2023,Cake,,,,Cake
TXN_7350571,Smoothie,1,4,4,Credit Card,In-store,2/19/2023,Smoothie,,,,Cake
TXN_8504764,Smoothie,2,4,8,Digital Wallet,Takeaway,2/19/2023,Smoothie,,,,Tea
TXN_1227800,Cake,3,3,9,Cash,Takeaway,2/19/2023,Cake,,,,Smoothie
TXN_1610204,Cake,1,3,3,,Takeaway,2/19/2023,Cake,,,,Salad
TXN_2847831,Coffee,1,2,2,Cash,In-store,2/19/2023,Coffee,,,,Coffee
TXN_8907996,Smoothie,4,4,16,Cash,In-store,2/19/2023,Smoothie,,,,Cake
TXN_1139495,Salad,3,5,15,Digital Wallet,,2/19/2023,Salad,,,,Salad
TXN_7399898,Cake,3,3,9,,,2/19/2023,Cake,,,,Cake
TXN_3422759,Salad,5,5,25,Credit Card,Takeaway,2/19/2023,Salad,,,,Smoothie
TXN_1235828,Tea,4,1.5,6,Cash,Takeaway,2/19/2023,Tea,,,,Cake
TXN_3432433,Cookie,5,1,5,Cash,In-store,2/19/2023,Cookie,,,,Cake
TXN_6387334,Smoothie,5,4,20,Digital Wallet,In-store,2/19/2023,Smoothie,,,,Smoothie
TXN_6035512,Cake,5,3,15,Cash,Takeaway,2/19/2023,Cake,,,,Coffee
TXN_5555790,Tea,5,1.5,7.5,Credit Card,In-store,2/19/2023,Tea,,,,Smoothie
TXN_7694326,Coffee,5,2,10,,,2/19/2023,Coffee,,,,Cake
TXN_1851725,Cake,5,3,15,Cash,Takeaway,2/19/2023,Cake,,,,Cake
TXN_9959765,Cake,4,3,12,Cash,,2/19/2023,Cake,,,,Smoothie
TXN_2265543,Salad,3,5,15,,Takeaway,2/19/2023,Salad,,,,Cake
TXN_9786525,Cake,5,3,15,,Takeaway,2/19/2023,Cake,,,,Cake
TXN_6754546,Cake,3,3,9,ERROR,,2/19/2023,Cake,,,,Coffee
TXN_1458905,Smoothie,1,4,4,Digital Wallet,Takeaway,2/19/2023,Smoothie,,,,Cake
TXN_2201857,Smoothie,1,4,4,,Takeaway,2/19/2023,Smoothie,,,,Smoothie
TXN_6052534,Salad,4,5,20,Cash,,2/19/2023,Salad,,,,Cookie
TXN_2259102,Smoothie,2,4,8,,,2/19/2023,Smoothie,,,,Salad
TXN_5107025,Tea,2,1.5,3,,In-store,2/19/2023,Tea,,,,Cake
TXN_6377838,Cake,2,3,6,Digital Wallet,Takeaway,2/19/2023,Cake,,,,Cookie
TXN_4878378,Tea,1,1.5,1.5,Credit Card,,2/20/2023,Tea,,,,Tea
TXN_8810894,Smoothie,1,4,4,,,2/20/2023,Smoothie,,,,Coffee
TXN_1887522,Smoothie,4,4,16,Cash,In-store,2/20/2023,Smoothie,,,,Cookie
TXN_4546375,Salad,1,5,5,Credit Card,,2/20/2023,Salad,,,,Coffee
TXN_6905718,Salad,5,5,25,Credit Card,In-store,2/20/2023,Salad,,,,Coffee
TXN_5595352,Cake,1,3,3,Cash,In-store,2/20/2023,Cake,,,,Cake
TXN_4894699,Cookie,2,1,2,Digital Wallet,In-store,2/20/2023,Cookie,,,,Cookie
TXN_1579182,Cake,5,3,15,Cash,In-store,2/20/2023,Cake,,,,Cookie
TXN_4064245,Cake,3,3,9,Credit Card,Takeaway,2/20/2023,Cake,,,,Coffee
TXN_2345373,Tea,3,1.5,4.5,Credit Card,Takeaway,2/20/2023,Tea,,,,Cookie
TXN_7345190,Smoothie,4,4,16,Digital Wallet,ERROR,2/20/2023,Smoothie,,,,Cake
TXN_5024094,Tea,1,1.5,1.5,Credit Card,,2/20/2023,Tea,,,,Salad
TXN_7540909,Tea,2,1.5,3,Digital Wallet,,2/20/2023,Tea,,,,Coffee
TXN_1972843,Coffee,2,2,4,ERROR,ERROR,2/20/2023,Coffee,,,,Tea
TXN_7767493,Smoothie,5,4,20,Credit Card,In-store,2/20/2023,Smoothie,,,,Coffee
TXN_4391496,Smoothie,1,4,4,Cash,,2/20/2023,Smoothie,,,,Cake
TXN_2010658,Smoothie,3,4,12,,ERROR,2/20/2023,Smoothie,,,,Smoothie
TXN_8773639,Coffee,3,2,6,Digital Wallet,Takeaway,2/20/2023,Coffee,,,,Cake
TXN_5335079,Cake,1,3,3,Cash,In-store,2/20/2023,Cake,,,,Salad
TXN_8096618,Coffee,4,2,8,Digital Wallet,In-store,2/20/2023,Coffee,,,,Coffee
TXN_5757933,Tea,1,1.5,1.5,Cash,,2/20/2023,Tea,,,,Smoothie
TXN_3357336,Cake,4,3,12,,In-store,2/20/2023,Cake,,,,Salad
TXN_8045032,Cake,4,3,12,ERROR,In-store,2/20/2023,Cake,,,,Cookie
TXN_5905580,Cookie,3,1,3,Cash,Takeaway,2/20/2023,Cookie,,,,Cake
TXN_2940895,Cake,4,3,12,,UNKNOWN,2/20/2023,Cake,,,,Tea
TXN_4040941,Cookie,1,1,1,Cash,In-store,2/20/2023,Cookie,,,,Salad
TXN_3830888,Coffee,4,2,8,,In-store,2/20/2023,Coffee,,,,Smoothie
TXN_1057760,Cake,4,3,12,Credit Card,Takeaway,2/20/2023,Cake,,,,Cake
TXN_9950775,Salad,4,5,20,Credit Card,Takeaway,2/20/2023,Salad,,,,Cookie
TXN_9860308,Smoothie,2,4,8,Digital Wallet,,2/20/2023,Smoothie,,,,Smoothie
TXN_3092382,Coffee,5,2,10,Digital Wallet,,2/21/2023,Coffee,,,,Smoothie
TXN_7676968,Smoothie,4,4,16,UNKNOWN,In-store,2/21/2023,Smoothie,,,,Cake
TXN_5379385,Coffee,5,2,10,Credit Card,,2/21/2023,Coffee,,,,Smoothie
TXN_8149585,Cake,1,3,3,Credit Card,ERROR,2/21/2023,Cake,,,,Salad
TXN_5019143,Coffee,5,2,10,Cash,,2/21/2023,Coffee,,,,Cookie
TXN_5949811,Tea,2,1.5,3,Digital Wallet,In-store,2/21/2023,Tea,,,,Coffee
TXN_6725579,Tea,2,1.5,3,Credit Card,Takeaway,2/21/2023,Tea,,,,Tea
TXN_6845225,Tea,4,1.5,6,Credit Card,Takeaway,2/21/2023,Tea,,,,Smoothie
TXN_3743336,Salad,2,5,10,Digital Wallet,,2/21/2023,Salad,,,,Cookie
TXN_1009421,Cookie,4,1,4,Cash,Takeaway,2/21/2023,Cookie,,,,Smoothie
TXN_9421618,Cake,3,3,9,Cash,ERROR,2/21/2023,Cake,,,,Cake
TXN_4503560,Cake,5,3,15,Digital Wallet,,2/21/2023,Cake,,,,Coffee
TXN_1244509,Smoothie,3,4,12,Credit Card,In-store,2/21/2023,Smoothie,,,,Cake
TXN_4789193,Cake,3,3,9,,,2/21/2023,Cake,,,,Coffee
TXN_5115009,Cake,4,3,12,,Takeaway,2/21/2023,Cake,,,,Smoothie
TXN_7924635,Smoothie,5,4,20,Digital Wallet,Takeaway,2/21/2023,Smoothie,,,,Coffee
TXN_4740952,Tea,4,1.5,6,,Takeaway,2/21/2023,Tea,,,,Cake
TXN_1826919,Cake,4,3,12,Credit Card,In-store,2/21/2023,Cake,,,,Smoothie
TXN_7560210,Cake,5,3,15,ERROR,Takeaway,2/21/2023,Cake,,,,Smoothie
TXN_9987991,Smoothie,4,4,16,Credit Card,Takeaway,2/21/2023,Smoothie,,,,Cake
TXN_8875043,Salad,4,5,20,Digital Wallet,,2/21/2023,Salad,,,,Cake
TXN_2951148,Smoothie,4,4,16,Cash,In-store,2/21/2023,Smoothie,,,,Cake
TXN_9456357,Cake,3,3,9,Credit Card,,2/21/2023,Cake,,,,Cookie
TXN_1256513,Coffee,4,2,8,Credit Card,In-store,2/21/2023,Coffee,,,,Cake
TXN_1185069,Salad,1,5,5,Digital Wallet,UNKNOWN,2/21/2023,Salad,,,,Cookie
TXN_2785654,Tea,1,1.5,1.5,Credit Card,Takeaway,2/21/2023,Tea,,,,Smoothie
TXN_7775760,Cake,4,3,12,,,2/21/2023,Cake,,,,Smoothie
TXN_7226052,Smoothie,3,4,12,Cash,In-store,2/21/2023,Smoothie,,,,Cake
TXN_3858209,Smoothie,4,4,16,Cash,,2/22/2023,Smoothie,,,,Cake
TXN_5410185,Cake,3,3,9,,In-store,2/22/2023,Cake,,,,Cake
TXN_8964527,Smoothie,4,4,16,Digital Wallet,Takeaway,2/22/2023,Smoothie,,,,Cookie
TXN_7369807,Coffee,4,2,8,,In-store,2/22/2023,Coffee,,,,Cake
TXN_6579109,Cake,1,3,3,Credit Card,Takeaway,2/22/2023,Cake,,,,Smoothie
TXN_3177517,Tea,1,1.5,1.5,Credit Card,In-store,2/22/2023,Tea,,,,Smoothie
TXN_1775278,Cake,4,3,12,Credit Card,Takeaway,2/22/2023,Cake,,,,Smoothie
TXN_6441337,Coffee,5,2,10,ERROR,Takeaway,2/22/2023,Coffee,,,,Coffee
TXN_9307650,Coffee,3,2,6,UNKNOWN,Takeaway,2/22/2023,Coffee,,,,Smoothie
TXN_2508499,Tea,3,1.5,4.5,Credit Card,In-store,2/22/2023,Tea,,,,Coffee
TXN_9629448,Tea,2,1.5,3,,In-store,2/22/2023,Tea,,,,Cookie
TXN_6755795,Smoothie,5,4,20,Cash,UNKNOWN,2/22/2023,Smoothie,,,,Coffee
TXN_9817102,Coffee,3,2,6,Credit Card,In-store,2/22/2023,Coffee,,,,Tea
TXN_3548788,Salad,4,5,20,Digital Wallet,,2/22/2023,Salad,,,,Smoothie
TXN_3403409,Cake,2,3,6,,,2/22/2023,Cake,,,,Smoothie
TXN_7735127,Smoothie,1,4,4,,Takeaway,2/22/2023,Smoothie,,,,Tea
TXN_7137800,Tea,1,1.5,1.5,ERROR,Takeaway,2/22/2023,Tea,,,,Smoothie
TXN_5573436,Coffee,1,2,2,ERROR,Takeaway,2/22/2023,Coffee,,,,Salad
TXN_7647190,Salad,5,5,25,Credit Card,Takeaway,2/22/2023,Salad,,,,Tea
TXN_5209346,Smoothie,3,4,12,Credit Card,In-store,2/22/2023,Smoothie,,,,Cake
TXN_7155957,Salad,5,5,25,Digital Wallet,In-store,2/22/2023,Salad,,,,Cake
TXN_2509803,Coffee,1,2,2,UNKNOWN,,2/22/2023,Coffee,,,,Smoothie
TXN_4184461,Salad,2,5,10,Digital Wallet,In-store,2/22/2023,Salad,,,,Smoothie
TXN_1491578,Cookie,2,1,2,,,2/23/2023,Cookie,,,,Cookie
TXN_7776739,Tea,2,1.5,3,,Takeaway,2/23/2023,Tea,,,,Cookie
TXN_3219175,Smoothie,5,4,20,,ERROR,2/23/2023,Smoothie,,,,Cake
TXN_3427950,Smoothie,5,4,20,,In-store,2/23/2023,Smoothie,,,,Smoothie
TXN_9490163,Salad,4,5,20,Credit Card,,2/23/2023,Salad,,,,Smoothie
TXN_2282283,Cookie,2,1,2,Digital Wallet,,2/23/2023,Cookie,,,,Cake
TXN_6954434,Cake,3,3,9,Cash,Takeaway,2/23/2023,Cake,,,,Cake
TXN_3514492,Cake,3,3,9,Digital Wallet,In-store,2/23/2023,Cake,,,,Smoothie
TXN_9115899,Cake,2,3,6,Credit Card,In-store,2/23/2023,Cake,,,,Tea
TXN_2999220,Smoothie,4,4,16,Digital Wallet,Takeaway,2/23/2023,Smoothie,,,,Tea
TXN_1716710,Coffee,2,2,4,UNKNOWN,,2/23/2023,Coffee,,,,Smoothie
TXN_7502558,Cake,5,3,15,,In-store,2/23/2023,Cake,,,,Salad
TXN_1929398,Smoothie,1,4,4,Digital Wallet,In-store,2/23/2023,Smoothie,,,,Tea
TXN_8664295,Smoothie,2,4,8,Credit Card,,2/23/2023,Smoothie,,,,Cookie
TXN_2764819,Cake,1,3,3,Credit Card,Takeaway,2/23/2023,Cake,,,,Cake
TXN_8460225,Smoothie,5,4,20,ERROR,In-store,2/23/2023,Smoothie,,,,Salad
TXN_6769710,Cake,2,3,6,Cash,In-store,2/24/2023,Cake,,,,Cake
TXN_4368416,Salad,2,5,10,Credit Card,Takeaway,2/24/2023,Salad,,,,Smoothie
TXN_7773968,Smoothie,5,4,20,Digital Wallet,Takeaway,2/24/2023,Smoothie,,,,Tea
TXN_6376175,Cake,4,3,12,Digital Wallet,Takeaway,2/24/2023,Cake,,,,Cookie
TXN_5369555,Cake,4,3,12,Cash,Takeaway,2/24/2023,Cake,,,,Coffee
TXN_5601300,Coffee,2,2,4,Digital Wallet,,2/24/2023,Coffee,,,,Smoothie
TXN_6881523,Cake,5,3,15,,Takeaway,2/24/2023,Cake,,,,Cake
TXN_5469063,Coffee,2,2,4,,Takeaway,2/24/2023,Coffee,,,,Tea
TXN_1259340,Tea,3,1.5,4.5,Digital Wallet,,2/24/2023,Tea,,,,Smoothie
TXN_3856021,Salad,1,5,5,Credit Card,,2/24/2023,Salad,,,,Tea
TXN_3548756,Cake,3,3,9,Digital Wallet,,2/24/2023,Cake,,,,Salad
TXN_1412415,Cake,3,3,9,Cash,In-store,2/24/2023,Cake,,,,Salad
TXN_3267393,Smoothie,2,4,8,,In-store,2/24/2023,Smoothie,,,,Cake
TXN_2406283,Cake,4,3,12,Digital Wallet,In-store,2/24/2023,Cake,,,,Cake
TXN_6532452,Smoothie,5,4,20,Cash,Takeaway,2/24/2023,Smoothie,,,,Cake
TXN_8046891,Coffee,1,2,2,Credit Card,Takeaway,2/24/2023,Coffee,,,,Smoothie
TXN_3447594,Salad,1,5,5,Digital Wallet,In-store,2/24/2023,Salad,,,,Cookie
TXN_6989000,Tea,2,1.5,3,,Takeaway,2/24/2023,Tea,,,,Cake
TXN_8449081,Cookie,2,1,2,,In-store,2/24/2023,Cookie,,,,Cookie
TXN_1950063,Salad,2,5,10,Cash,,2/24/2023,Salad,,,,Smoothie
TXN_6988675,Coffee,1,2,2,,In-store,2/24/2023,Coffee,,,,Smoothie
TXN_2971555,Cake,1,3,3,Cash,,2/24/2023,Cake,,,,Smoothie
TXN_8878500,Salad,4,5,20,,,2/24/2023,Salad,,,,Cake
TXN_9618563,Smoothie,1,4,4,,Takeaway,2/24/2023,Smoothie,,,,Coffee
TXN_6349424,Smoothie,5,4,20,Cash,Takeaway,2/24/2023,Smoothie,,,,Cake
TXN_9400245,Salad,1,5,5,,In-store,2/24/2023,Salad,,,,Salad
TXN_3897619,Smoothie,3,4,12,Cash,Takeaway,2/24/2023,Smoothie,,,,Cookie
TXN_6955416,Salad,4,5,20,ERROR,In-store,2/25/2023,Salad,,,,Cake
TXN_6878866,Smoothie,3,4,12,Credit Card,,2/25/2023,Smoothie,,,,Cookie
TXN_8594004,Cookie,4,1,4,Credit Card,,2/25/2023,Cookie,,,,Cookie
TXN_9840274,Smoothie,5,4,20,,Takeaway,2/25/2023,Smoothie,,,,Tea
TXN_7997144,Cake,4,3,12,Credit Card,,2/25/2023,Cake,,,,Cake
TXN_5182042,Smoothie,4,4,16,,Takeaway,2/25/2023,Smoothie,,,,Tea
TXN_6411716,Cake,4,3,12,Credit Card,In-store,2/25/2023,Cake,,,,Coffee
TXN_2804828,Cake,3,3,9,Cash,,2/25/2023,Cake,,,,Coffee
TXN_5793057,Smoothie,3,4,12,Credit Card,In-store,2/25/2023,Smoothie,,,,Cake
TXN_7027319,Smoothie,3,4,12,Credit Card,Takeaway,2/25/2023,Smoothie,,,,Smoothie
TXN_2144031,Cake,1,3,3,,,2/25/2023,Cake,,,,Smoothie
TXN_8117583,Salad,1,5,5,Cash,In-store,2/25/2023,Salad,,,,Cake
TXN_2175096,Tea,1,1.5,1.5,,In-store,2/25/2023,Tea,,,,Cookie
TXN_5862795,Salad,2,5,10,Digital Wallet,,2/25/2023,Salad,,,,Cake
TXN_1555314,Smoothie,1,4,4,,Takeaway,2/25/2023,Smoothie,,,,Cookie
TXN_5492825,Salad,2,5,10,,In-store,2/25/2023,Salad,,,,Cake
TXN_6055428,Salad,5,5,25,Cash,Takeaway,2/25/2023,Salad,,,,Smoothie
TXN_4260865,Smoothie,4,4,16,,,2/25/2023,Smoothie,,,,Tea
TXN_3134595,Cake,3,3,9,Credit Card,Takeaway,2/25/2023,Cake,,,,Salad
TXN_2294397,Coffee,5,2,10,Digital Wallet,In-store,2/25/2023,Coffee,,,,Cookie
TXN_8704128,Cake,5,3,15,UNKNOWN,,2/25/2023,Cake,,,,Cake
TXN_7328604,Salad,2,5,10,Credit Card,,2/25/2023,Salad,,,,Cake
TXN_5056808,Cake,1,3,3,Credit Card,,2/25/2023,Cake,,,,Tea
TXN_4995281,Salad,4,5,20,Credit Card,,2/25/2023,Salad,,,,Salad
TXN_2593909,Cake,2,3,6,Cash,In-store,2/25/2023,Cake,,,,Coffee
TXN_4537288,Cookie,1,1,1,Cash,,2/25/2023,Cookie,,,,Salad
TXN_7358729,Cookie,2,1,2,Cash,Takeaway,2/25/2023,Cookie,,,,Cake
TXN_3027490,Cookie,3,1,3,ERROR,Takeaway,2/25/2023,Cookie,,,,Cake
TXN_6419317,Smoothie,4,4,16,Credit Card,ERROR,2/25/2023,Smoothie,,,,Cake
TXN_1944293,Coffee,3,2,6,,In-store,2/25/2023,Coffee,,,,Cookie
TXN_4912930,Smoothie,3,4,12,Credit Card,In-store,2/26/2023,Smoothie,,,,Cake
TXN_7559388,Salad,4,5,20,Digital Wallet,Takeaway,2/26/2023,Salad,,,,Tea
TXN_8278833,Cake,3,3,9,,,2/26/2023,Cake,,,,Salad
TXN_9452225,Tea,1,1.5,1.5,ERROR,In-store,2/26/2023,Tea,,,,Smoothie
TXN_3331437,Coffee,1,2,2,Cash,Takeaway,2/26/2023,Coffee,,,,Cake
TXN_1481116,Tea,2,1.5,3,Digital Wallet,In-store,2/26/2023,Tea,,,,Smoothie
TXN_7622389,Tea,4,1.5,6,Digital Wallet,In-store,2/26/2023,Tea,,,,Coffee
TXN_3477975,Smoothie,4,4,16,,,2/26/2023,Smoothie,,,,Tea
TXN_1665810,Smoothie,5,4,20,Digital Wallet,In-store,2/26/2023,Smoothie,,,,Cake
TXN_4844022,Cookie,1,1,1,,Takeaway,2/26/2023,Cookie,,,,Salad
TXN_1510673,Cake,3,3,9,,ERROR,2/26/2023,Cake,,,,Tea
TXN_5023419,Cookie,3,1,3,Digital Wallet,Takeaway,2/26/2023,Cookie,,,,Cake
TXN_3528653,Cake,1,3,3,UNKNOWN,,2/26/2023,Cake,,,,Cake
TXN_2687748,Cake,3,3,9,,Takeaway,2/26/2023,Cake,,,,Smoothie
TXN_5356324,Smoothie,1,4,4,ERROR,,2/26/2023,Smoothie,,,,Cake
TXN_3936162,Cookie,1,1,1,ERROR,,2/26/2023,Cookie,,,,Cake
TXN_9050127,Smoothie,5,4,20,Credit Card,Takeaway,2/26/2023,Smoothie,,,,Salad
TXN_7898391,Salad,4,5,20,Credit Card,UNKNOWN,2/26/2023,Salad,,,,Cake
TXN_6396940,Cookie,2,1,2,Credit Card,Takeaway,2/26/2023,Cookie,,,,Cookie
TXN_6846085,Cookie,4,1,4,Digital Wallet,,2/26/2023,Cookie,,,,Smoothie
TXN_9685716,Cookie,2,1,2,Digital Wallet,,2/26/2023,Cookie,,,,Cake
TXN_6070787,Smoothie,3,4,12,,In-store,2/26/2023,Smoothie,,,,Salad
TXN_7371782,Tea,3,1.5,4.5,Cash,In-store,2/26/2023,Tea,,,,Cake
TXN_7377398,Cake,2,3,6,Cash,Takeaway,2/26/2023,Cake,,,,Cake
TXN_4367311,Coffee,5,2,10,,In-store,2/26/2023,Coffee,,,,Salad
TXN_9081088,Tea,2,1.5,3,Cash,Takeaway,2/27/2023,Tea,,,,Cake
TXN_9271457,Cake,3,3,9,Digital Wallet,In-store,2/27/2023,Cake,,,,Smoothie
TXN_6371264,Smoothie,5,4,20,Cash,Takeaway,2/27/2023,Smoothie,,,,Cake
TXN_8114990,Cake,1,3,3,,UNKNOWN,2/27/2023,Cake,,,,Smoothie
TXN_1951569,Salad,2,5,10,Digital Wallet,,2/27/2023,Salad,,,,Salad
TXN_9749333,Cookie,5,1,5,Cash,In-store,2/27/2023,Cookie,,,,Coffee
TXN_9279347,Smoothie,5,4,20,Credit Card,,2/27/2023,Smoothie,,,,Coffee
TXN_1491299,Cake,2,3,6,Credit Card,In-store,2/27/2023,Cake,,,,Salad
TXN_4831426,Cake,4,3,12,Credit Card,,2/27/2023,Cake,,,,Cake
TXN_1132566,Cake,3,3,9,Cash,,2/27/2023,Cake,,,,Tea
TXN_7840162,Cookie,5,1,5,Cash,Takeaway,2/27/2023,Cookie,,,,Salad
TXN_5665341,Tea,5,1.5,7.5,Cash,,2/27/2023,Tea,,,,Cake
TXN_9024388,Salad,1,5,5,Cash,,2/27/2023,Salad,,,,Cake
TXN_5549557,Cake,2,3,6,Cash,In-store,2/27/2023,Cake,,,,Tea
TXN_2351890,Tea,4,1.5,6,,In-store,2/27/2023,Tea,,,,Cookie
TXN_3930990,Tea,4,1.5,6,Digital Wallet,Takeaway,2/27/2023,Tea,,,,Salad
TXN_8306028,Salad,1,5,5,,Takeaway,2/27/2023,Salad,,,,Cake
TXN_2131494,Salad,2,5,10,Cash,,2/27/2023,Salad,,,,Smoothie
TXN_2099497,Cake,1,3,3,,Takeaway,2/27/2023,Cake,,,,Coffee
TXN_7548260,Cake,2,3,6,Cash,Takeaway,2/27/2023,Cake,,,,Coffee
TXN_8063016,Cookie,1,1,1,Cash,,2/27/2023,Cookie,,,,Cookie
TXN_9178213,Coffee,2,2,4,Digital Wallet,Takeaway,2/27/2023,Coffee,,,,Coffee
TXN_5929633,Cake,3,3,9,,In-store,2/27/2023,Cake,,,,Cake
TXN_4463677,Salad,5,5,25,Digital Wallet,In-store,2/27/2023,Salad,,,,Cookie
TXN_4075053,Smoothie,3,4,12,Digital Wallet,Takeaway,2/27/2023,Smoothie,,,,Cake
TXN_6888998,Coffee,5,2,10,,,2/27/2023,Coffee,,,,Cookie
TXN_8077367,Tea,5,1.5,7.5,Credit Card,,2/27/2023,Tea,,,,Cake
TXN_4728936,Cake,4,3,12,Digital Wallet,Takeaway,2/27/2023,Cake,,,,Tea
TXN_5751040,Tea,5,1.5,7.5,Cash,ERROR,2/27/2023,Tea,,,,Smoothie
TXN_4583012,Smoothie,5,4,20,Digital Wallet,,2/27/2023,Smoothie,,,,Cookie
TXN_6629480,Smoothie,5,4,20,Credit Card,In-store,2/28/2023,Smoothie,,,,Coffee
TXN_3283097,Coffee,5,2,10,Cash,Takeaway,2/28/2023,Coffee,,,,Cake
TXN_6569656,Cookie,5,1,5,Cash,,2/28/2023,Cookie,,,,Tea
TXN_3502743,Smoothie,5,4,20,,,2/28/2023,Smoothie,,,,Tea
TXN_2023802,Cake,2,3,6,Cash,In-store,2/28/2023,Cake,,,,Smoothie
TXN_7192920,Smoothie,4,4,16,Digital Wallet,ERROR,2/28/2023,Smoothie,,,,Tea
TXN_6301600,Cake,4,3,12,Digital Wallet,In-store,2/28/2023,Cake,,,,Smoothie
TXN_1510315,Coffee,3,2,6,Cash,,2/28/2023,Coffee,,,,Cookie
TXN_9155044,Smoothie,3,4,12,Credit Card,In-store,2/28/2023,Smoothie,,,,Salad
TXN_3677890,Smoothie,3,4,12,Credit Card,In-store,2/28/2023,Smoothie,,,,Salad
TXN_3866156,Coffee,4,2,8,,Takeaway,2/28/2023,Coffee,,,,Cake
TXN_7813066,Cake,1,3,3,,,2/28/2023,Cake,,,,Cookie
TXN_7377496,Cake,1,3,3,Credit Card,Takeaway,2/28/2023,Cake,,,,Salad
TXN_6359031,Coffee,1,2,2,,,2/28/2023,Coffee,,,,Salad
TXN_5537621,Cake,4,3,12,Digital Wallet,Takeaway,2/28/2023,Cake,,,,Cake
TXN_6745398,Tea,4,1.5,6,,,2/28/2023,Tea,,,,Salad
TXN_8181326,Tea,5,1.5,7.5,Cash,,2/28/2023,Tea,,,,Salad
TXN_3052953,Coffee,5,2,10,Digital Wallet,,2/28/2023,Coffee,,,,Smoothie
TXN_4271034,Smoothie,3,4,12,Digital Wallet,In-store,2/28/2023,Smoothie,,,,Coffee
TXN_1570632,Smoothie,5,4,20,Digital Wallet,,2/28/2023,Smoothie,,,,Coffee
TXN_2894945,Coffee,2,2,4,,,2/28/2023,Coffee,,,,Cake
TXN_9389963,Smoothie,5,4,20,,Takeaway,2/28/2023,Smoothie,,,,Coffee
TXN_8343414,Salad,2,5,10,Credit Card,Takeaway,2/28/2023,Salad,,,,Coffee
TXN_7591982,Salad,1,5,5,Cash,,2/28/2023,Salad,,,,Smoothie
TXN_5949199,Tea,5,1.5,7.5,,In-store,2/28/2023,Tea,,,,Salad
TXN_3436344,Smoothie,2,4,8,,,2/28/2023,Smoothie,,,,Salad
TXN_8270768,Cake,5,3,15,Digital Wallet,Takeaway,2/28/2023,Cake,,,,Tea
TXN_9879996,Coffee,4,2,8,Digital Wallet,In-store,3/1/2023,Coffee,,,,Salad
TXN_5630457,Smoothie,1,4,4,Credit Card,Takeaway,3/1/2023,Smoothie,,,,Tea
TXN_1512118,Salad,4,5,20,Cash,In-store,3/1/2023,Salad,,,,Cookie
TXN_6113876,Cake,3,3,9,Cash,In-store,3/1/2023,Cake,,,,Cake
TXN_6191123,Cookie,2,1,2,Digital Wallet,Takeaway,3/1/2023,Cookie,,,,Cake
TXN_3103972,Cake,1,3,3,ERROR,,3/1/2023,Cake,,,,Tea
TXN_3849488,Salad,1,5,5,,In-store,3/1/2023,Salad,,,,Coffee
TXN_5153899,Tea,3,1.5,4.5,,Takeaway,3/1/2023,Tea,,,,Smoothie
TXN_3119835,Tea,2,1.5,3,Digital Wallet,In-store,3/1/2023,Tea,,,,Cake
TXN_3113823,Salad,5,5,25,Digital Wallet,In-store,3/1/2023,Salad,,,,Coffee
TXN_8571235,Cake,1,3,3,Cash,Takeaway,3/1/2023,Cake,,,,Cake
TXN_8267616,Tea,4,1.5,6,Cash,,3/1/2023,Tea,,,,Smoothie
TXN_3104589,Cookie,2,1,2,Cash,Takeaway,3/1/2023,Cookie,,,,Cake
TXN_9843811,Cake,2,3,6,Credit Card,,3/1/2023,Cake,,,,Tea
TXN_5151706,Smoothie,1,4,4,,Takeaway,3/1/2023,Smoothie,,,,Tea
TXN_1730385,Cake,2,3,6,Credit Card,,3/1/2023,Cake,,,,Salad
TXN_5722175,Tea,2,1.5,3,Digital Wallet,Takeaway,3/1/2023,Tea,,,,Cake
TXN_8235381,Cookie,3,1,3,Digital Wallet,In-store,3/1/2023,Cookie,,,,Salad
TXN_8018272,Smoothie,4,4,16,,,3/1/2023,Smoothie,,,,Salad
TXN_2480488,Cake,2,3,6,Cash,Takeaway,3/1/2023,Cake,,,,Salad
TXN_6541284,Tea,4,1.5,6,Cash,Takeaway,3/1/2023,Tea,,,,Smoothie
TXN_4020074,Cookie,3,1,3,,,3/1/2023,Cookie,,,,Cake
TXN_3312690,Cookie,3,1,3,Credit Card,In-store,3/1/2023,Cookie,,,,Smoothie
TXN_5205595,Cake,1,3,3,ERROR,In-store,3/1/2023,Cake,,,,Smoothie
TXN_7328209,Smoothie,3,4,12,Credit Card,,3/1/2023,Smoothie,,,,Smoothie
TXN_5946554,Cake,2,3,6,,,3/1/2023,Cake,,,,Smoothie
TXN_6550707,Coffee,1,2,2,Digital Wallet,,3/1/2023,Coffee,,,,Tea
TXN_5745921,Smoothie,2,4,8,,In-store,3/1/2023,Smoothie,,,,Salad
TXN_9499313,Cake,5,3,15,,,3/2/2023,Cake,,,,Smoothie
TXN_1824506,Cake,1,3,3,Cash,In-store,3/2/2023,Cake,,,,Tea
TXN_4033802,Tea,3,1.5,4.5,Cash,Takeaway,3/2/2023,Tea,,,,Salad
TXN_1279428,Salad,1,5,5,Digital Wallet,,3/2/2023,Salad,,,,Coffee
TXN_4040989,Smoothie,1,4,4,,,3/2/2023,Smoothie,,,,Coffee
TXN_9056301,Cookie,2,1,2,Credit Card,Takeaway,3/2/2023,Cookie,,,,Tea
TXN_3818464,Cake,2,3,6,Cash,In-store,3/2/2023,Cake,,,,Coffee
TXN_5319247,Smoothie,5,4,20,,In-store,3/2/2023,Smoothie,,,,Coffee
TXN_5351656,Tea,1,1.5,1.5,,Takeaway,3/2/2023,Tea,,,,Cake
TXN_9176418,Smoothie,1,4,4,Digital Wallet,Takeaway,3/2/2023,Smoothie,,,,Smoothie
TXN_2892693,Cookie,4,1,4,Credit Card,In-store,3/2/2023,Cookie,,,,Cake
TXN_1583983,Tea,3,1.5,4.5,Credit Card,,3/2/2023,Tea,,,,Cookie
TXN_6148776,Coffee,5,2,10,,Takeaway,3/2/2023,Coffee,,,,Coffee
TXN_6110769,Cookie,2,1,2,,,3/2/2023,Cookie,,,,Coffee
TXN_5525916,Coffee,2,2,4,Cash,Takeaway,3/2/2023,Coffee,,,,Smoothie
TXN_4625165,Salad,3,5,15,Credit Card,,3/2/2023,Salad,,,,Smoothie
TXN_6547896,Coffee,3,2,6,,,3/2/2023,Coffee,,,,Coffee
TXN_8892230,Coffee,5,2,10,,,3/2/2023,Coffee,,,,Tea
TXN_5714767,Salad,4,5,20,Digital Wallet,Takeaway,3/2/2023,Salad,,,,Smoothie
TXN_1474329,Smoothie,2,4,8,Digital Wallet,Takeaway,3/2/2023,Smoothie,,,,Cake
TXN_2205690,Cookie,5,1,5,,In-store,3/2/2023,Cookie,,,,Cake
TXN_3950331,Tea,5,1.5,7.5,Digital Wallet,,3/2/2023,Tea,,,,Cookie
TXN_8099578,Coffee,3,2,6,ERROR,Takeaway,3/2/2023,Coffee,,,,Cake
TXN_5712248,Smoothie,5,4,20,,Takeaway,3/2/2023,Smoothie,,,,Cookie
TXN_9691364,Cookie,3,1,3,Credit Card,In-store,3/2/2023,Cookie,,,,Smoothie
TXN_4353750,Cake,2,3,6,Credit Card,,3/2/2023,Cake,,,,Salad
TXN_5255387,Coffee,4,2,8,Digital Wallet,,3/2/2023,Coffee,,,,Cookie
TXN_5457133,Cake,5,3,15,ERROR,In-store,3/3/2023,Cake,,,,Cake
TXN_4916272,Tea,3,1.5,4.5,ERROR,,3/3/2023,Tea,,,,Cookie
TXN_3831364,Tea,1,1.5,1.5,Digital Wallet,UNKNOWN,3/3/2023,Tea,,,,Cake
TXN_5657259,Tea,2,1.5,3,,In-store,3/3/2023,Tea,,,,Salad
TXN_2473090,Tea,2,1.5,3,Credit Card,In-store,3/3/2023,Tea,,,,Cake
TXN_8750849,Cake,2,3,6,Credit Card,Takeaway,3/3/2023,Cake,,,,Cake
TXN_6243519,Coffee,3,2,6,Cash,Takeaway,3/3/2023,Coffee,,,,Smoothie
TXN_3413185,Cake,4,3,12,Credit Card,In-store,3/3/2023,Cake,,,,Coffee
TXN_6490609,Salad,4,5,20,,In-store,3/3/2023,Salad,,,,Salad
TXN_9938260,Smoothie,4,4,16,,In-store,3/3/2023,Smoothie,,,,Tea
TXN_6799966,Tea,4,1.5,6,Digital Wallet,,3/3/2023,Tea,,,,Cake
TXN_9576057,Tea,5,1.5,7.5,Digital Wallet,Takeaway,3/3/2023,Tea,,,,Cake
TXN_1445532,Coffee,3,2,6,Cash,Takeaway,3/3/2023,Coffee,,,,Cake
TXN_9833195,Coffee,2,2,4,,Takeaway,3/3/2023,Coffee,,,,Coffee
TXN_4336247,Coffee,5,2,10,Digital Wallet,Takeaway,3/3/2023,Coffee,,,,Smoothie
TXN_7976129,Cake,3,3,9,,In-store,3/3/2023,Cake,,,,Smoothie
TXN_8735418,Coffee,5,2,10,Digital Wallet,Takeaway,3/3/2023,Coffee,,,,Cake
TXN_5496282,Smoothie,2,4,8,,UNKNOWN,3/3/2023,Smoothie,,,,Smoothie
TXN_6317991,Cookie,5,1,5,Digital Wallet,In-store,3/3/2023,Cookie,,,,Coffee
TXN_2670824,Cake,2,3,6,Digital Wallet,Takeaway,3/3/2023,Cake,,,,Smoothie
TXN_2571835,Salad,3,5,15,,In-store,3/3/2023,Salad,,,,Cookie
TXN_9710982,Smoothie,4,4,16,,,3/3/2023,Smoothie,,,,Salad
TXN_6324687,Smoothie,1,4,4,Credit Card,Takeaway,3/3/2023,Smoothie,,,,Salad
TXN_4916085,Cake,1,3,3,Digital Wallet,,3/3/2023,Cake,,,,Tea
TXN_4870483,Coffee,1,2,2,,Takeaway,3/3/2023,Coffee,,,,Tea
TXN_4339682,Salad,5,5,25,,In-store,3/4/2023,Salad,,,,Tea
TXN_5268203,Cake,1,3,3,Credit Card,Takeaway,3/4/2023,Cake,,,,Smoothie
TXN_5485384,Smoothie,5,4,20,,,3/4/2023,Smoothie,,,,Cake
TXN_9127105,Cake,3,3,9,Cash,,3/4/2023,Cake,,,,Smoothie
TXN_4323570,Cookie,1,1,1,Cash,UNKNOWN,3/4/2023,Cookie,,,,Smoothie
TXN_8257774,Cookie,5,1,5,Cash,Takeaway,3/4/2023,Cookie,,,,Tea
TXN_2930752,Cake,2,3,6,Credit Card,,3/4/2023,Cake,,,,Smoothie
TXN_9641364,Cookie,3,1,3,ERROR,In-store,3/4/2023,Cookie,,,,Cookie
TXN_6739950,Salad,4,5,20,Credit Card,In-store,3/4/2023,Salad,,,,Salad
TXN_4799873,Cookie,3,1,3,Digital Wallet,In-store,3/4/2023,Cookie,,,,Salad
TXN_5818852,Cake,2,3,6,,,3/4/2023,Cake,,,,Tea
TXN_8917300,Cookie,1,1,1,Cash,Takeaway,3/4/2023,Cookie,,,,Smoothie
TXN_1885495,Coffee,4,2,8,Cash,,3/4/2023,Coffee,,,,Tea
TXN_4548698,Salad,2,5,10,Cash,Takeaway,3/4/2023,Salad,,,,Salad
TXN_8329144,Smoothie,2,4,8,Digital Wallet,In-store,3/4/2023,Smoothie,,,,Smoothie
TXN_2905118,Tea,5,1.5,7.5,Digital Wallet,Takeaway,3/4/2023,Tea,,,,Coffee
TXN_2844982,Cookie,1,1,1,Digital Wallet,Takeaway,3/4/2023,Cookie,,,,Cake
TXN_4343133,Cookie,4,1,4,Digital Wallet,,3/4/2023,Cookie,,,,Cake
TXN_6469563,Cake,5,3,15,Credit Card,UNKNOWN,3/4/2023,Cake,,,,Smoothie
TXN_3196388,Salad,3,5,15,Cash,In-store,3/4/2023,Salad,,,,Coffee
TXN_7056162,Smoothie,3,4,12,Digital Wallet,In-store,3/4/2023,Smoothie,,,,Coffee
TXN_2292088,Smoothie,1,4,4,Digital Wallet,Takeaway,3/4/2023,Smoothie,,,,Coffee
TXN_3546629,Cake,5,3,15,,In-store,3/4/2023,Cake,,,,Cake
TXN_9940220,Cake,2,3,6,,Takeaway,3/5/2023,Cake,,,,Cookie
TXN_2881199,Smoothie,1,4,4,Digital Wallet,,3/5/2023,Smoothie,,,,Smoothie
TXN_3572190,Coffee,5,2,10,Credit Card,Takeaway,3/5/2023,Coffee,,,,Cake
TXN_3593060,Smoothie,4,4,16,Cash,,3/5/2023,Smoothie,,,,Tea
TXN_2640727,Cake,3,3,9,Digital Wallet,Takeaway,3/5/2023,Cake,,,,Smoothie
TXN_4030197,Salad,3,5,15,Credit Card,Takeaway,3/5/2023,Salad,,,,Smoothie
TXN_5956755,Smoothie,5,4,20,Digital Wallet,Takeaway,3/5/2023,Smoothie,,,,Cake
TXN_1248167,Smoothie,1,4,4,Cash,,3/5/2023,Smoothie,,,,Tea
TXN_5410349,Cake,5,3,15,Credit Card,Takeaway,3/5/2023,Cake,,,,Smoothie
TXN_5994713,Tea,3,1.5,4.5,,Takeaway,3/5/2023,Tea,,,,Cookie
TXN_7205840,Salad,3,5,15,,,3/5/2023,Salad,,,,Coffee
TXN_4611673,Smoothie,5,4,20,Digital Wallet,,3/5/2023,Smoothie,,,,Smoothie
TXN_5649204,Smoothie,1,4,4,Cash,In-store,3/5/2023,Smoothie,,,,Salad
TXN_9579740,Cake,3,3,9,Digital Wallet,,3/5/2023,Cake,,,,Smoothie
TXN_6625294,Smoothie,2,4,8,Digital Wallet,,3/5/2023,Smoothie,,,,Cake
TXN_6621007,Cake,2,3,6,Digital Wallet,Takeaway,3/5/2023,Cake,,,,Tea
TXN_1322421,Cake,4,3,12,Credit Card,Takeaway,3/5/2023,Cake,,,,Smoothie
TXN_8863649,Cookie,1,1,1,Credit Card,In-store,3/5/2023,Cookie,,,,Smoothie
TXN_6929664,Coffee,1,2,2,,Takeaway,3/5/2023,Coffee,,,,Coffee
TXN_8526084,Cake,5,3,15,,Takeaway,3/5/2023,Cake,,,,Cookie
TXN_5858713,Cookie,2,1,2,Credit Card,In-store,3/5/2023,Cookie,,,,Cake
TXN_9997263,Cookie,2,1,2,,,3/5/2023,Cookie,,,,Smoothie
TXN_5762440,Smoothie,5,4,20,Cash,In-store,3/5/2023,Smoothie,,,,Cake
TXN_4355728,Cake,4,3,12,Credit Card,,3/6/2023,Cake,,,,Cookie
TXN_6209258,Cake,1,3,3,Credit Card,,3/6/2023,Cake,,,,Coffee
TXN_6721531,Tea,4,1.5,6,,In-store,3/6/2023,Tea,,,,Smoothie
TXN_9409728,Tea,2,1.5,3,,In-store,3/6/2023,Tea,,,,Tea
TXN_5354746,Coffee,4,2,8,Digital Wallet,Takeaway,3/6/2023,Coffee,,,,Salad
TXN_6038791,Cake,2,3,6,Digital Wallet,In-store,3/6/2023,Cake,,,,Smoothie
TXN_1546695,Coffee,5,2,10,,Takeaway,3/6/2023,Coffee,,,,Cake
TXN_6403859,Smoothie,5,4,20,Credit Card,In-store,3/6/2023,Smoothie,,,,Cake
TXN_3843541,Salad,3,5,15,Credit Card,In-store,3/6/2023,Salad,,,,Smoothie
TXN_3601338,Cake,3,3,9,Credit Card,ERROR,3/6/2023,Cake,,,,Tea
TXN_9300970,Cake,2,3,6,Credit Card,Takeaway,3/6/2023,Cake,,,,Cake
TXN_9072093,Cookie,1,1,1,,,3/6/2023,Cookie,,,,Cake
TXN_2701016,Cake,5,3,15,Digital Wallet,,3/6/2023,Cake,,,,Cake
TXN_5634977,Coffee,5,2,10,,In-store,3/6/2023,Coffee,,,,Cake
TXN_7819240,Smoothie,5,4,20,Cash,In-store,3/6/2023,Smoothie,,,,Salad
TXN_6272473,Coffee,4,2,8,Cash,Takeaway,3/6/2023,Coffee,,,,Tea
TXN_5090839,Smoothie,5,4,20,Cash,,3/6/2023,Smoothie,,,,Tea
TXN_1934166,Smoothie,5,4,20,Cash,In-store,3/6/2023,Smoothie,,,,Tea
TXN_9300618,Tea,3,1.5,4.5,Credit Card,,3/6/2023,Tea,,,,Cake
TXN_9375649,Cookie,4,1,4,,In-store,3/6/2023,Cookie,,,,Tea
TXN_5208377,Tea,2,1.5,3,,Takeaway,3/6/2023,Tea,,,,Smoothie
TXN_7662502,Cake,1,3,3,,In-store,3/6/2023,Cake,,,,Coffee
TXN_2020445,Smoothie,2,4,8,Cash,,3/6/2023,Smoothie,,,,Cake
TXN_4083004,Smoothie,5,4,20,,Takeaway,3/6/2023,Smoothie,,,,Coffee
TXN_9510130,Salad,4,5,20,Cash,,3/6/2023,Salad,,,,Salad
TXN_7851403,Coffee,5,2,10,Credit Card,Takeaway,3/6/2023,Coffee,,,,Cake
TXN_3011323,Coffee,3,2,6,Credit Card,,3/7/2023,Coffee,,,,Salad
TXN_8013032,Coffee,2,2,4,Credit Card,,3/7/2023,Coffee,,,,Smoothie
TXN_7225428,Tea,2,1.5,3,Credit Card,Takeaway,3/7/2023,Tea,,,,Cake
TXN_4258949,Cake,2,3,6,,,3/7/2023,Cake,,,,Cake
TXN_3873718,Salad,1,5,5,Cash,In-store,3/7/2023,Salad,,,,Smoothie
TXN_3051509,Cookie,5,1,5,,In-store,3/7/2023,Cookie,,,,Smoothie
TXN_7418962,Smoothie,4,4,16,Cash,,3/7/2023,Smoothie,,,,Cake
TXN_6889867,Smoothie,5,4,20,Cash,,3/7/2023,Smoothie,,,,Cake
TXN_4667663,Cake,5,3,15,Credit Card,,3/7/2023,Cake,,,,Cookie
TXN_9216314,Cake,1,3,3,Credit Card,UNKNOWN,3/7/2023,Cake,,,,Salad
TXN_9612877,Smoothie,1,4,4,Cash,In-store,3/7/2023,Smoothie,,,,Cake
TXN_8742742,Cake,4,3,12,,UNKNOWN,3/7/2023,Cake,,,,Coffee
TXN_8104431,Tea,5,1.5,7.5,,In-store,3/7/2023,Tea,,,,Cake
TXN_7970906,Coffee,4,2,8,ERROR,In-store,3/7/2023,Coffee,,,,Cookie
TXN_3898665,Smoothie,2,4,8,Cash,Takeaway,3/7/2023,Smoothie,,,,Coffee
TXN_1419669,Cake,5,3,15,Cash,Takeaway,3/7/2023,Cake,,,,Cookie
TXN_9340973,Cookie,4,1,4,Cash,,3/7/2023,Cookie,,,,Smoothie
TXN_6603668,Coffee,4,2,8,Credit Card,Takeaway,3/7/2023,Coffee,,,,Coffee
TXN_6618750,Smoothie,5,4,20,Credit Card,,3/7/2023,Smoothie,,,,Smoothie
TXN_6271633,Cake,2,3,6,Digital Wallet,In-store,3/7/2023,Cake,,,,Salad
TXN_8058105,Tea,3,1.5,4.5,Cash,,3/7/2023,Tea,,,,Smoothie
TXN_2248497,Salad,2,5,10,Cash,Takeaway,3/7/2023,Salad,,,,Cake
TXN_3732426,Smoothie,2,4,8,Digital Wallet,ERROR,3/7/2023,Smoothie,,,,Cake
TXN_5947264,Salad,1,5,5,,In-store,3/7/2023,Salad,,,,Cake
TXN_2517078,Smoothie,2,4,8,,In-store,3/7/2023,Smoothie,,,,Cookie
TXN_1875220,Tea,3,1.5,4.5,Cash,In-store,3/7/2023,Tea,,,,Salad
TXN_9811007,Cookie,5,1,5,Credit Card,,3/7/2023,Cookie,,,,Smoothie
TXN_7260110,Salad,5,5,25,Credit Card,In-store,3/7/2023,Salad,,,,Cake
TXN_7621213,Coffee,3,2,6,,In-store,3/7/2023,Coffee,,,,Salad
TXN_5967452,Cake,5,3,15,Credit Card,,3/7/2023,Cake,,,,Smoothie
TXN_4310310,Cake,3,3,9,Cash,Takeaway,3/8/2023,Cake,,,,Tea
TXN_4917580,Coffee,3,2,6,,In-store,3/8/2023,Coffee,,,,Cake
TXN_7707761,Tea,3,1.5,4.5,Credit Card,,3/8/2023,Tea,,,,Coffee
TXN_3713527,Cookie,4,1,4,ERROR,Takeaway,3/8/2023,Cookie,,,,Cake
TXN_8684125,Salad,2,5,10,Credit Card,In-store,3/8/2023,Salad,,,,Smoothie
TXN_2520102,Coffee,1,2,2,Digital Wallet,,3/8/2023,Coffee,,,,Cake
TXN_7675213,Smoothie,2,4,8,Digital Wallet,In-store,3/8/2023,Smoothie,,,,Tea
TXN_5905025,Cookie,4,1,4,,Takeaway,3/8/2023,Cookie,,,,Salad
TXN_8286164,Smoothie,1,4,4,,In-store,3/8/2023,Smoothie,,,,Coffee
TXN_8187222,Coffee,4,2,8,Credit Card,,3/8/2023,Coffee,,,,Smoothie
TXN_5697778,Cake,3,3,9,Cash,,3/8/2023,Cake,,,,Smoothie
TXN_8969428,Salad,3,5,15,,Takeaway,3/8/2023,Salad,,,,Coffee
TXN_5337566,Cookie,5,1,5,Cash,Takeaway,3/8/2023,Cookie,,,,Smoothie
TXN_8226985,Coffee,2,2,4,,,3/8/2023,Coffee,,,,Cake
TXN_7899009,Coffee,1,2,2,Cash,,3/8/2023,Coffee,,,,Coffee
TXN_8453282,Cookie,3,1,3,Cash,,3/8/2023,Cookie,,,,Smoothie
TXN_6889357,Salad,1,5,5,Cash,Takeaway,3/8/2023,Salad,,,,Smoothie
TXN_3740465,Cookie,4,1,4,Digital Wallet,,3/8/2023,Cookie,,,,Coffee
TXN_8167530,Cake,3,3,9,Cash,In-store,3/8/2023,Cake,,,,Smoothie
TXN_5896141,Smoothie,5,4,20,,In-store,3/8/2023,Smoothie,,,,Cake
TXN_1364211,Salad,2,5,10,ERROR,In-store,3/8/2023,Salad,,,,Cake
TXN_7177709,Cake,5,3,15,,Takeaway,3/8/2023,Cake,,,,Smoothie
TXN_7612056,Cookie,5,1,5,Credit Card,,3/8/2023,Cookie,,,,Tea
TXN_7514047,Salad,1,5,5,Cash,UNKNOWN,3/8/2023,Salad,,,,Cake
TXN_2638644,Tea,1,1.5,1.5,,UNKNOWN,3/8/2023,Tea,,,,Smoothie
TXN_8103630,Cookie,1,1,1,Digital Wallet,Takeaway,3/8/2023,Cookie,,,,Smoothie
TXN_6775304,Tea,4,1.5,6,Cash,In-store,3/8/2023,Tea,,,,Cookie
TXN_6810969,Smoothie,1,4,4,UNKNOWN,In-store,3/8/2023,Smoothie,,,,Coffee
TXN_9238689,Cake,1,3,3,Digital Wallet,In-store,3/9/2023,Cake,,,,Coffee
TXN_7308222,Salad,2,5,10,,Takeaway,3/9/2023,Salad,,,,Cake
TXN_5236892,Cake,1,3,3,Digital Wallet,Takeaway,3/9/2023,Cake,,,,Salad
TXN_2195630,Smoothie,5,4,20,Credit Card,Takeaway,3/9/2023,Smoothie,,,,Cookie
TXN_8271025,Cake,5,3,15,Credit Card,,3/9/2023,Cake,,,,Smoothie
TXN_6591756,Cookie,5,1,5,,,3/9/2023,Cookie,,,,Cake
TXN_5983031,Cake,3,3,9,Digital Wallet,In-store,3/9/2023,Cake,,,,Cookie
TXN_7368648,Tea,1,1.5,1.5,Digital Wallet,In-store,3/9/2023,Tea,,,,Coffee
TXN_7055306,Salad,1,5,5,,Takeaway,3/9/2023,Salad,,,,Cake
TXN_1422305,Smoothie,4,4,16,,In-store,3/9/2023,Smoothie,,,,Cookie
TXN_3564954,Smoothie,4,4,16,Cash,,3/9/2023,Smoothie,,,,Smoothie
TXN_3594827,Cake,5,3,15,Digital Wallet,In-store,3/9/2023,Cake,,,,Smoothie
TXN_2964794,Cake,2,3,6,,Takeaway,3/9/2023,Cake,,,,Coffee
TXN_7584389,Coffee,4,2,8,Cash,,3/9/2023,Coffee,,,,Tea
TXN_8639879,Salad,2,5,10,,Takeaway,3/9/2023,Salad,,,,Cookie
TXN_1020478,Coffee,1,2,2,Digital Wallet,Takeaway,3/9/2023,Coffee,,,,Tea
TXN_1292430,Smoothie,1,4,4,Credit Card,Takeaway,3/9/2023,Smoothie,,,,Cake
TXN_5270067,Cake,3,3,9,Digital Wallet,UNKNOWN,3/9/2023,Cake,,,,Cookie
TXN_5391160,Cake,2,3,6,Cash,In-store,3/9/2023,Cake,,,,Coffee
TXN_4365321,Salad,4,5,20,Cash,In-store,3/9/2023,Salad,,,,Tea
TXN_2818204,Cake,1,3,3,Digital Wallet,,3/9/2023,Cake,,,,Cake
TXN_4225756,Cookie,3,1,3,,In-store,3/10/2023,Cookie,,,,Cake
TXN_6434414,Coffee,1,2,2,Digital Wallet,Takeaway,3/10/2023,Coffee,,,,Cake
TXN_4953450,Cookie,4,1,4,ERROR,In-store,3/10/2023,Cookie,,,,Coffee
TXN_3197752,Smoothie,2,4,8,,,3/10/2023,Smoothie,,,,Smoothie
TXN_3444519,Cookie,4,1,4,,Takeaway,3/10/2023,Cookie,,,,Coffee
TXN_9039165,Smoothie,4,4,16,,Takeaway,3/10/2023,Smoothie,,,,Cookie
TXN_3733753,Smoothie,1,4,4,Digital Wallet,Takeaway,3/10/2023,Smoothie,,,,Smoothie
TXN_4995910,Cake,5,3,15,ERROR,,3/10/2023,Cake,,,,Salad
TXN_5882077,Smoothie,3,4,12,,Takeaway,3/10/2023,Smoothie,,,,Cookie
TXN_7349319,Cookie,3,1,3,Digital Wallet,,3/10/2023,Cookie,,,,Tea
TXN_4372163,Smoothie,1,4,4,,,3/10/2023,Smoothie,,,,Tea
TXN_1784150,Cookie,3,1,3,,,3/10/2023,Cookie,,,,Salad
TXN_8983868,Coffee,5,2,10,Credit Card,,3/10/2023,Coffee,,,,Coffee
TXN_5530717,Cake,1,3,3,Credit Card,In-store,3/10/2023,Cake,,,,Smoothie
TXN_3894735,Cake,5,3,15,ERROR,,3/10/2023,Cake,,,,Cake
TXN_1050323,Cake,1,3,3,,In-store,3/10/2023,Cake,,,,Tea
TXN_8606912,Salad,5,5,25,Digital Wallet,,3/10/2023,Salad,,,,Tea
TXN_8326905,Coffee,5,2,10,,Takeaway,3/10/2023,Coffee,,,,Cake
TXN_2190325,Smoothie,4,4,16,Credit Card,In-store,3/10/2023,Smoothie,,,,Cookie
TXN_2252244,Cake,2,3,6,Credit Card,,3/10/2023,Cake,,,,Smoothie
TXN_4668762,Smoothie,3,4,12,Digital Wallet,,3/10/2023,Smoothie,,,,Smoothie
TXN_8086161,Smoothie,2,4,8,Cash,In-store,3/10/2023,Smoothie,,,,Cookie
TXN_2838958,Coffee,1,2,2,Cash,Takeaway,3/10/2023,Coffee,,,,Salad
TXN_9577339,Cake,2,3,6,Digital Wallet,,3/10/2023,Cake,,,,Cookie
TXN_9455977,Tea,1,1.5,1.5,Digital Wallet,Takeaway,3/10/2023,Tea,,,,Salad
TXN_8500316,Smoothie,4,4,16,,,3/10/2023,Smoothie,,,,Salad
TXN_6025054,Coffee,1,2,2,Credit Card,Takeaway,3/10/2023,Coffee,,,,Cake
TXN_8365530,Smoothie,4,4,16,,Takeaway,3/10/2023,Smoothie,,,,Cookie
TXN_8467949,Smoothie,5,4,20,Credit Card,,3/11/2023,Smoothie,,,,Coffee
TXN_3407169,Smoothie,2,4,8,Cash,In-store,3/11/2023,Smoothie,,,,Smoothie
TXN_1380601,Tea,4,1.5,6,Digital Wallet,In-store,3/11/2023,Tea,,,,Cake
TXN_8092496,Cake,4,3,12,,In-store,3/11/2023,Cake,,,,Coffee
TXN_3094597,Smoothie,4,4,16,,,3/11/2023,Smoothie,,,,Smoothie
TXN_3629728,Smoothie,1,4,4,Digital Wallet,Takeaway,3/11/2023,Smoothie,,,,Cookie
TXN_1593691,Smoothie,2,4,8,,,3/11/2023,Smoothie,,,,Tea
TXN_4493878,Coffee,5,2,10,Credit Card,In-store,3/11/2023,Coffee,,,,Smoothie
TXN_2594056,Salad,4,5,20,Cash,,3/11/2023,Salad,,,,Cake
TXN_7498795,Cookie,2,1,2,Cash,Takeaway,3/11/2023,Cookie,,,,Salad
TXN_3447069,Cake,2,3,6,Credit Card,,3/11/2023,Cake,,,,Smoothie
TXN_8942829,Salad,5,5,25,Cash,,3/11/2023,Salad,,,,Smoothie
TXN_8533584,Cookie,2,1,2,Cash,Takeaway,3/11/2023,Cookie,,,,Smoothie
TXN_7694996,Salad,4,5,20,UNKNOWN,In-store,3/11/2023,Salad,,,,Cake
TXN_4132730,Cookie,5,1,5,,In-store,3/12/2023,Cookie,,,,Cake
TXN_2873990,Smoothie,2,4,8,,,3/12/2023,Smoothie,,,,Cake
TXN_2865104,Cake,5,3,15,,In-store,3/12/2023,Cake,,,,Cake
TXN_2161341,Salad,5,5,25,Digital Wallet,ERROR,3/12/2023,Salad,,,,Smoothie
TXN_5331285,Smoothie,3,4,12,Digital Wallet,,3/12/2023,Smoothie,,,,Smoothie
TXN_2576799,Cake,1,3,3,Cash,,3/12/2023,Cake,,,,Smoothie
TXN_6568978,Cake,3,3,9,Digital Wallet,,3/12/2023,Cake,,,,Coffee
TXN_5687012,Salad,2,5,10,Cash,,3/12/2023,Salad,,,,Smoothie
TXN_5477578,Smoothie,1,4,4,Digital Wallet,Takeaway,3/12/2023,Smoothie,,,,Tea
TXN_6142549,Cake,3,3,9,Digital Wallet,ERROR,3/12/2023,Cake,,,,Smoothie
TXN_1417871,Salad,3,5,15,Cash,Takeaway,3/12/2023,Salad,,,,Cake
TXN_3033598,Smoothie,5,4,20,Cash,Takeaway,3/12/2023,Smoothie,,,,Cake
TXN_2035137,Tea,2,1.5,3,Digital Wallet,Takeaway,3/12/2023,Tea,,,,Tea
TXN_8090361,Coffee,1,2,2,,,3/12/2023,Coffee,,,,Coffee
TXN_1923263,Smoothie,4,4,16,Digital Wallet,In-store,3/12/2023,Smoothie,,,,Smoothie
TXN_1039367,Smoothie,3,4,12,Cash,,3/12/2023,Smoothie,,,,Tea
TXN_8593064,Smoothie,4,4,16,Cash,Takeaway,3/12/2023,Smoothie,,,,Cake
TXN_6576987,Salad,3,5,15,Credit Card,Takeaway,3/12/2023,Salad,,,,Salad
TXN_1786141,Smoothie,4,4,16,ERROR,,3/12/2023,Smoothie,,,,Coffee
TXN_9653700,Cake,1,3,3,Credit Card,,3/12/2023,Cake,,,,Cake
TXN_6050844,Tea,2,1.5,3,,ERROR,3/12/2023,Tea,,,,Tea
TXN_9089045,Coffee,5,2,10,Cash,In-store,3/12/2023,Coffee,,,,Cake
TXN_9836934,Cookie,3,1,3,Digital Wallet,In-store,3/13/2023,Cookie,,,,Salad
TXN_3978874,Smoothie,5,4,20,Credit Card,In-store,3/13/2023,Smoothie,,,,Salad
TXN_8250651,Smoothie,4,4,16,Digital Wallet,In-store,3/13/2023,Smoothie,,,,Salad
TXN_6371987,Tea,5,1.5,7.5,UNKNOWN,Takeaway,3/13/2023,Tea,,,,Cake
TXN_7223120,Cake,1,3,3,,,3/13/2023,Cake,,,,Salad
TXN_7609781,Smoothie,3,4,12,Cash,In-store,3/13/2023,Smoothie,,,,Cookie
TXN_7032256,Smoothie,5,4,20,Credit Card,,3/13/2023,Smoothie,,,,Tea
TXN_4488222,Tea,3,1.5,4.5,Digital Wallet,Takeaway,3/13/2023,Tea,,,,Cake
TXN_2490435,Cookie,1,1,1,,,3/13/2023,Cookie,,,,Coffee
TXN_5589433,Cake,2,3,6,Cash,In-store,3/13/2023,Cake,,,,Tea
TXN_3033987,Cake,4,3,12,Cash,ERROR,3/13/2023,Cake,,,,Cake
TXN_7911650,Cake,2,3,6,Cash,Takeaway,3/13/2023,Cake,,,,Coffee
TXN_1425215,Cake,1,3,3,Cash,Takeaway,3/13/2023,Cake,,,,Cookie
TXN_2005789,Cake,3,3,9,Credit Card,Takeaway,3/13/2023,Cake,,,,Salad
TXN_3842567,Salad,1,5,5,Credit Card,In-store,3/13/2023,Salad,,,,Smoothie
TXN_4052950,Salad,2,5,10,Credit Card,UNKNOWN,3/13/2023,Salad,,,,Smoothie
TXN_1130142,Cookie,1,1,1,Credit Card,In-store,3/13/2023,Cookie,,,,Salad
TXN_5276301,Cake,3,3,9,Cash,UNKNOWN,3/13/2023,Cake,,,,Smoothie
TXN_6841304,Cake,1,3,3,,,3/13/2023,Cake,,,,Tea
TXN_6487493,Salad,3,5,15,Cash,In-store,3/13/2023,Salad,,,,Salad
TXN_5345258,Salad,2,5,10,Credit Card,Takeaway,3/13/2023,Salad,,,,Smoothie
TXN_3785678,Tea,1,1.5,1.5,Credit Card,Takeaway,3/13/2023,Tea,,,,Salad
TXN_5747859,Cake,1,3,3,Credit Card,Takeaway,3/13/2023,Cake,,,,Smoothie
TXN_7471753,Smoothie,5,4,20,Cash,In-store,3/13/2023,Smoothie,,,,Salad
TXN_7970325,Cake,2,3,6,,Takeaway,3/13/2023,Cake,,,,Cake
TXN_6815741,Smoothie,2,4,8,,,3/13/2023,Smoothie,,,,Cake
TXN_9154713,Coffee,4,2,8,Credit Card,In-store,3/13/2023,Coffee,,,,Cookie
TXN_5906365,Cookie,1,1,1,,,3/13/2023,Cookie,,,,Cake
TXN_2866735,Cookie,4,1,4,Cash,Takeaway,3/13/2023,Cookie,,,,Smoothie
TXN_8155535,Cake,1,3,3,,Takeaway,3/13/2023,Cake,,,,Cake
TXN_2407379,Smoothie,4,4,16,Digital Wallet,,3/13/2023,Smoothie,,,,Coffee
TXN_6618160,Tea,5,1.5,7.5,Cash,Takeaway,3/13/2023,Tea,,,,Smoothie
TXN_1633607,Cake,1,3,3,Cash,Takeaway,3/13/2023,Cake,,,,Cake
TXN_8970187,Cake,1,3,3,Digital Wallet,Takeaway,3/13/2023,Cake,,,,Cookie
TXN_2177436,Cake,1,3,3,ERROR,Takeaway,3/13/2023,Cake,,,,Cake
TXN_2200163,Coffee,4,2,8,Cash,UNKNOWN,3/13/2023,Coffee,,,,Cake
TXN_9904214,Smoothie,5,4,20,,Takeaway,3/13/2023,Smoothie,,,,Tea
TXN_4788849,Cookie,1,1,1,,Takeaway,3/13/2023,Cookie,,,,Cake
TXN_5563486,Cake,5,3,15,Digital Wallet,In-store,3/13/2023,Cake,,,,Salad
TXN_1564754,Salad,3,5,15,Digital Wallet,In-store,3/14/2023,Salad,,,,Tea
TXN_1622577,Cake,1,3,3,Cash,,3/14/2023,Cake,,,,Smoothie
TXN_9680054,Cake,3,3,9,,In-store,3/14/2023,Cake,,,,Smoothie
TXN_5738521,Coffee,5,2,10,Digital Wallet,,3/14/2023,Coffee,,,,Coffee
TXN_5470598,Cake,3,3,9,Digital Wallet,In-store,3/14/2023,Cake,,,,Salad
TXN_1064565,Cake,4,3,12,Digital Wallet,In-store,3/14/2023,Cake,,,,Cake
TXN_3105489,Cake,3,3,9,Digital Wallet,In-store,3/14/2023,Cake,,,,Coffee
TXN_6687734,Cake,1,3,3,ERROR,In-store,3/14/2023,Cake,,,,Cake
TXN_1173155,Coffee,1,2,2,Cash,In-store,3/14/2023,Coffee,,,,Coffee
TXN_6685570,Tea,1,1.5,1.5,Credit Card,In-store,3/14/2023,Tea,,,,Cake
TXN_9987017,Cookie,5,1,5,Cash,Takeaway,3/14/2023,Cookie,,,,Tea
TXN_6289180,Cake,1,3,3,Cash,In-store,3/14/2023,Cake,,,,Tea
TXN_7893709,Cake,4,3,12,Credit Card,,3/14/2023,Cake,,,,Cake
TXN_4165923,Smoothie,3,4,12,,Takeaway,3/14/2023,Smoothie,,,,Smoothie
TXN_7866805,Smoothie,3,4,12,Digital Wallet,In-store,3/14/2023,Smoothie,,,,Smoothie
TXN_8172897,Cookie,3,1,3,,Takeaway,3/14/2023,Cookie,,,,Smoothie
TXN_8833173,Smoothie,4,4,16,Digital Wallet,,3/14/2023,Smoothie,,,,Smoothie
TXN_7368518,Cake,3,3,9,UNKNOWN,,3/14/2023,Cake,,,,Cake
TXN_2085081,Cake,2,3,6,Cash,,3/14/2023,Cake,,,,Cake
TXN_1371708,Cookie,2,1,2,,Takeaway,3/14/2023,Cookie,,,,Cookie
TXN_4731715,Coffee,5,2,10,,,3/14/2023,Coffee,,,,Smoothie
TXN_9349657,Cookie,2,1,2,Credit Card,In-store,3/14/2023,Cookie,,,,Tea
TXN_8866974,Smoothie,3,4,12,Digital Wallet,Takeaway,3/14/2023,Smoothie,,,,Coffee
TXN_8914892,Salad,5,5,25,Digital Wallet,,3/15/2023,Salad,,,,Tea
TXN_1454467,Cake,3,3,9,Cash,In-store,3/15/2023,Cake,,,,Coffee
TXN_9201010,Salad,1,5,5,Credit Card,Takeaway,3/15/2023,Salad,,,,Smoothie
TXN_9152264,Cake,1,3,3,Digital Wallet,Takeaway,3/15/2023,Cake,,,,Smoothie
TXN_1437083,Smoothie,2,4,8,Credit Card,In-store,3/15/2023,Smoothie,,,,Cake
TXN_2848654,Smoothie,5,4,20,Digital Wallet,In-store,3/15/2023,Smoothie,,,,Cake
TXN_3943666,Cake,4,3,12,,Takeaway,3/15/2023,Cake,,,,Coffee
TXN_1746001,Cookie,3,1,3,Digital Wallet,Takeaway,3/15/2023,Cookie,,,,Cake
TXN_1094145,Cookie,3,1,3,Credit Card,,3/15/2023,Cookie,,,,Smoothie
TXN_6679600,Coffee,1,2,2,Digital Wallet,,3/15/2023,Coffee,,,,Tea
TXN_1548245,Smoothie,4,4,16,Credit Card,,3/15/2023,Smoothie,,,,Cake
TXN_1839407,Cookie,3,1,3,Cash,,3/15/2023,Cookie,,,,Tea
TXN_4312977,Cake,1,3,3,Digital Wallet,In-store,3/15/2023,Cake,,,,Salad
TXN_1429858,Cookie,4,1,4,Credit Card,ERROR,3/15/2023,Cookie,,,,Smoothie
TXN_6550460,Smoothie,5,4,20,,,3/15/2023,Smoothie,,,,Cake
TXN_6499084,Cake,4,3,12,Credit Card,Takeaway,3/15/2023,Cake,,,,Cake
TXN_6815801,Cookie,1,1,1,Digital Wallet,Takeaway,3/15/2023,Cookie,,,,Smoothie
TXN_3283631,Smoothie,2,4,8,Credit Card,In-store,3/15/2023,Smoothie,,,,Coffee
TXN_4032956,Coffee,5,2,10,Credit Card,,3/15/2023,Coffee,,,,Smoothie
TXN_9968926,Cake,2,3,6,Digital Wallet,Takeaway,3/15/2023,Cake,,,,Coffee
TXN_8241649,Tea,5,1.5,7.5,ERROR,,3/15/2023,Tea,,,,Tea
TXN_3787234,Tea,2,1.5,3,Digital Wallet,In-store,3/15/2023,Tea,,,,Salad
TXN_6137985,Coffee,5,2,10,Credit Card,In-store,3/15/2023,Coffee,,,,Smoothie
TXN_1535311,Cake,3,3,9,Cash,,3/16/2023,Cake,,,,Salad
TXN_7585348,Cake,3,3,9,Credit Card,Takeaway,3/16/2023,Cake,,,,Tea
TXN_3112175,Coffee,4,2,8,Cash,,3/16/2023,Coffee,,,,Coffee
TXN_8005682,Coffee,2,2,4,Credit Card,,3/16/2023,Coffee,,,,Coffee
TXN_9996195,Cake,5,3,15,Digital Wallet,In-store,3/16/2023,Cake,,,,Cookie
TXN_1605048,Cake,4,3,12,Cash,Takeaway,3/16/2023,Cake,,,,Coffee
TXN_1068317,Cake,3,3,9,Digital Wallet,Takeaway,3/16/2023,Cake,,,,Smoothie
TXN_7630750,Cake,2,3,6,Digital Wallet,In-store,3/16/2023,Cake,,,,Cake
TXN_6281959,Tea,4,1.5,6,UNKNOWN,In-store,3/16/2023,Tea,,,,Coffee
TXN_7820220,Cake,3,3,9,Credit Card,In-store,3/16/2023,Cake,,,,Tea
TXN_8287437,Tea,2,1.5,3,,,3/16/2023,Tea,,,,Cake
TXN_4135861,Salad,2,5,10,Credit Card,,3/16/2023,Salad,,,,Smoothie
TXN_6594753,Cake,3,3,9,,UNKNOWN,3/16/2023,Cake,,,,Cookie
TXN_1846455,Smoothie,4,4,16,,,3/16/2023,Smoothie,,,,Tea
TXN_7894534,Tea,3,1.5,4.5,Credit Card,In-store,3/16/2023,Tea,,,,Smoothie
TXN_7254494,Coffee,5,2,10,Credit Card,Takeaway,3/16/2023,Coffee,,,,Cookie
TXN_8008815,Salad,2,5,10,,UNKNOWN,3/16/2023,Salad,,,,Coffee
TXN_2086841,Salad,4,5,20,Credit Card,In-store,3/16/2023,Salad,,,,Cake
TXN_3635874,Smoothie,2,4,8,Cash,UNKNOWN,3/16/2023,Smoothie,,,,Salad
TXN_8526941,Smoothie,5,4,20,,Takeaway,3/16/2023,Smoothie,,,,Tea
TXN_5797307,Tea,5,1.5,7.5,,In-store,3/16/2023,Tea,,,,Smoothie
TXN_2395608,Tea,3,1.5,4.5,Cash,In-store,3/16/2023,Tea,,,,Salad
TXN_2561970,Smoothie,3,4,12,,In-store,3/16/2023,Smoothie,,,,Cake
TXN_9430262,Coffee,5,2,10,,,3/16/2023,Coffee,,,,Cake
TXN_8546777,Cake,4,3,12,,In-store,3/16/2023,Cake,,,,Smoothie
TXN_8245502,Salad,1,5,5,Credit Card,,3/16/2023,Salad,,,,Smoothie
TXN_1121833,Coffee,4,2,8,Credit Card,In-store,3/16/2023,Coffee,,,,Salad
TXN_4565969,Coffee,3,2,6,,Takeaway,3/16/2023,Coffee,,,,Cake
TXN_1983842,Cake,5,3,15,Digital Wallet,ERROR,3/16/2023,Cake,,,,Cookie
TXN_2185661,Smoothie,4,4,16,Cash,,3/16/2023,Smoothie,,,,Smoothie
TXN_7322317,Tea,1,1.5,1.5,,,3/16/2023,Tea,,,,Salad
TXN_1565027,Tea,3,1.5,4.5,,,3/16/2023,Tea,,,,Smoothie
TXN_3224156,Cookie,1,1,1,Credit Card,In-store,3/16/2023,Cookie,,,,Cake
TXN_1169615,Smoothie,5,4,20,Digital Wallet,In-store,3/16/2023,Smoothie,,,,Cake
TXN_1413304,Salad,5,5,25,,Takeaway,3/17/2023,Salad,,,,Smoothie
TXN_6110386,Smoothie,1,4,4,Cash,In-store,3/17/2023,Smoothie,,,,Cake
TXN_1630051,Smoothie,5,4,20,Digital Wallet,Takeaway,3/17/2023,Smoothie,,,,Smoothie
TXN_6893490,Coffee,3,2,6,Credit Card,Takeaway,3/17/2023,Coffee,,,,Cake
TXN_6476304,Smoothie,2,4,8,Credit Card,,3/17/2023,Smoothie,,,,Cake
TXN_6471185,Cake,5,3,15,,In-store,3/17/2023,Cake,,,,Smoothie
TXN_2798420,Tea,5,1.5,7.5,Digital Wallet,Takeaway,3/17/2023,Tea,,,,Smoothie
TXN_4207981,Smoothie,1,4,4,Digital Wallet,In-store,3/17/2023,Smoothie,,,,Cake
TXN_1769882,Cake,3,3,9,,Takeaway,3/17/2023,Cake,,,,Salad
TXN_3061634,Coffee,1,2,2,Digital Wallet,,3/17/2023,Coffee,,,,Cookie
TXN_7683607,Cake,1,3,3,Cash,,3/17/2023,Cake,,,,Cookie
TXN_1907740,Smoothie,1,4,4,Cash,,3/17/2023,Smoothie,,,,Tea
TXN_6511482,Tea,3,1.5,4.5,Credit Card,ERROR,3/17/2023,Tea,,,,Cake
TXN_4346607,Salad,2,5,10,Digital Wallet,,3/17/2023,Salad,,,,Cake
TXN_3715065,Salad,3,5,15,Credit Card,ERROR,3/17/2023,Salad,,,,Smoothie
TXN_5438652,Smoothie,4,4,16,Cash,,3/17/2023,Smoothie,,,,Coffee
TXN_7004494,Coffee,4,2,8,,Takeaway,3/17/2023,Coffee,,,,Smoothie
TXN_4878020,Cake,3,3,9,UNKNOWN,In-store,3/17/2023,Cake,,,,Coffee
TXN_9969706,Cake,5,3,15,,In-store,3/17/2023,Cake,,,,Coffee
TXN_9505924,Cake,4,3,12,,,3/17/2023,Cake,,,,Salad
TXN_2002049,Coffee,5,2,10,ERROR,,3/17/2023,Coffee,,,,Tea
TXN_9486849,Cake,1,3,3,Cash,Takeaway,3/17/2023,Cake,,,,Coffee
TXN_7938279,Tea,3,1.5,4.5,Cash,Takeaway,3/17/2023,Tea,,,,Coffee
TXN_8347965,Salad,1,5,5,Cash,Takeaway,3/17/2023,Salad,,,,Cake
TXN_2736267,Salad,5,5,25,ERROR,In-store,3/17/2023,Salad,,,,Coffee
TXN_1691313,Smoothie,2,4,8,Digital Wallet,Takeaway,3/17/2023,Smoothie,,,,Smoothie
TXN_5133476,Cake,4,3,12,ERROR,,3/17/2023,Cake,,,,Cookie
TXN_8635803,Tea,2,1.5,3,Cash,,3/17/2023,Tea,,,,Cake
TXN_1901729,Cake,2,3,6,,Takeaway,3/18/2023,Cake,,,,Tea
TXN_6057379,Salad,5,5,25,Credit Card,Takeaway,3/18/2023,Salad,,,,Smoothie
TXN_4864206,Cookie,5,1,5,Cash,In-store,3/18/2023,Cookie,,,,Cake
TXN_3879110,Cookie,4,1,4,Credit Card,Takeaway,3/18/2023,Cookie,,,,Coffee
TXN_8807333,Smoothie,5,4,20,Digital Wallet,In-store,3/18/2023,Smoothie,,,,Salad
TXN_8612901,Cake,3,3,9,Digital Wallet,UNKNOWN,3/18/2023,Cake,,,,Smoothie
TXN_8519330,Cookie,4,1,4,,,3/18/2023,Cookie,,,,Smoothie
TXN_6732494,Coffee,2,2,4,Credit Card,Takeaway,3/18/2023,Coffee,,,,Cake
TXN_9265178,Smoothie,4,4,16,Cash,Takeaway,3/18/2023,Smoothie,,,,Cookie
TXN_9640865,Cookie,2,1,2,Cash,Takeaway,3/18/2023,Cookie,,,,Tea
TXN_2355099,Salad,5,5,25,Cash,Takeaway,3/18/2023,Salad,,,,Cake
TXN_6231475,Salad,2,5,10,Credit Card,In-store,3/18/2023,Salad,,,,Salad
TXN_8079747,Salad,2,5,10,Digital Wallet,,3/18/2023,Salad,,,,Smoothie
TXN_4075817,Cookie,2,1,2,Cash,,3/18/2023,Cookie,,,,Smoothie
TXN_1354464,Cake,5,3,15,Digital Wallet,In-store,3/18/2023,Cake,,,,Cookie
TXN_6610162,Cake,4,3,12,Digital Wallet,ERROR,3/18/2023,Cake,,,,Cake
TXN_7086603,Cake,4,3,12,Credit Card,,3/18/2023,Cake,,,,Coffee
TXN_9614646,Coffee,3,2,6,,In-store,3/18/2023,Coffee,,,,Smoothie
TXN_2437751,Smoothie,1,4,4,,In-store,3/18/2023,Smoothie,,,,Cake
TXN_9349736,Smoothie,5,4,20,Cash,,3/18/2023,Smoothie,,,,Cake
TXN_4866254,Salad,4,5,20,Cash,UNKNOWN,3/18/2023,Salad,,,,Salad
TXN_9121241,Smoothie,5,4,20,,Takeaway,3/18/2023,Smoothie,,,,Tea
TXN_6498718,Coffee,4,2,8,,,3/18/2023,Coffee,,,,Cake
TXN_3645818,Cookie,1,1,1,Digital Wallet,Takeaway,3/18/2023,Cookie,,,,Cookie
TXN_2150872,Cake,5,3,15,Cash,Takeaway,3/18/2023,Cake,,,,Smoothie
TXN_6057914,Smoothie,2,4,8,Digital Wallet,ERROR,3/18/2023,Smoothie,,,,Smoothie
TXN_9364172,Tea,4,1.5,6,,Takeaway,3/18/2023,Tea,,,,Cookie
TXN_4968659,Tea,5,1.5,7.5,Credit Card,,3/18/2023,Tea,,,,Coffee
TXN_4858666,Cake,3,3,9,Credit Card,,3/18/2023,Cake,,,,Smoothie
TXN_7873479,Cookie,1,1,1,Credit Card,Takeaway,3/18/2023,Cookie,,,,Salad
TXN_5522862,Cookie,2,1,2,Credit Card,Takeaway,3/19/2023,Cookie,,,,Smoothie
TXN_6362093,Coffee,3,2,6,,,3/19/2023,Coffee,,,,Salad
TXN_8689416,Cake,5,3,15,ERROR,,3/19/2023,Cake,,,,Coffee
TXN_2058243,Smoothie,5,4,20,,Takeaway,3/19/2023,Smoothie,,,,Cookie
TXN_5669113,Smoothie,2,4,8,,Takeaway,3/19/2023,Smoothie,,,,Tea
TXN_6206171,Cake,1,3,3,Digital Wallet,,3/19/2023,Cake,,,,Cake
TXN_6451377,Salad,5,5,25,Credit Card,Takeaway,3/19/2023,Salad,,,,Coffee
TXN_9425645,Cake,3,3,9,Credit Card,Takeaway,3/19/2023,Cake,,,,Smoothie
TXN_4997327,Coffee,2,2,4,,In-store,3/19/2023,Coffee,,,,Smoothie
TXN_7852032,Smoothie,1,4,4,Cash,,3/19/2023,Smoothie,,,,Coffee
TXN_2250785,Cake,1,3,3,Cash,,3/19/2023,Cake,,,,Cake
TXN_5767429,Cake,2,3,6,UNKNOWN,UNKNOWN,3/19/2023,Cake,,,,Salad
TXN_6323914,Cake,1,3,3,Credit Card,In-store,3/19/2023,Cake,,,,Tea
TXN_5652473,Smoothie,4,4,16,,,3/19/2023,Smoothie,,,,Cake
TXN_6224451,Smoothie,1,4,4,Credit Card,UNKNOWN,3/19/2023,Smoothie,,,,Salad
TXN_9104545,Cake,2,3,6,Digital Wallet,Takeaway,3/19/2023,Cake,,,,Coffee
TXN_1281536,Smoothie,5,4,20,Digital Wallet,In-store,3/19/2023,Smoothie,,,,Salad
TXN_3209184,Salad,4,5,20,Cash,Takeaway,3/19/2023,Salad,,,,Cake
TXN_7101802,Coffee,4,2,8,,,3/19/2023,Coffee,,,,Smoothie
TXN_3618603,Salad,4,5,20,Cash,,3/19/2023,Salad,,,,Smoothie
TXN_8155540,Salad,5,5,25,Credit Card,Takeaway,3/19/2023,Salad,,,,Coffee
TXN_6667083,Cake,1,3,3,Cash,,3/19/2023,Cake,,,,Cake
TXN_6236737,Cake,5,3,15,Cash,In-store,3/19/2023,Cake,,,,Cookie
TXN_6696619,Cake,3,3,9,,Takeaway,3/19/2023,Cake,,,,Salad
TXN_5108867,Cake,3,3,9,Cash,Takeaway,3/19/2023,Cake,,,,Smoothie
TXN_8829698,Cake,2,3,6,Cash,,3/19/2023,Cake,,,,Salad
TXN_4508067,Smoothie,5,4,20,Credit Card,Takeaway,3/19/2023,Smoothie,,,,Tea
TXN_3522385,Smoothie,4,4,16,Credit Card,Takeaway,3/19/2023,Smoothie,,,,Cake
TXN_3937509,Smoothie,2,4,8,,In-store,3/20/2023,Smoothie,,,,Smoothie
TXN_3560062,Cookie,1,1,1,Cash,In-store,3/20/2023,Cookie,,,,Cake
TXN_1063366,Cake,3,3,9,,UNKNOWN,3/20/2023,Cake,,,,Smoothie
TXN_7201724,Salad,1,5,5,Cash,Takeaway,3/20/2023,Salad,,,,Smoothie
TXN_6148397,Tea,4,1.5,6,,In-store,3/20/2023,Tea,,,,Coffee
TXN_1346517,Coffee,1,2,2,Digital Wallet,Takeaway,3/20/2023,Coffee,,,,Coffee
TXN_5429861,Cake,1,3,3,Digital Wallet,,3/20/2023,Cake,,,,Coffee
TXN_5403707,Smoothie,3,4,12,Cash,In-store,3/20/2023,Smoothie,,,,Salad
TXN_3546261,Tea,3,1.5,4.5,,Takeaway,3/20/2023,Tea,,,,Smoothie
TXN_4159861,Cake,1,3,3,Digital Wallet,,3/20/2023,Cake,,,,Cake
TXN_1503903,Tea,1,1.5,1.5,Cash,Takeaway,3/20/2023,Tea,,,,Cookie
TXN_1224087,Coffee,5,2,10,Digital Wallet,Takeaway,3/20/2023,Coffee,,,,Smoothie
TXN_4434005,Cookie,1,1,1,Digital Wallet,In-store,3/20/2023,Cookie,,,,Smoothie
TXN_4506936,Cookie,1,1,1,Credit Card,Takeaway,3/20/2023,Cookie,,,,Coffee
TXN_8170122,Cookie,5,1,5,Digital Wallet,In-store,3/20/2023,Cookie,,,,Cake
TXN_1188551,Coffee,2,2,4,,,3/20/2023,Coffee,,,,Salad
TXN_9131136,Cake,2,3,6,Credit Card,UNKNOWN,3/20/2023,Cake,,,,Cake
TXN_2521185,Smoothie,2,4,8,Cash,Takeaway,3/20/2023,Smoothie,,,,Tea
TXN_5107249,Smoothie,4,4,16,Cash,UNKNOWN,3/20/2023,Smoothie,,,,Salad
TXN_6226412,Cake,3,3,9,,Takeaway,3/20/2023,Cake,,,,Coffee
TXN_6046363,Smoothie,5,4,20,Digital Wallet,Takeaway,3/20/2023,Smoothie,,,,Salad
TXN_5285666,Coffee,5,2,10,Cash,,3/20/2023,Coffee,,,,Smoothie
TXN_9104710,Salad,5,5,25,Cash,Takeaway,3/20/2023,Salad,,,,Coffee
TXN_9282265,Salad,2,5,10,Credit Card,,3/20/2023,Salad,,,,Cake
TXN_9664173,Smoothie,1,4,4,,In-store,3/20/2023,Smoothie,,,,Smoothie
TXN_2575331,Cookie,5,1,5,Cash,In-store,3/20/2023,Cookie,,,,Cake
TXN_1417400,Cookie,2,1,2,Cash,In-store,3/20/2023,Cookie,,,,Salad
TXN_8915701,Tea,2,1.5,3,,In-store,3/21/2023,Tea,,,,Tea
TXN_2301505,Cake,5,3,15,Digital Wallet,,3/21/2023,Cake,,,,Cake
TXN_8502094,Cake,5,3,15,Credit Card,In-store,3/21/2023,Cake,,,,Smoothie
TXN_5892508,Smoothie,1,4,4,Credit Card,Takeaway,3/21/2023,Smoothie,,,,Smoothie
TXN_2955040,Cake,5,3,15,,,3/21/2023,Cake,,,,Cake
TXN_3483570,Smoothie,2,4,8,ERROR,Takeaway,3/21/2023,Smoothie,,,,Smoothie
TXN_1867836,Cake,1,3,3,Credit Card,,3/21/2023,Cake,,,,Coffee
TXN_8335965,Tea,5,1.5,7.5,Credit Card,,3/21/2023,Tea,,,,Tea
TXN_6336973,Coffee,4,2,8,Digital Wallet,Takeaway,3/21/2023,Coffee,,,,Cake
TXN_4571222,Cookie,2,1,2,Credit Card,UNKNOWN,3/21/2023,Cookie,,,,Coffee
TXN_9681880,Coffee,3,2,6,Cash,In-store,3/21/2023,Coffee,,,,Cake
TXN_1097334,Coffee,2,2,4,Credit Card,Takeaway,3/21/2023,Coffee,,,,Smoothie
TXN_5297692,Cake,5,3,15,Credit Card,,3/21/2023,Cake,,,,Smoothie
TXN_1603051,Cookie,4,1,4,Credit Card,Takeaway,3/21/2023,Cookie,,,,Coffee
TXN_4153132,Salad,3,5,15,Digital Wallet,,3/21/2023,Salad,,,,Smoothie
TXN_9480851,Cake,3,3,9,,In-store,3/21/2023,Cake,,,,Cake
TXN_1058957,Cake,2,3,6,Cash,In-store,3/21/2023,Cake,,,,Smoothie
TXN_2053631,Salad,1,5,5,Credit Card,,3/21/2023,Salad,,,,Cookie
TXN_8321887,Cookie,5,1,5,,,3/21/2023,Cookie,,,,Salad
TXN_2911864,Cookie,3,1,3,Digital Wallet,Takeaway,3/21/2023,Cookie,,,,Cake
TXN_1721910,Cake,4,3,12,Digital Wallet,,3/21/2023,Cake,,,,Cake
TXN_9250024,Cookie,2,1,2,Digital Wallet,,3/21/2023,Cookie,,,,Smoothie
TXN_2470530,Cake,1,3,3,Digital Wallet,Takeaway,3/21/2023,Cake,,,,Cookie
TXN_9159655,Cookie,5,1,5,Cash,UNKNOWN,3/21/2023,Cookie,,,,Smoothie
TXN_8324715,Smoothie,5,4,20,Credit Card,,3/21/2023,Smoothie,,,,Cookie
TXN_5455792,Salad,3,5,15,Cash,,3/22/2023,Salad,,,,Smoothie
TXN_2621580,Tea,2,1.5,3,Cash,In-store,3/22/2023,Tea,,,,Cake
TXN_6347472,Tea,1,1.5,1.5,Digital Wallet,In-store,3/22/2023,Tea,,,,Smoothie
TXN_2914088,Salad,5,5,25,Cash,In-store,3/22/2023,Salad,,,,Cake
TXN_9138791,Cake,1,3,3,Digital Wallet,In-store,3/22/2023,Cake,,,,Smoothie
TXN_8399341,Tea,5,1.5,7.5,Cash,,3/22/2023,Tea,,,,Cookie
TXN_9474082,Salad,3,5,15,Digital Wallet,In-store,3/22/2023,Salad,,,,Smoothie
TXN_2982163,Coffee,4,2,8,,,3/22/2023,Coffee,,,,Cake
TXN_5214219,Salad,4,5,20,Credit Card,,3/22/2023,Salad,,,,Tea
TXN_8936591,Cookie,5,1,5,,In-store,3/22/2023,Cookie,,,,Cake
TXN_3540841,Tea,3,1.5,4.5,Credit Card,In-store,3/22/2023,Tea,,,,Coffee
TXN_6399545,Smoothie,4,4,16,Credit Card,Takeaway,3/22/2023,Smoothie,,,,Cookie
TXN_3670041,Smoothie,3,4,12,Digital Wallet,,3/22/2023,Smoothie,,,,Cake
TXN_7414587,Tea,3,1.5,4.5,Cash,Takeaway,3/22/2023,Tea,,,,Coffee
TXN_6724554,Tea,3,1.5,4.5,UNKNOWN,,3/22/2023,Tea,,,,Coffee
TXN_2320493,Smoothie,1,4,4,Digital Wallet,In-store,3/22/2023,Smoothie,,,,Salad
TXN_3984842,Tea,4,1.5,6,Credit Card,Takeaway,3/22/2023,Tea,,,,Cake
TXN_5764902,Tea,5,1.5,7.5,UNKNOWN,Takeaway,3/22/2023,Tea,,,,Coffee
TXN_1807140,Salad,1,5,5,Cash,,3/22/2023,Salad,,,,Cake
TXN_4581359,Cake,2,3,6,Credit Card,,3/22/2023,Cake,,,,Salad
TXN_1528454,Coffee,2,2,4,,In-store,3/22/2023,Coffee,,,,Cake
TXN_8765822,Cake,1,3,3,Credit Card,Takeaway,3/22/2023,Cake,,,,Cake
TXN_8267915,Smoothie,2,4,8,,Takeaway,3/22/2023,Smoothie,,,,Smoothie
TXN_5072031,Cake,2,3,6,Cash,Takeaway,3/23/2023,Cake,,,,Smoothie
TXN_9564123,Cake,4,3,12,Credit Card,,3/23/2023,Cake,,,,Tea
TXN_6439579,Tea,5,1.5,7.5,Credit Card,,3/23/2023,Tea,,,,Cake
TXN_1602799,Cake,4,3,12,Digital Wallet,Takeaway,3/23/2023,Cake,,,,Tea
TXN_1681216,Cake,3,3,9,UNKNOWN,,3/23/2023,Cake,,,,Cake
TXN_3455702,Salad,1,5,5,Cash,Takeaway,3/23/2023,Salad,,,,Cake
TXN_2788797,Tea,2,1.5,3,,,3/23/2023,Tea,,,,Cake
TXN_1375992,Coffee,5,2,10,Credit Card,In-store,3/23/2023,Coffee,,,,Tea
TXN_3026930,Cake,2,3,6,Cash,In-store,3/23/2023,Cake,,,,Cake
TXN_1442791,Tea,1,1.5,1.5,UNKNOWN,,3/23/2023,Tea,,,,Tea
TXN_6874354,Smoothie,4,4,16,Credit Card,,3/23/2023,Smoothie,,,,Salad
TXN_5483635,Cake,3,3,9,Credit Card,In-store,3/23/2023,Cake,,,,Salad
TXN_1509627,Cake,4,3,12,Digital Wallet,,3/23/2023,Cake,,,,Tea
TXN_5295223,Salad,5,5,25,Cash,In-store,3/23/2023,Salad,,,,Smoothie
TXN_1185156,Smoothie,4,4,16,,Takeaway,3/23/2023,Smoothie,,,,Tea
TXN_2586215,Cake,2,3,6,Digital Wallet,,3/23/2023,Cake,,,,Tea
TXN_8876663,Salad,2,5,10,Digital Wallet,Takeaway,3/23/2023,Salad,,,,Smoothie
TXN_5762828,Tea,2,1.5,3,Digital Wallet,UNKNOWN,3/23/2023,Tea,,,,Cake
TXN_5230719,Cake,5,3,15,Credit Card,,3/23/2023,Cake,,,,Smoothie
TXN_9196694,Cake,4,3,12,,In-store,3/23/2023,Cake,,,,Salad
TXN_1020983,Cake,1,3,3,Digital Wallet,,3/23/2023,Cake,,,,Cake
TXN_7975387,Smoothie,2,4,8,Credit Card,Takeaway,3/23/2023,Smoothie,,,,Coffee
TXN_6189486,Smoothie,5,4,20,,Takeaway,3/23/2023,Smoothie,,,,Smoothie
TXN_7497122,Smoothie,5,4,20,Digital Wallet,Takeaway,3/23/2023,Smoothie,,,,Cookie
TXN_1688499,Smoothie,2,4,8,Credit Card,,3/23/2023,Smoothie,,,,Cake
TXN_3255254,Cake,4,3,12,Cash,,3/23/2023,Cake,,,,Cake
TXN_7172693,Salad,5,5,25,Credit Card,In-store,3/23/2023,Salad,,,,Cake
TXN_1892102,Smoothie,3,4,12,Cash,,3/23/2023,Smoothie,,,,Cookie
TXN_2147706,Cake,5,3,15,UNKNOWN,,3/23/2023,Cake,,,,Salad
TXN_5908078,Coffee,1,2,2,UNKNOWN,In-store,3/23/2023,Coffee,,,,Smoothie
TXN_7292548,Cookie,4,1,4,Digital Wallet,,3/24/2023,Cookie,,,,Cake
TXN_6607568,Coffee,2,2,4,Cash,In-store,3/24/2023,Coffee,,,,Smoothie
TXN_6047026,Smoothie,2,4,8,ERROR,UNKNOWN,3/24/2023,Smoothie,,,,Coffee
TXN_7624646,Smoothie,2,4,8,,,3/24/2023,Smoothie,,,,Coffee
TXN_5158607,Smoothie,4,4,16,Credit Card,,3/24/2023,Smoothie,,,,Smoothie
TXN_2050017,Smoothie,4,4,16,,Takeaway,3/24/2023,Smoothie,,,,Smoothie
TXN_2081985,Coffee,2,2,4,Digital Wallet,UNKNOWN,3/24/2023,Coffee,,,,Cake
TXN_6220542,Cake,3,3,9,,Takeaway,3/24/2023,Cake,,,,Coffee
TXN_7272630,Tea,4,1.5,6,Cash,Takeaway,3/24/2023,Tea,,,,Coffee
TXN_4594866,Cookie,1,1,1,Digital Wallet,ERROR,3/24/2023,Cookie,,,,Tea
TXN_3842766,Tea,3,1.5,4.5,Credit Card,In-store,3/24/2023,Tea,,,,Cake
TXN_3930540,Smoothie,3,4,12,Cash,UNKNOWN,3/24/2023,Smoothie,,,,Salad
TXN_5709834,Cake,4,3,12,Digital Wallet,,3/24/2023,Cake,,,,Tea
TXN_1744319,Smoothie,3,4,12,Cash,,3/24/2023,Smoothie,,,,Salad
TXN_5691112,Cake,5,3,15,UNKNOWN,ERROR,3/24/2023,Cake,,,,Cookie
TXN_7963189,Cookie,4,1,4,Digital Wallet,Takeaway,3/24/2023,Cookie,,,,Cake
TXN_1767321,Smoothie,1,4,4,,In-store,3/24/2023,Smoothie,,,,Smoothie
TXN_3131168,Smoothie,3,4,12,Cash,,3/24/2023,Smoothie,,,,Cookie
TXN_7334418,Cookie,2,1,2,Digital Wallet,UNKNOWN,3/24/2023,Cookie,,,,Cake
TXN_2178059,Smoothie,4,4,16,,In-store,3/24/2023,Smoothie,,,,Salad
TXN_2687149,Coffee,5,2,10,,,3/24/2023,Coffee,,,,Smoothie
TXN_2755642,Cake,3,3,9,Digital Wallet,In-store,3/24/2023,Cake,,,,Cake
TXN_7229918,Coffee,2,2,4,Digital Wallet,Takeaway,3/24/2023,Coffee,,,,Salad
TXN_3755657,Smoothie,2,4,8,Digital Wallet,In-store,3/24/2023,Smoothie,,,,Cake
TXN_7483986,Salad,2,5,10,,Takeaway,3/24/2023,Salad,,,,Smoothie
TXN_9158251,Salad,2,5,10,Credit Card,,3/24/2023,Salad,,,,Coffee
TXN_8876618,Cake,5,3,15,Cash,ERROR,3/25/2023,Cake,,,,Cookie
TXN_2523298,Tea,4,1.5,6,ERROR,In-store,3/25/2023,Tea,,,,Tea
TXN_4369043,Cake,2,3,6,Cash,,3/25/2023,Cake,,,,Smoothie
TXN_2641386,Smoothie,3,4,12,UNKNOWN,Takeaway,3/25/2023,Smoothie,,,,Smoothie
TXN_4679409,Coffee,1,2,2,,In-store,3/25/2023,Coffee,,,,Smoothie
TXN_3856427,Cake,4,3,12,ERROR,In-store,3/25/2023,Cake,,,,Smoothie
TXN_3089814,Cake,5,3,15,Digital Wallet,,3/25/2023,Cake,,,,Smoothie
TXN_9975321,Salad,2,5,10,Digital Wallet,ERROR,3/25/2023,Salad,,,,Coffee
TXN_6928775,Cookie,2,1,2,Cash,In-store,3/25/2023,Cookie,,,,Tea
TXN_5644235,Salad,4,5,20,Cash,In-store,3/25/2023,Salad,,,,Cake
TXN_7210366,Cake,2,3,6,Digital Wallet,UNKNOWN,3/25/2023,Cake,,,,Coffee
TXN_3670476,Tea,3,1.5,4.5,Cash,Takeaway,3/25/2023,Tea,,,,Cake
TXN_9487214,Coffee,5,2,10,UNKNOWN,,3/25/2023,Coffee,,,,Salad
TXN_1942950,Smoothie,4,4,16,,Takeaway,3/25/2023,Smoothie,,,,Smoothie
TXN_3460926,Cake,3,3,9,Digital Wallet,Takeaway,3/25/2023,Cake,,,,Tea
TXN_4336291,Salad,5,5,25,Cash,In-store,3/25/2023,Salad,,,,Smoothie
TXN_4723529,Smoothie,2,4,8,ERROR,ERROR,3/25/2023,Smoothie,,,,Cookie
TXN_1370465,Cookie,4,1,4,Digital Wallet,,3/25/2023,Cookie,,,,Smoothie
TXN_9292025,Salad,2,5,10,Digital Wallet,In-store,3/25/2023,Salad,,,,Smoothie
TXN_2861912,Coffee,3,2,6,,In-store,3/25/2023,Coffee,,,,Smoothie
TXN_1691512,Smoothie,1,4,4,,UNKNOWN,3/25/2023,Smoothie,,,,Smoothie
TXN_3951552,Salad,2,5,10,Cash,In-store,3/25/2023,Salad,,,,Salad
TXN_8332592,Cake,5,3,15,,,3/25/2023,Cake,,,,Coffee
TXN_9817135,Salad,1,5,5,Digital Wallet,ERROR,3/25/2023,Salad,,,,Smoothie
TXN_2581559,Smoothie,1,4,4,Credit Card,Takeaway,3/25/2023,Smoothie,,,,Tea
TXN_1136554,Smoothie,3,4,12,UNKNOWN,Takeaway,3/26/2023,Smoothie,,,,Cake
TXN_3595735,Tea,4,1.5,6,Digital Wallet,Takeaway,3/26/2023,Tea,,,,Cake
TXN_5904646,Smoothie,1,4,4,ERROR,ERROR,3/26/2023,Smoothie,,,,Cake
TXN_1349738,Smoothie,3,4,12,Cash,ERROR,3/26/2023,Smoothie,,,,Cookie
TXN_1778707,Salad,5,5,25,Credit Card,Takeaway,3/26/2023,Salad,,,,Tea
TXN_8808631,Smoothie,5,4,20,ERROR,Takeaway,3/26/2023,Smoothie,,,,Coffee
TXN_8017969,Cake,1,3,3,Cash,Takeaway,3/26/2023,Cake,,,,Coffee
TXN_3869150,Cookie,3,1,3,Cash,,3/26/2023,Cookie,,,,Smoothie
TXN_8898121,Tea,4,1.5,6,Digital Wallet,,3/26/2023,Tea,,,,Cookie
TXN_7771434,Coffee,4,2,8,Credit Card,,3/26/2023,Coffee,,,,Cake
TXN_4465589,Tea,2,1.5,3,Credit Card,,3/26/2023,Tea,,,,Smoothie
TXN_9882625,Smoothie,1,4,4,Cash,In-store,3/26/2023,Smoothie,,,,Smoothie
TXN_5234152,Cookie,5,1,5,Digital Wallet,Takeaway,3/26/2023,Cookie,,,,Cake
TXN_9233948,Cookie,4,1,4,Cash,,3/26/2023,Cookie,,,,Cake
TXN_7964520,Coffee,1,2,2,,In-store,3/26/2023,Coffee,,,,Smoothie
TXN_2784588,Cake,2,3,6,Cash,Takeaway,3/26/2023,Cake,,,,Coffee
TXN_3472707,Smoothie,2,4,8,Cash,Takeaway,3/26/2023,Smoothie,,,,Cake
TXN_3919225,Cake,2,3,6,Cash,In-store,3/26/2023,Cake,,,,Smoothie
TXN_6456008,Salad,5,5,25,Credit Card,In-store,3/26/2023,Salad,,,,Salad
TXN_7866723,Smoothie,2,4,8,Credit Card,In-store,3/26/2023,Smoothie,,,,Smoothie
TXN_6711224,Cake,1,3,3,Digital Wallet,,3/26/2023,Cake,,,,Smoothie
TXN_7248594,Coffee,3,2,6,Credit Card,In-store,3/26/2023,Coffee,,,,Smoothie
TXN_9433035,Smoothie,1,4,4,Cash,In-store,3/26/2023,Smoothie,,,,Salad
TXN_4476076,Smoothie,2,4,8,Digital Wallet,Takeaway,3/26/2023,Smoothie,,,,Salad
TXN_9669749,Salad,4,5,20,Credit Card,,3/26/2023,Salad,,,,Tea
TXN_7511261,Cake,3,3,9,ERROR,,3/26/2023,Cake,,,,Smoothie
TXN_2880516,Tea,1,1.5,1.5,Cash,In-store,3/26/2023,Tea,,,,Cake
TXN_7064604,Coffee,3,2,6,Digital Wallet,,3/26/2023,Coffee,,,,Smoothie
TXN_7221831,Coffee,3,2,6,Credit Card,ERROR,3/26/2023,Coffee,,,,Cake
TXN_8970135,Cake,4,3,12,,In-store,3/26/2023,Cake,,,,Coffee
TXN_6451595,Cake,2,3,6,Credit Card,Takeaway,3/26/2023,Cake,,,,Smoothie
TXN_6113724,Coffee,1,2,2,Digital Wallet,Takeaway,3/26/2023,Coffee,,,,Tea
TXN_2486026,Tea,5,1.5,7.5,Digital Wallet,In-store,3/26/2023,Tea,,,,Cookie
TXN_7407946,Salad,3,5,15,Credit Card,,3/26/2023,Salad,,,,Salad
TXN_8563793,Cake,4,3,12,,In-store,3/26/2023,Cake,,,,Coffee
TXN_8861272,Coffee,1,2,2,Digital Wallet,,3/27/2023,Coffee,,,,Smoothie
TXN_9911498,Coffee,4,2,8,Cash,In-store,3/27/2023,Coffee,,,,Smoothie
TXN_3206049,Coffee,4,2,8,,,3/27/2023,Coffee,,,,Cake
TXN_6600858,Smoothie,3,4,12,Cash,ERROR,3/27/2023,Smoothie,,,,Cookie
TXN_9327493,Coffee,1,2,2,,UNKNOWN,3/27/2023,Coffee,,,,Coffee
TXN_8377812,Tea,2,1.5,3,Digital Wallet,In-store,3/27/2023,Tea,,,,Cake
TXN_7636238,Smoothie,4,4,16,Credit Card,,3/27/2023,Smoothie,,,,Smoothie
TXN_6472242,Smoothie,1,4,4,,,3/27/2023,Smoothie,,,,Coffee
TXN_5036856,Coffee,5,2,10,Cash,In-store,3/27/2023,Coffee,,,,Smoothie
TXN_8935939,Tea,3,1.5,4.5,Digital Wallet,Takeaway,3/27/2023,Tea,,,,Cake
TXN_8886678,Tea,5,1.5,7.5,Cash,,3/27/2023,Tea,,,,Coffee
TXN_1489200,Cake,1,3,3,UNKNOWN,ERROR,3/27/2023,Cake,,,,Cake
TXN_5148823,Cake,1,3,3,Digital Wallet,,3/27/2023,Cake,,,,Coffee
TXN_7286934,Smoothie,2,4,8,Credit Card,In-store,3/27/2023,Smoothie,,,,Salad
TXN_4971093,Smoothie,4,4,16,UNKNOWN,Takeaway,3/27/2023,Smoothie,,,,Smoothie
TXN_7558010,Cake,4,3,12,,,3/27/2023,Cake,,,,Smoothie
TXN_7485379,Cake,1,3,3,Credit Card,,3/27/2023,Cake,,,,Cookie
TXN_2678484,Coffee,1,2,2,UNKNOWN,,3/27/2023,Coffee,,,,Cake
TXN_7663739,Cookie,5,1,5,Credit Card,,3/27/2023,Cookie,,,,Coffee
TXN_1990997,Salad,1,5,5,Digital Wallet,,3/27/2023,Salad,,,,Tea
TXN_9299563,Cake,5,3,15,Credit Card,,3/27/2023,Cake,,,,Salad
TXN_3779320,Tea,4,1.5,6,Credit Card,In-store,3/27/2023,Tea,,,,Cake
TXN_1299936,Coffee,1,2,2,,Takeaway,3/27/2023,Coffee,,,,Coffee
TXN_8912001,Cookie,1,1,1,Credit Card,,3/27/2023,Cookie,,,,Smoothie
TXN_3687257,Tea,4,1.5,6,Credit Card,Takeaway,3/27/2023,Tea,,,,Coffee
TXN_5731238,Cake,2,3,6,Credit Card,,3/27/2023,Cake,,,,Cake
TXN_2653224,Cake,3,3,9,Digital Wallet,,3/27/2023,Cake,,,,Coffee
TXN_3580786,Tea,1,1.5,1.5,UNKNOWN,In-store,3/28/2023,Tea,,,,Tea
TXN_4183823,Smoothie,4,4,16,Credit Card,ERROR,3/28/2023,Smoothie,,,,Salad
TXN_1183995,Salad,5,5,25,Digital Wallet,Takeaway,3/28/2023,Salad,,,,Smoothie
TXN_4240796,Cake,4,3,12,,,3/28/2023,Cake,,,,Tea
TXN_4176373,Cookie,3,1,3,Cash,,3/28/2023,Cookie,,,,Coffee
TXN_2923987,Coffee,4,2,8,Cash,Takeaway,3/28/2023,Coffee,,,,Smoothie
TXN_4651514,Tea,2,1.5,3,Digital Wallet,In-store,3/28/2023,Tea,,,,Tea
TXN_4269933,Smoothie,2,4,8,,Takeaway,3/28/2023,Smoothie,,,,Coffee
TXN_7753587,Cake,1,3,3,Credit Card,Takeaway,3/28/2023,Cake,,,,Cake
TXN_1372492,Salad,4,5,20,Cash,Takeaway,3/28/2023,Salad,,,,Cookie
TXN_6221348,Smoothie,1,4,4,,,3/28/2023,Smoothie,,,,Cake
TXN_4781960,Cake,1,3,3,Digital Wallet,,3/28/2023,Cake,,,,Salad
TXN_2946861,Cake,3,3,9,UNKNOWN,,3/28/2023,Cake,,,,Cookie
TXN_9348280,Smoothie,2,4,8,Credit Card,In-store,3/28/2023,Smoothie,,,,Cookie
TXN_7412782,Cookie,2,1,2,Digital Wallet,Takeaway,3/28/2023,Cookie,,,,Smoothie
TXN_6425954,Smoothie,2,4,8,,In-store,3/28/2023,Smoothie,,,,Cake
TXN_8197935,Smoothie,5,4,20,Cash,In-store,3/28/2023,Smoothie,,,,Smoothie
TXN_8882176,Cookie,4,1,4,Cash,Takeaway,3/28/2023,Cookie,,,,Tea
TXN_3104867,Cake,3,3,9,Digital Wallet,,3/28/2023,Cake,,,,Smoothie
TXN_9152120,Smoothie,4,4,16,Cash,Takeaway,3/28/2023,Smoothie,,,,Salad
TXN_7196144,Smoothie,3,4,12,,,3/28/2023,Smoothie,,,,Cake
TXN_5931551,Smoothie,4,4,16,,In-store,3/28/2023,Smoothie,,,,Salad
TXN_2134763,Cake,3,3,9,Credit Card,Takeaway,3/28/2023,Cake,,,,Cake
TXN_5172383,Cake,3,3,9,Cash,In-store,3/28/2023,Cake,,,,Smoothie
TXN_7371295,Cake,3,3,9,,,3/28/2023,Cake,,,,Coffee
TXN_4543742,Coffee,3,2,6,Digital Wallet,,3/28/2023,Coffee,,,,Tea
TXN_8267031,Cake,2,3,6,,Takeaway,3/28/2023,Cake,,,,Salad
TXN_9077843,Tea,3,1.5,4.5,,,3/28/2023,Tea,,,,Tea
TXN_6355908,Smoothie,3,4,12,Credit Card,,3/28/2023,Smoothie,,,,Salad
TXN_9436284,Coffee,3,2,6,Credit Card,,3/28/2023,Coffee,,,,Cake
TXN_8877714,Cake,5,3,15,,,3/28/2023,Cake,,,,Coffee
TXN_9339456,Coffee,3,2,6,,Takeaway,3/29/2023,Coffee,,,,Salad
TXN_7031118,Salad,1,5,5,Credit Card,ERROR,3/29/2023,Salad,,,,Tea
TXN_7026504,Smoothie,5,4,20,,,3/29/2023,Smoothie,,,,Smoothie
TXN_7527249,Tea,3,1.5,4.5,UNKNOWN,Takeaway,3/29/2023,Tea,,,,Cookie
TXN_3985920,Salad,5,5,25,Digital Wallet,In-store,3/29/2023,Salad,,,,Smoothie
TXN_3918515,Salad,4,5,20,Credit Card,Takeaway,3/29/2023,Salad,,,,Cake
TXN_5384343,Cake,1,3,3,Credit Card,,3/29/2023,Cake,,,,Smoothie
TXN_4672332,Cake,4,3,12,Cash,In-store,3/29/2023,Cake,,,,Coffee
TXN_5566774,Tea,3,1.5,4.5,UNKNOWN,In-store,3/29/2023,Tea,,,,Salad
TXN_2329938,Smoothie,3,4,12,Credit Card,,3/29/2023,Smoothie,,,,Smoothie
TXN_9171458,Cake,2,3,6,,,3/29/2023,Cake,,,,Tea
TXN_9514836,Coffee,3,2,6,,In-store,3/29/2023,Coffee,,,,Smoothie
TXN_8572783,Salad,3,5,15,,,3/29/2023,Salad,,,,Salad
TXN_2274945,Smoothie,4,4,16,Cash,In-store,3/29/2023,Smoothie,,,,Tea
TXN_9728789,Cookie,3,1,3,Cash,In-store,3/29/2023,Cookie,,,,Salad
TXN_8039560,Coffee,5,2,10,Digital Wallet,,3/29/2023,Coffee,,,,Coffee
TXN_8643596,Coffee,5,2,10,Credit Card,,3/29/2023,Coffee,,,,Smoothie
TXN_3567645,Smoothie,4,4,16,Credit Card,Takeaway,3/30/2023,Smoothie,,,,Salad
TXN_8501819,Cake,2,3,6,Cash,,3/30/2023,Cake,,,,Coffee
TXN_6714420,Cake,2,3,6,Credit Card,Takeaway,3/30/2023,Cake,,,,Smoothie
TXN_7611120,Cake,2,3,6,Cash,Takeaway,3/30/2023,Cake,,,,Cake
TXN_2815335,Cake,5,3,15,Cash,,3/30/2023,Cake,,,,Coffee
TXN_9835676,Cookie,2,1,2,Digital Wallet,,3/30/2023,Cookie,,,,Salad
TXN_5284338,Coffee,4,2,8,Cash,Takeaway,3/30/2023,Coffee,,,,Cake
TXN_1035504,Smoothie,2,4,8,Digital Wallet,Takeaway,3/30/2023,Smoothie,,,,Cookie
TXN_2092288,Coffee,1,2,2,Credit Card,Takeaway,3/30/2023,Coffee,,,,Smoothie
TXN_4490958,Coffee,2,2,4,,,3/30/2023,Coffee,,,,Tea
TXN_6310726,Cookie,3,1,3,Credit Card,,3/30/2023,Cookie,,,,Salad
TXN_4318159,Coffee,4,2,8,Digital Wallet,,3/30/2023,Coffee,,,,Smoothie
TXN_1993002,Cake,4,3,12,,Takeaway,3/30/2023,Cake,,,,Smoothie
TXN_6162668,Salad,4,5,20,Digital Wallet,,3/30/2023,Salad,,,,Cookie
TXN_6768812,Coffee,4,2,8,ERROR,,3/30/2023,Coffee,,,,Smoothie
TXN_1323030,Salad,4,5,20,,In-store,3/30/2023,Salad,,,,Coffee
TXN_8212783,Salad,3,5,15,Credit Card,In-store,3/30/2023,Salad,,,,Coffee
TXN_7674694,Tea,2,1.5,3,,,3/30/2023,Tea,,,,Salad
TXN_2684400,Coffee,3,2,6,UNKNOWN,In-store,3/30/2023,Coffee,,,,Cookie
TXN_6164035,Cookie,1,1,1,Credit Card,Takeaway,3/30/2023,Cookie,,,,Smoothie
TXN_2000331,Smoothie,3,4,12,,Takeaway,3/30/2023,Smoothie,,,,Cookie
TXN_6376329,Cake,1,3,3,,Takeaway,3/30/2023,Cake,,,,Smoothie
TXN_3232227,Cookie,4,1,4,,Takeaway,3/30/2023,Cookie,,,,Cookie
TXN_2879543,Cake,5,3,15,ERROR,,3/30/2023,Cake,,,,Smoothie
TXN_6481150,Salad,4,5,20,Digital Wallet,In-store,3/30/2023,Salad,,,,Cookie
TXN_9208629,Cake,1,3,3,,Takeaway,3/30/2023,Cake,,,,Cookie
TXN_6826342,Cake,2,3,6,Credit Card,,3/30/2023,Cake,,,,Tea
TXN_3272613,Cookie,2,1,2,Cash,,3/30/2023,Cookie,,,,Coffee
TXN_9518691,Salad,2,5,10,Credit Card,ERROR,3/30/2023,Salad,,,,Tea
TXN_4971607,Smoothie,5,4,20,Cash,In-store,3/30/2023,Smoothie,,,,Coffee
TXN_2480808,Smoothie,1,4,4,Credit Card,,3/30/2023,Smoothie,,,,Salad
TXN_3105633,Coffee,1,2,2,,In-store,3/30/2023,Coffee,,,,Tea
TXN_2602893,Smoothie,5,4,20,Credit Card,,3/31/2023,Smoothie,,,,Smoothie
TXN_1967565,Smoothie,5,4,20,Credit Card,Takeaway,3/31/2023,Smoothie,,,,Smoothie
TXN_8048037,Smoothie,2,4,8,Digital Wallet,Takeaway,3/31/2023,Smoothie,,,,Cake
TXN_1741325,Tea,2,1.5,3,Credit Card,In-store,3/31/2023,Tea,,,,Salad
TXN_8958073,Smoothie,1,4,4,,,3/31/2023,Smoothie,,,,Coffee
TXN_9143440,Coffee,4,2,8,Digital Wallet,,3/31/2023,Coffee,,,,Smoothie
TXN_1498343,Salad,2,5,10,Credit Card,Takeaway,3/31/2023,Salad,,,,Smoothie
TXN_1319834,Cookie,1,1,1,,,3/31/2023,Cookie,,,,Smoothie
TXN_2475111,Cookie,3,1,3,,Takeaway,3/31/2023,Cookie,,,,Tea
TXN_5588239,Cookie,1,1,1,Digital Wallet,Takeaway,3/31/2023,Cookie,,,,Tea
TXN_2570829,Cake,1,3,3,Cash,Takeaway,3/31/2023,Cake,,,,Smoothie
TXN_7538221,Cake,5,3,15,Credit Card,Takeaway,3/31/2023,Cake,,,,Tea
TXN_3455415,Cookie,2,1,2,Credit Card,,3/31/2023,Cookie,,,,Coffee
TXN_1984966,Tea,2,1.5,3,Credit Card,Takeaway,3/31/2023,Tea,,,,Cake
TXN_4439120,Cookie,2,1,2,Credit Card,In-store,3/31/2023,Cookie,,,,Cake
TXN_3219263,Smoothie,5,4,20,UNKNOWN,Takeaway,3/31/2023,Smoothie,,,,Tea
TXN_7952232,Tea,4,1.5,6,Cash,,3/31/2023,Tea,,,,Smoothie
TXN_1294101,Tea,5,1.5,7.5,Digital Wallet,Takeaway,3/31/2023,Tea,,,,Smoothie
TXN_3145515,Smoothie,4,4,16,Cash,,3/31/2023,Smoothie,,,,Smoothie
TXN_8675922,Salad,4,5,20,ERROR,,3/31/2023,Salad,,,,Cake
TXN_6347567,Cake,5,3,15,Cash,In-store,3/31/2023,Cake,,,,Tea
TXN_6246494,Coffee,3,2,6,,In-store,3/31/2023,Coffee,,,,Cake
TXN_9857832,Tea,3,1.5,4.5,Cash,In-store,3/31/2023,Tea,,,,Tea
TXN_9395554,Coffee,4,2,8,Cash,Takeaway,3/31/2023,Coffee,,,,Smoothie
TXN_3771902,Cake,5,3,15,Cash,Takeaway,3/31/2023,Cake,,,,Coffee
TXN_3894165,Smoothie,5,4,20,Credit Card,,3/31/2023,Smoothie,,,,Salad
TXN_9656325,Coffee,2,2,4,Credit Card,Takeaway,3/31/2023,Coffee,,,,Cake
TXN_9018366,Cake,5,3,15,Cash,,3/31/2023,Cake,,,,Salad
TXN_5242469,Coffee,4,2,8,Credit Card,Takeaway,4/1/2023,Coffee,,,,Smoothie
TXN_3753993,Smoothie,5,4,20,Credit Card,,4/1/2023,Smoothie,,,,Cookie
TXN_8936782,Cake,5,3,15,,In-store,4/1/2023,Cake,,,,Smoothie
TXN_4187327,Tea,2,1.5,3,,Takeaway,4/1/2023,Tea,,,,Cake
TXN_2092306,Cake,4,3,12,ERROR,In-store,4/1/2023,Cake,,,,Cake
TXN_6177161,Tea,5,1.5,7.5,Credit Card,In-store,4/1/2023,Tea,,,,Tea
TXN_5941840,Cookie,4,1,4,,,4/1/2023,Cookie,,,,Coffee
TXN_2769769,Salad,5,5,25,Credit Card,In-store,4/1/2023,Salad,,,,Smoothie
TXN_8978004,Coffee,2,2,4,Digital Wallet,In-store,4/1/2023,Coffee,,,,Cookie
TXN_8301190,Coffee,1,2,2,Cash,Takeaway,4/1/2023,Coffee,,,,Cookie
TXN_3442435,Smoothie,2,4,8,Digital Wallet,In-store,4/1/2023,Smoothie,,,,Smoothie
TXN_7896831,Coffee,5,2,10,Cash,Takeaway,4/1/2023,Coffee,,,,Smoothie
TXN_6755791,Coffee,2,2,4,Cash,,4/1/2023,Coffee,,,,Smoothie
TXN_8362750,Salad,4,5,20,,In-store,4/1/2023,Salad,,,,Cookie
TXN_7964661,Cake,3,3,9,Cash,ERROR,4/1/2023,Cake,,,,Tea
TXN_6513163,Cake,2,3,6,Digital Wallet,Takeaway,4/1/2023,Cake,,,,Cake
TXN_9773646,Cake,4,3,12,Credit Card,Takeaway,4/1/2023,Cake,,,,Coffee
TXN_6640488,Tea,3,1.5,4.5,Credit Card,Takeaway,4/1/2023,Tea,,,,Cookie
TXN_2379467,Coffee,5,2,10,,,4/1/2023,Coffee,,,,Salad
TXN_5602640,Smoothie,5,4,20,,Takeaway,4/1/2023,Smoothie,,,,Coffee
TXN_1938413,Smoothie,4,4,16,Digital Wallet,,4/1/2023,Smoothie,,,,Cookie
TXN_2935761,Smoothie,4,4,16,Digital Wallet,,4/1/2023,Smoothie,,,,Coffee
TXN_1903825,Salad,4,5,20,Digital Wallet,Takeaway,4/1/2023,Salad,,,,Cake
TXN_2912934,Cookie,5,1,5,Credit Card,,4/1/2023,Cookie,,,,Smoothie
TXN_8963106,Coffee,5,2,10,Cash,In-store,4/1/2023,Coffee,,,,Cake
TXN_3616839,Cake,4,3,12,Digital Wallet,,4/1/2023,Cake,,,,Salad
TXN_8076061,Tea,4,1.5,6,Cash,In-store,4/1/2023,Tea,,,,Salad
TXN_3955361,Cookie,5,1,5,,Takeaway,4/2/2023,Cookie,,,,Smoothie
TXN_7923140,Coffee,2,2,4,Digital Wallet,,4/2/2023,Coffee,,,,Coffee
TXN_6846047,Salad,1,5,5,Digital Wallet,ERROR,4/2/2023,Salad,,,,Salad
TXN_8908193,Smoothie,5,4,20,Cash,UNKNOWN,4/2/2023,Smoothie,,,,Salad
TXN_4746320,Cookie,2,1,2,ERROR,Takeaway,4/2/2023,Cookie,,,,Coffee
TXN_4801617,Cake,5,3,15,,,4/2/2023,Cake,,,,Cake
TXN_3658211,Cake,4,3,12,Cash,Takeaway,4/2/2023,Cake,,,,Smoothie
TXN_7466586,Salad,4,5,20,Digital Wallet,Takeaway,4/2/2023,Salad,,,,Cake
TXN_6707466,Salad,2,5,10,Credit Card,,4/2/2023,Salad,,,,Salad
TXN_4190750,Cake,5,3,15,,Takeaway,4/2/2023,Cake,,,,Smoothie
TXN_2251009,Cookie,5,1,5,,,4/2/2023,Cookie,,,,Cake
TXN_9810604,Cake,2,3,6,ERROR,Takeaway,4/2/2023,Cake,,,,Cake
TXN_9011816,Cake,1,3,3,UNKNOWN,Takeaway,4/2/2023,Cake,,,,Smoothie
TXN_7619641,Cake,3,3,9,,In-store,4/2/2023,Cake,,,,Tea
TXN_4021467,Coffee,2,2,4,,Takeaway,4/2/2023,Coffee,,,,Coffee
TXN_5814878,Smoothie,2,4,8,Digital Wallet,,4/2/2023,Smoothie,,,,Coffee
TXN_6732096,Smoothie,2,4,8,,In-store,4/2/2023,Smoothie,,,,Tea
TXN_6655913,Cookie,1,1,1,Credit Card,In-store,4/2/2023,Cookie,,,,Smoothie
TXN_6182856,Cake,4,3,12,Credit Card,Takeaway,4/2/2023,Cake,,,,Smoothie
TXN_1610137,Coffee,3,2,6,Cash,Takeaway,4/2/2023,Coffee,,,,Cookie
TXN_4187673,Cake,2,3,6,Digital Wallet,,4/2/2023,Cake,,,,Smoothie
TXN_7445257,Coffee,1,2,2,,,4/2/2023,Coffee,,,,Cake
TXN_8099424,Cake,4,3,12,,Takeaway,4/2/2023,Cake,,,,Cake
TXN_8592808,Smoothie,1,4,4,Credit Card,,4/2/2023,Smoothie,,,,Cake
TXN_1891217,Tea,5,1.5,7.5,,,4/2/2023,Tea,,,,Tea
TXN_1521861,Cake,5,3,15,Cash,In-store,4/2/2023,Cake,,,,Smoothie
TXN_2764544,Cake,4,3,12,Cash,In-store,4/2/2023,Cake,,,,Salad
TXN_9853220,Cookie,5,1,5,Credit Card,In-store,4/2/2023,Cookie,,,,Coffee
TXN_7152012,Smoothie,3,4,12,Digital Wallet,In-store,4/2/2023,Smoothie,,,,Tea
TXN_5618377,Smoothie,2,4,8,,In-store,4/2/2023,Smoothie,,,,Cookie
TXN_2464236,Cookie,5,1,5,Digital Wallet,,4/2/2023,Cookie,,,,Salad
TXN_1696813,Cookie,3,1,3,Cash,In-store,4/2/2023,Cookie,,,,Coffee
TXN_4607296,Cake,5,3,15,ERROR,In-store,4/2/2023,Cake,,,,Cookie
TXN_3775339,Cookie,3,1,3,Credit Card,UNKNOWN,4/3/2023,Cookie,,,,Cookie
TXN_3392848,Cake,2,3,6,Cash,In-store,4/3/2023,Cake,,,,Cake
TXN_4836614,Tea,4,1.5,6,Digital Wallet,,4/3/2023,Tea,,,,Cookie
TXN_3750900,Tea,2,1.5,3,Credit Card,In-store,4/3/2023,Tea,,,,Smoothie
TXN_2513950,Smoothie,4,4,16,,In-store,4/3/2023,Smoothie,,,,Tea
TXN_8568597,Cake,1,3,3,Digital Wallet,Takeaway,4/3/2023,Cake,,,,Cake
TXN_3597656,Coffee,4,2,8,Digital Wallet,,4/3/2023,Coffee,,,,Smoothie
TXN_8721484,Coffee,4,2,8,,UNKNOWN,4/3/2023,Coffee,,,,Tea
TXN_5483442,Tea,5,1.5,7.5,Cash,,4/3/2023,Tea,,,,Cookie
TXN_5744026,Salad,4,5,20,,,4/3/2023,Salad,,,,Cake
TXN_7595042,Salad,1,5,5,,Takeaway,4/3/2023,Salad,,,,Salad
TXN_2371827,Cookie,5,1,5,Cash,In-store,4/3/2023,Cookie,,,,Smoothie
TXN_9087746,Coffee,4,2,8,Digital Wallet,,4/3/2023,Coffee,,,,Smoothie
TXN_3812053,Coffee,5,2,10,,In-store,4/3/2023,Coffee,,,,Tea
TXN_5734186,Cake,3,3,9,Cash,,4/3/2023,Cake,,,,Tea
TXN_5127819,Cake,3,3,9,ERROR,,4/3/2023,Cake,,,,Smoothie
TXN_7825796,Tea,2,1.5,3,,,4/3/2023,Tea,,,,Smoothie
TXN_3522028,Smoothie,5,4,20,Cash,In-store,4/4/2023,Smoothie,,,,Salad
TXN_2651216,Smoothie,3,4,12,,,4/4/2023,Smoothie,,,,Coffee
TXN_9498325,Salad,1,5,5,,,4/4/2023,Salad,,,,Cookie
TXN_3439712,Cake,4,3,12,,In-store,4/4/2023,Cake,,,,Smoothie
TXN_7134064,Smoothie,5,4,20,Credit Card,Takeaway,4/4/2023,Smoothie,,,,Salad
TXN_4735392,Smoothie,3,4,12,Credit Card,Takeaway,4/4/2023,Smoothie,,,,Cake
TXN_1672708,Salad,4,5,20,,,4/4/2023,Salad,,,,Cake
TXN_2955691,Cake,1,3,3,,Takeaway,4/4/2023,Cake,,,,Cookie
TXN_7932895,Smoothie,2,4,8,,In-store,4/4/2023,Smoothie,,,,Cake
TXN_1239876,Smoothie,2,4,8,Digital Wallet,In-store,4/4/2023,Smoothie,,,,Cookie
TXN_4502704,Tea,4,1.5,6,UNKNOWN,In-store,4/4/2023,Tea,,,,Smoothie
TXN_9153854,Smoothie,2,4,8,,In-store,4/4/2023,Smoothie,,,,Coffee
TXN_1278539,Tea,1,1.5,1.5,Credit Card,Takeaway,4/4/2023,Tea,,,,Cookie
TXN_2398895,Cake,5,3,15,Digital Wallet,In-store,4/4/2023,Cake,,,,Smoothie
TXN_9940829,Smoothie,3,4,12,,In-store,4/4/2023,Smoothie,,,,Tea
TXN_9219961,Coffee,5,2,10,Credit Card,ERROR,4/4/2023,Coffee,,,,Smoothie
TXN_2199500,Smoothie,1,4,4,Credit Card,,4/4/2023,Smoothie,,,,Smoothie
TXN_6294315,Cookie,2,1,2,Digital Wallet,,4/4/2023,Cookie,,,,Smoothie
TXN_6904952,Salad,4,5,20,Digital Wallet,Takeaway,4/4/2023,Salad,,,,Cake
TXN_3440463,Cake,1,3,3,Credit Card,Takeaway,4/4/2023,Cake,,,,Coffee
TXN_8002309,Smoothie,1,4,4,,,4/4/2023,Smoothie,,,,Smoothie
TXN_9883214,Cake,3,3,9,,,4/4/2023,Cake,,,,Smoothie
TXN_5153686,Coffee,5,2,10,,Takeaway,4/5/2023,Coffee,,,,Coffee
TXN_8550184,Cake,3,3,9,Digital Wallet,Takeaway,4/5/2023,Cake,,,,Tea
TXN_4449173,Coffee,1,2,2,Digital Wallet,Takeaway,4/5/2023,Coffee,,,,Smoothie
TXN_6755757,Smoothie,4,4,16,Credit Card,In-store,4/5/2023,Smoothie,,,,Tea
TXN_8295765,Cake,4,3,12,,Takeaway,4/5/2023,Cake,,,,Salad
TXN_4178899,Coffee,2,2,4,,Takeaway,4/5/2023,Coffee,,,,Cake
TXN_1472433,Coffee,1,2,2,Digital Wallet,Takeaway,4/5/2023,Coffee,,,,Salad
TXN_8786159,Coffee,3,2,6,Cash,In-store,4/5/2023,Coffee,,,,Cake
TXN_7302991,Smoothie,4,4,16,Digital Wallet,Takeaway,4/5/2023,Smoothie,,,,Salad
TXN_8028042,Coffee,3,2,6,,,4/5/2023,Coffee,,,,Coffee
TXN_2102561,Cookie,2,1,2,,In-store,4/5/2023,Cookie,,,,Cake
TXN_4238818,Coffee,2,2,4,Digital Wallet,UNKNOWN,4/5/2023,Coffee,,,,Salad
TXN_4062634,Salad,2,5,10,Credit Card,In-store,4/5/2023,Salad,,,,Smoothie
TXN_6273431,Cake,2,3,6,,In-store,4/5/2023,Cake,,,,Smoothie
TXN_1266598,Cake,4,3,12,Digital Wallet,,4/5/2023,Cake,,,,Cake
TXN_6845073,Cookie,1,1,1,Credit Card,In-store,4/5/2023,Cookie,,,,Salad
TXN_9676096,Cake,3,3,9,Digital Wallet,,4/5/2023,Cake,,,,Tea
TXN_1899114,Tea,3,1.5,4.5,Digital Wallet,Takeaway,4/5/2023,Tea,,,,Cake
TXN_1180397,Smoothie,3,4,12,Credit Card,Takeaway,4/5/2023,Smoothie,,,,Cake
TXN_5326795,Cookie,2,1,2,,,4/5/2023,Cookie,,,,Cookie
TXN_4552137,Tea,2,1.5,3,,In-store,4/5/2023,Tea,,,,Cake
TXN_8471743,Cake,5,3,15,Digital Wallet,In-store,4/6/2023,Cake,,,,Salad
TXN_1130191,Smoothie,2,4,8,Cash,In-store,4/6/2023,Smoothie,,,,Salad
TXN_1556652,Cake,5,3,15,Digital Wallet,ERROR,4/6/2023,Cake,,,,Tea
TXN_3224921,Smoothie,5,4,20,,In-store,4/6/2023,Smoothie,,,,Cake
TXN_3109334,Smoothie,3,4,12,,In-store,4/6/2023,Smoothie,,,,Cake
TXN_5342589,Tea,2,1.5,3,Digital Wallet,ERROR,4/6/2023,Tea,,,,Cake
TXN_9373436,Salad,4,5,20,Digital Wallet,,4/6/2023,Salad,,,,Cookie
TXN_2093816,Smoothie,3,4,12,Cash,Takeaway,4/6/2023,Smoothie,,,,Cookie
TXN_9813943,Salad,2,5,10,Cash,,4/6/2023,Salad,,,,Smoothie
TXN_2135613,Smoothie,3,4,12,Digital Wallet,,4/6/2023,Smoothie,,,,Salad
TXN_2982995,Salad,1,5,5,Credit Card,Takeaway,4/6/2023,Salad,,,,Tea
TXN_3038078,Cookie,1,1,1,Credit Card,Takeaway,4/6/2023,Cookie,,,,Cookie
TXN_2172301,Cookie,4,1,4,Digital Wallet,Takeaway,4/6/2023,Cookie,,,,Tea
TXN_1720329,Cookie,2,1,2,Cash,,4/6/2023,Cookie,,,,Tea
TXN_3396099,Coffee,1,2,2,Digital Wallet,In-store,4/6/2023,Coffee,,,,Coffee
TXN_2365394,Cake,2,3,6,Digital Wallet,In-store,4/6/2023,Cake,,,,Cookie
TXN_1647069,Smoothie,1,4,4,Credit Card,Takeaway,4/6/2023,Smoothie,,,,Cookie
TXN_2139240,Smoothie,4,4,16,Digital Wallet,,4/6/2023,Smoothie,,,,Cookie
TXN_2167159,Cake,2,3,6,Cash,UNKNOWN,4/6/2023,Cake,,,,Cookie
TXN_3551665,Cake,4,3,12,Credit Card,In-store,4/6/2023,Cake,,,,Salad
TXN_4256155,Cake,5,3,15,,Takeaway,4/6/2023,Cake,,,,Cake
TXN_5373154,Cake,3,3,9,Digital Wallet,,4/6/2023,Cake,,,,Smoothie
TXN_7359566,Coffee,1,2,2,Cash,In-store,4/6/2023,Coffee,,,,Cookie
TXN_3686848,Tea,3,1.5,4.5,,,4/6/2023,Tea,,,,Smoothie
TXN_7580803,Cake,4,3,12,Cash,In-store,4/6/2023,Cake,,,,Salad
TXN_9110336,Cookie,5,1,5,Digital Wallet,ERROR,4/6/2023,Cookie,,,,Cake
TXN_1413310,Smoothie,3,4,12,,Takeaway,4/6/2023,Smoothie,,,,Cookie
TXN_2526267,Smoothie,5,4,20,Cash,In-store,4/6/2023,Smoothie,,,,Salad
TXN_2437112,Cookie,3,1,3,,,4/6/2023,Cookie,,,,Cake
TXN_6206421,Smoothie,2,4,8,,In-store,4/6/2023,Smoothie,,,,Cookie
TXN_8540794,Cake,4,3,12,Cash,,4/6/2023,Cake,,,,Smoothie
TXN_9969836,Cookie,5,1,5,Digital Wallet,Takeaway,4/6/2023,Cookie,,,,Coffee
TXN_7248722,Cake,3,3,9,Cash,Takeaway,4/6/2023,Cake,,,,Salad
TXN_7548396,Tea,2,1.5,3,Digital Wallet,,4/6/2023,Tea,,,,Cake
TXN_5171519,Salad,3,5,15,,In-store,4/6/2023,Salad,,,,Tea
TXN_7412722,Cake,4,3,12,Cash,In-store,4/7/2023,Cake,,,,Cookie
TXN_3952218,Salad,5,5,25,,,4/7/2023,Salad,,,,Cookie
TXN_1987212,Smoothie,5,4,20,Credit Card,Takeaway,4/7/2023,Smoothie,,,,Tea
TXN_4680399,Cake,5,3,15,Digital Wallet,,4/7/2023,Cake,,,,Cake
TXN_9450903,Smoothie,3,4,12,Digital Wallet,,4/7/2023,Smoothie,,,,Salad
TXN_1902038,Coffee,4,2,8,Credit Card,Takeaway,4/7/2023,Coffee,,,,Cake
TXN_9685326,Smoothie,3,4,12,Digital Wallet,Takeaway,4/7/2023,Smoothie,,,,Tea
TXN_6968752,Tea,1,1.5,1.5,,,4/7/2023,Tea,,,,Cake
TXN_6004431,Smoothie,2,4,8,Cash,Takeaway,4/7/2023,Smoothie,,,,Coffee
TXN_4637438,Salad,2,5,10,,Takeaway,4/7/2023,Salad,,,,Cookie
TXN_6196052,Smoothie,5,4,20,Cash,Takeaway,4/7/2023,Smoothie,,,,Cake
TXN_7939011,Cake,5,3,15,UNKNOWN,In-store,4/7/2023,Cake,,,,Tea
TXN_5269634,Cake,5,3,15,Digital Wallet,In-store,4/7/2023,Cake,,,,Cake
TXN_4335735,Coffee,2,2,4,,,4/7/2023,Coffee,,,,Coffee
TXN_8363628,Salad,1,5,5,Digital Wallet,,4/7/2023,Salad,,,,Cookie
TXN_6034596,Salad,1,5,5,,Takeaway,4/7/2023,Salad,,,,Cake
TXN_8062811,Coffee,2,2,4,Cash,Takeaway,4/7/2023,Coffee,,,,Smoothie
TXN_2054549,Smoothie,1,4,4,UNKNOWN,In-store,4/7/2023,Smoothie,,,,Coffee
TXN_1728644,Coffee,1,2,2,Cash,Takeaway,4/7/2023,Coffee,,,,Cake
TXN_8445753,Tea,4,1.5,6,Cash,Takeaway,4/7/2023,Tea,,,,Coffee
TXN_8732682,Salad,5,5,25,Credit Card,In-store,4/7/2023,Salad,,,,Coffee
TXN_2277042,Tea,1,1.5,1.5,Cash,,4/8/2023,Tea,,,,Salad
TXN_5576265,Smoothie,4,4,16,Credit Card,Takeaway,4/8/2023,Smoothie,,,,Smoothie
TXN_2471972,Cookie,1,1,1,Cash,Takeaway,4/8/2023,Cookie,,,,Salad
TXN_5591967,Smoothie,1,4,4,Credit Card,Takeaway,4/8/2023,Smoothie,,,,Smoothie
TXN_7416770,Cake,3,3,9,,Takeaway,4/8/2023,Cake,,,,Coffee
TXN_2399870,Salad,4,5,20,,,4/8/2023,Salad,,,,Cake
TXN_5698925,Cake,2,3,6,,In-store,4/8/2023,Cake,,,,Smoothie
TXN_6543620,Cookie,2,1,2,Cash,Takeaway,4/8/2023,Cookie,,,,Smoothie
TXN_1399696,Cake,5,3,15,Cash,In-store,4/8/2023,Cake,,,,Cake
TXN_5346493,Cookie,5,1,5,Digital Wallet,In-store,4/8/2023,Cookie,,,,Cake
TXN_2972777,Cake,4,3,12,Credit Card,,4/8/2023,Cake,,,,Cake
TXN_9592941,Tea,5,1.5,7.5,Digital Wallet,In-store,4/8/2023,Tea,,,,Salad
TXN_4554168,Tea,4,1.5,6,Digital Wallet,In-store,4/8/2023,Tea,,,,Cookie
TXN_4697112,Smoothie,3,4,12,Credit Card,,4/8/2023,Smoothie,,,,Smoothie
TXN_1080377,Cake,2,3,6,ERROR,,4/8/2023,Cake,,,,Cake
TXN_3039985,Cookie,5,1,5,Digital Wallet,In-store,4/8/2023,Cookie,,,,Smoothie
TXN_5748083,Salad,2,5,10,,Takeaway,4/8/2023,Salad,,,,Tea
TXN_9941872,Salad,3,5,15,,,4/8/2023,Salad,,,,Coffee
TXN_8049058,Cake,2,3,6,Cash,ERROR,4/8/2023,Cake,,,,Smoothie
TXN_7608637,Salad,1,5,5,Digital Wallet,,4/8/2023,Salad,,,,Smoothie
TXN_5350735,Tea,2,1.5,3,Cash,UNKNOWN,4/8/2023,Tea,,,,Coffee
TXN_8297751,Salad,3,5,15,Cash,Takeaway,4/8/2023,Salad,,,,Coffee
TXN_5640232,Smoothie,4,4,16,Digital Wallet,UNKNOWN,4/8/2023,Smoothie,,,,Smoothie
TXN_3543133,Tea,2,1.5,3,,,4/8/2023,Tea,,,,Coffee
TXN_9478033,Cake,2,3,6,,In-store,4/8/2023,Cake,,,,Smoothie
TXN_1532390,Tea,5,1.5,7.5,Digital Wallet,ERROR,4/8/2023,Tea,,,,Cake
TXN_5316852,Coffee,2,2,4,Digital Wallet,,4/8/2023,Coffee,,,,Coffee
TXN_7256205,Cake,4,3,12,Cash,,4/8/2023,Cake,,,,Cookie
TXN_7791293,Salad,3,5,15,Credit Card,Takeaway,4/8/2023,Salad,,,,Cake
TXN_3730415,Cake,4,3,12,Credit Card,Takeaway,4/9/2023,Cake,,,,Salad
TXN_8320245,Tea,3,1.5,4.5,,Takeaway,4/9/2023,Tea,,,,Cake
TXN_4074732,Salad,3,5,15,Credit Card,UNKNOWN,4/9/2023,Salad,,,,Cake
TXN_2255634,Salad,4,5,20,,,4/9/2023,Salad,,,,Coffee
TXN_7323833,Smoothie,3,4,12,Credit Card,,4/9/2023,Smoothie,,,,Smoothie
TXN_2553269,Cookie,5,1,5,Digital Wallet,,4/9/2023,Cookie,,,,Smoothie
TXN_8999576,Cake,5,3,15,Digital Wallet,Takeaway,4/9/2023,Cake,,,,Cake
TXN_2563679,Salad,3,5,15,Digital Wallet,,4/9/2023,Salad,,,,Tea
TXN_1661068,Salad,3,5,15,Cash,Takeaway,4/9/2023,Salad,,,,Cookie
TXN_4552615,Cake,2,3,6,Cash,Takeaway,4/9/2023,Cake,,,,Smoothie
TXN_1858674,Smoothie,2,4,8,,In-store,4/9/2023,Smoothie,,,,Cake
TXN_1570573,Smoothie,3,4,12,Digital Wallet,Takeaway,4/9/2023,Smoothie,,,,Tea
TXN_1285279,Coffee,2,2,4,Cash,Takeaway,4/9/2023,Coffee,,,,Salad
TXN_1556046,Smoothie,4,4,16,Credit Card,Takeaway,4/9/2023,Smoothie,,,,Coffee
TXN_2682803,Cake,5,3,15,Credit Card,Takeaway,4/9/2023,Cake,,,,Coffee
TXN_9151273,Tea,2,1.5,3,Cash,,4/9/2023,Tea,,,,Salad
TXN_5087453,Tea,3,1.5,4.5,Cash,Takeaway,4/9/2023,Tea,,,,Cookie
TXN_6205234,Cake,5,3,15,Digital Wallet,,4/9/2023,Cake,,,,Cake
TXN_1721366,Smoothie,5,4,20,Digital Wallet,In-store,4/9/2023,Smoothie,,,,Cake
TXN_7268387,Cake,3,3,9,Credit Card,Takeaway,4/9/2023,Cake,,,,Coffee
TXN_6064232,Tea,2,1.5,3,Credit Card,Takeaway,4/9/2023,Tea,,,,Tea
TXN_8266662,Coffee,5,2,10,Credit Card,,4/9/2023,Coffee,,,,Salad
TXN_3274591,Cake,5,3,15,UNKNOWN,Takeaway,4/9/2023,Cake,,,,Cake
TXN_6837879,Cake,5,3,15,Digital Wallet,,4/9/2023,Cake,,,,Cake
TXN_2644962,Smoothie,2,4,8,UNKNOWN,,4/9/2023,Smoothie,,,,Cookie
TXN_5425668,Cookie,5,1,5,Cash,Takeaway,4/9/2023,Cookie,,,,Cookie
TXN_2421387,Cookie,4,1,4,,,4/9/2023,Cookie,,,,Salad
TXN_6836109,Coffee,4,2,8,,Takeaway,4/9/2023,Coffee,,,,Smoothie
TXN_5672583,Cake,2,3,6,Cash,Takeaway,4/9/2023,Cake,,,,Cookie
TXN_7571571,Smoothie,2,4,8,Credit Card,,4/9/2023,Smoothie,,,,Cake
TXN_9881555,Cake,5,3,15,Cash,In-store,4/9/2023,Cake,,,,Smoothie
TXN_5695074,Cake,4,3,12,Credit Card,Takeaway,4/10/2023,Cake,,,,Smoothie
TXN_7063124,Cake,1,3,3,,Takeaway,4/10/2023,Cake,,,,Cake
TXN_2726700,Tea,2,1.5,3,Digital Wallet,,4/10/2023,Tea,,,,Tea
TXN_3727374,Cake,2,3,6,,In-store,4/10/2023,Cake,,,,Smoothie
TXN_3712466,Cake,5,3,15,Digital Wallet,ERROR,4/10/2023,Cake,,,,Smoothie
TXN_9372046,Coffee,3,2,6,Credit Card,In-store,4/10/2023,Coffee,,,,Smoothie
TXN_7169607,Cake,2,3,6,Credit Card,,4/10/2023,Cake,,,,Tea
TXN_5227574,Cake,4,3,12,Digital Wallet,ERROR,4/10/2023,Cake,,,,Coffee
TXN_6437181,Cake,4,3,12,Credit Card,,4/10/2023,Cake,,,,Coffee
TXN_6716918,Coffee,2,2,4,,,4/10/2023,Coffee,,,,Cake
TXN_2278015,Tea,2,1.5,3,Digital Wallet,In-store,4/10/2023,Tea,,,,Cookie
TXN_7268802,Salad,2,5,10,Digital Wallet,Takeaway,4/10/2023,Salad,,,,Cake
TXN_4966149,Cake,2,3,6,Cash,,4/10/2023,Cake,,,,Tea
TXN_1135215,Smoothie,3,4,12,,In-store,4/10/2023,Smoothie,,,,Smoothie
TXN_2030078,Smoothie,1,4,4,Digital Wallet,Takeaway,4/10/2023,Smoothie,,,,Coffee
TXN_2532519,Cake,2,3,6,Digital Wallet,,4/10/2023,Cake,,,,Coffee
TXN_4213071,Salad,1,5,5,,Takeaway,4/10/2023,Salad,,,,Smoothie
TXN_5257531,Tea,2,1.5,3,,UNKNOWN,4/10/2023,Tea,,,,Smoothie
TXN_1584851,Smoothie,1,4,4,Credit Card,,4/10/2023,Smoothie,,,,Coffee
TXN_8712307,Cake,5,3,15,Cash,In-store,4/10/2023,Cake,,,,Cake
TXN_5452978,Salad,2,5,10,Cash,In-store,4/10/2023,Salad,,,,Salad
TXN_5950951,Salad,1,5,5,Credit Card,In-store,4/10/2023,Salad,,,,Coffee
TXN_2430215,Cookie,2,1,2,Digital Wallet,,4/10/2023,Cookie,,,,Cake
TXN_5785639,Salad,1,5,5,Credit Card,,4/10/2023,Salad,,,,Salad
TXN_2294776,Cake,4,3,12,Credit Card,Takeaway,4/10/2023,Cake,,,,Tea
TXN_9944730,Tea,1,1.5,1.5,Digital Wallet,,4/10/2023,Tea,,,,Cake
TXN_6895558,Coffee,2,2,4,Credit Card,UNKNOWN,4/10/2023,Coffee,,,,Smoothie
TXN_5075974,Smoothie,4,4,16,Digital Wallet,,4/11/2023,Smoothie,,,,Cake
TXN_9788956,Cake,4,3,12,ERROR,,4/11/2023,Cake,,,,Cake
TXN_1964555,Smoothie,2,4,8,Digital Wallet,,4/11/2023,Smoothie,,,,Coffee
TXN_5301689,Cake,5,3,15,,In-store,4/11/2023,Cake,,,,Cookie
TXN_9783452,Cake,3,3,9,Cash,UNKNOWN,4/11/2023,Cake,,,,Salad
TXN_1244593,Salad,5,5,25,,In-store,4/11/2023,Salad,,,,Smoothie
TXN_7973461,Tea,3,1.5,4.5,UNKNOWN,In-store,4/11/2023,Tea,,,,Cake
TXN_7008306,Salad,2,5,10,UNKNOWN,,4/11/2023,Salad,,,,Smoothie
TXN_9774691,Cake,3,3,9,Credit Card,Takeaway,4/11/2023,Cake,,,,Salad
TXN_9470590,Salad,1,5,5,Credit Card,Takeaway,4/11/2023,Salad,,,,Tea
TXN_2611683,Cake,3,3,9,Digital Wallet,In-store,4/11/2023,Cake,,,,Cake
TXN_6472826,Cake,4,3,12,Cash,In-store,4/11/2023,Cake,,,,Coffee
TXN_8763436,Cake,4,3,12,Cash,,4/11/2023,Cake,,,,Cookie
TXN_7632478,Cake,2,3,6,Digital Wallet,,4/11/2023,Cake,,,,Smoothie
TXN_7241288,Smoothie,5,4,20,Cash,Takeaway,4/11/2023,Smoothie,,,,Coffee
TXN_2656162,Coffee,1,2,2,Digital Wallet,In-store,4/11/2023,Coffee,,,,Coffee
TXN_1602123,Coffee,1,2,2,Cash,,4/11/2023,Coffee,,,,Cake
TXN_2696377,Cake,4,3,12,Digital Wallet,In-store,4/11/2023,Cake,,,,Cake
TXN_3420633,Salad,4,5,20,Digital Wallet,Takeaway,4/11/2023,Salad,,,,Cake
TXN_6337189,Cake,1,3,3,,,4/11/2023,Cake,,,,Smoothie
TXN_1971865,Cake,1,3,3,Digital Wallet,Takeaway,4/11/2023,Cake,,,,Cake
TXN_5124999,Coffee,5,2,10,Digital Wallet,,4/11/2023,Coffee,,,,Cake
TXN_2925996,Cake,3,3,9,Cash,Takeaway,4/11/2023,Cake,,,,Cookie
TXN_3397034,Cake,4,3,12,,ERROR,4/11/2023,Cake,,,,Cake
TXN_4969431,Salad,4,5,20,Credit Card,Takeaway,4/11/2023,Salad,,,,Smoothie
TXN_3679582,Coffee,5,2,10,Credit Card,In-store,4/11/2023,Coffee,,,,Smoothie
TXN_5228270,Cake,3,3,9,,Takeaway,4/12/2023,Cake,,,,Cookie
TXN_6463415,Coffee,3,2,6,Digital Wallet,In-store,4/12/2023,Coffee,,,,Smoothie
TXN_4315988,Salad,2,5,10,Cash,Takeaway,4/12/2023,Salad,,,,Salad
TXN_7354271,Cookie,4,1,4,UNKNOWN,In-store,4/12/2023,Cookie,,,,Smoothie
TXN_4617139,Cake,4,3,12,,,4/12/2023,Cake,,,,Salad
TXN_7612618,Smoothie,4,4,16,Credit Card,ERROR,4/12/2023,Smoothie,,,,Cake
TXN_1898329,Cake,5,3,15,Cash,In-store,4/12/2023,Cake,,,,Cookie
TXN_3364751,Coffee,2,2,4,Digital Wallet,Takeaway,4/12/2023,Coffee,,,,Tea
TXN_1842981,Tea,5,1.5,7.5,Credit Card,,4/12/2023,Tea,,,,Smoothie
TXN_1870423,Salad,2,5,10,Credit Card,Takeaway,4/12/2023,Salad,,,,Smoothie
TXN_6200609,Salad,5,5,25,Digital Wallet,Takeaway,4/12/2023,Salad,,,,Cookie
TXN_4643305,Cookie,4,1,4,,Takeaway,4/12/2023,Cookie,,,,Smoothie
TXN_4150495,Cookie,2,1,2,Cash,,4/12/2023,Cookie,,,,Cake
TXN_6755874,Smoothie,3,4,12,ERROR,In-store,4/12/2023,Smoothie,,,,Salad
TXN_6700141,Smoothie,1,4,4,Cash,Takeaway,4/12/2023,Smoothie,,,,Cake
TXN_1915046,Smoothie,5,4,20,,,4/12/2023,Smoothie,,,,Cake
TXN_4477016,Smoothie,4,4,16,,In-store,4/12/2023,Smoothie,,,,Cake
TXN_3463568,Salad,2,5,10,Digital Wallet,In-store,4/12/2023,Salad,,,,Cake
TXN_1917336,Smoothie,3,4,12,Cash,In-store,4/12/2023,Smoothie,,,,Cake
TXN_3488082,Smoothie,1,4,4,Digital Wallet,In-store,4/12/2023,Smoothie,,,,Cake
TXN_4982165,Tea,1,1.5,1.5,Credit Card,Takeaway,4/12/2023,Tea,,,,Cake
TXN_1902009,Cake,2,3,6,Credit Card,,4/12/2023,Cake,,,,Cookie
TXN_4942960,Cake,1,3,3,ERROR,Takeaway,4/12/2023,Cake,,,,Smoothie
TXN_6785331,Cake,1,3,3,,,4/12/2023,Cake,,,,Cookie
TXN_3858288,Tea,2,1.5,3,,,4/12/2023,Tea,,,,Coffee
TXN_6306555,Smoothie,1,4,4,Digital Wallet,Takeaway,4/12/2023,Smoothie,,,,Cookie
TXN_6450138,Cake,1,3,3,Credit Card,Takeaway,4/13/2023,Cake,,,,Tea
TXN_1286779,Smoothie,4,4,16,Credit Card,,4/13/2023,Smoothie,,,,Cookie
TXN_3912727,Tea,5,1.5,7.5,Digital Wallet,Takeaway,4/13/2023,Tea,,,,Smoothie
TXN_7415686,Smoothie,3,4,12,Credit Card,In-store,4/13/2023,Smoothie,,,,Salad
TXN_9104535,Cake,4,3,12,,,4/13/2023,Cake,,,,Smoothie
TXN_4522012,Coffee,2,2,4,,In-store,4/13/2023,Coffee,,,,Smoothie
TXN_4659155,Cake,1,3,3,UNKNOWN,,4/13/2023,Cake,,,,Tea
TXN_5282529,Tea,5,1.5,7.5,Credit Card,Takeaway,4/13/2023,Tea,,,,Smoothie
TXN_1603563,Cake,4,3,12,,Takeaway,4/13/2023,Cake,,,,Salad
TXN_7272945,Smoothie,4,4,16,,Takeaway,4/13/2023,Smoothie,,,,Coffee
TXN_1047204,Cookie,3,1,3,Digital Wallet,UNKNOWN,4/13/2023,Cookie,,,,Tea
TXN_5958999,Tea,2,1.5,3,,,4/13/2023,Tea,,,,Tea
TXN_5183674,Coffee,2,2,4,Digital Wallet,,4/13/2023,Coffee,,,,Cookie
TXN_4105487,Smoothie,4,4,16,Digital Wallet,In-store,4/13/2023,Smoothie,,,,Salad
TXN_3301517,Salad,5,5,25,Credit Card,In-store,4/13/2023,Salad,,,,Tea
TXN_4775791,Smoothie,4,4,16,Credit Card,,4/13/2023,Smoothie,,,,Salad
TXN_5582443,Salad,3,5,15,Credit Card,In-store,4/13/2023,Salad,,,,Cake
TXN_9271577,Cake,2,3,6,Credit Card,In-store,4/13/2023,Cake,,,,Cookie
TXN_2391245,Coffee,4,2,8,Digital Wallet,In-store,4/13/2023,Coffee,,,,Coffee
TXN_2991733,Tea,5,1.5,7.5,Credit Card,,4/13/2023,Tea,,,,Coffee
TXN_1950187,Tea,2,1.5,3,Credit Card,Takeaway,4/13/2023,Tea,,,,Cake
TXN_1640172,Salad,1,5,5,,,4/13/2023,Salad,,,,Cake
TXN_6966241,Cake,2,3,6,Digital Wallet,In-store,4/13/2023,Cake,,,,Tea
TXN_8570890,Cake,4,3,12,,,4/14/2023,Cake,,,,Tea
TXN_2508476,Smoothie,5,4,20,Cash,ERROR,4/14/2023,Smoothie,,,,Smoothie
TXN_4364091,Smoothie,1,4,4,ERROR,Takeaway,4/14/2023,Smoothie,,,,Cake
TXN_9911345,Cookie,1,1,1,Digital Wallet,UNKNOWN,4/14/2023,Cookie,,,,Cake
TXN_6167259,Cake,2,3,6,Digital Wallet,,4/14/2023,Cake,,,,Coffee
TXN_7957208,Tea,1,1.5,1.5,Digital Wallet,Takeaway,4/14/2023,Tea,,,,Cake
TXN_2224251,Cake,4,3,12,Digital Wallet,Takeaway,4/14/2023,Cake,,,,Coffee
TXN_5721846,Cookie,3,1,3,Cash,Takeaway,4/14/2023,Cookie,,,,Cake
TXN_8965025,Salad,1,5,5,Cash,In-store,4/14/2023,Salad,,,,Cake
TXN_9073184,Cake,2,3,6,UNKNOWN,,4/14/2023,Cake,,,,Tea
TXN_6806024,Cake,2,3,6,Credit Card,In-store,4/14/2023,Cake,,,,Smoothie
TXN_6588156,Cake,4,3,12,,In-store,4/14/2023,Cake,,,,Cookie
TXN_7551280,Cookie,4,1,4,Credit Card,Takeaway,4/14/2023,Cookie,,,,Tea
TXN_3374262,Tea,2,1.5,3,,In-store,4/14/2023,Tea,,,,Tea
TXN_1941099,Cookie,5,1,5,Cash,ERROR,4/14/2023,Cookie,,,,Cake
TXN_7868470,Cake,3,3,9,Digital Wallet,UNKNOWN,4/14/2023,Cake,,,,Smoothie
TXN_9694799,Tea,3,1.5,4.5,Cash,Takeaway,4/14/2023,Tea,,,,Salad
TXN_5406411,Smoothie,5,4,20,Credit Card,In-store,4/14/2023,Smoothie,,,,Cake
TXN_1408709,Smoothie,5,4,20,Cash,Takeaway,4/14/2023,Smoothie,,,,Cookie
TXN_9461980,Salad,1,5,5,Credit Card,In-store,4/14/2023,Salad,,,,Coffee
TXN_9188774,Tea,1,1.5,1.5,Digital Wallet,Takeaway,4/14/2023,Tea,,,,Smoothie
TXN_2933439,Salad,4,5,20,Digital Wallet,,4/14/2023,Salad,,,,Salad
TXN_4943552,Cake,5,3,15,,Takeaway,4/14/2023,Cake,,,,Cake
TXN_4247105,Coffee,5,2,10,Cash,In-store,4/14/2023,Coffee,,,,Coffee
TXN_2393287,Cake,2,3,6,Cash,,4/14/2023,Cake,,,,Smoothie
TXN_4482692,Salad,2,5,10,ERROR,,4/14/2023,Salad,,,,Coffee
TXN_3007866,Cake,4,3,12,Credit Card,In-store,4/14/2023,Cake,,,,Smoothie
TXN_5835004,Smoothie,5,4,20,Credit Card,In-store,4/14/2023,Smoothie,,,,Tea
TXN_6793298,Tea,2,1.5,3,Credit Card,,4/14/2023,Tea,,,,Salad
TXN_6736326,Salad,2,5,10,Credit Card,In-store,4/14/2023,Salad,,,,Coffee
TXN_7495283,Cake,5,3,15,Credit Card,Takeaway,4/14/2023,Cake,,,,Tea
TXN_3085509,Coffee,4,2,8,Digital Wallet,In-store,4/15/2023,Coffee,,,,Cake
TXN_3779366,Cookie,1,1,1,Digital Wallet,In-store,4/15/2023,Cookie,,,,Cake
TXN_9347203,Smoothie,5,4,20,Cash,In-store,4/15/2023,Smoothie,,,,Tea
TXN_3106215,Smoothie,3,4,12,ERROR,Takeaway,4/15/2023,Smoothie,,,,Smoothie
TXN_8514689,Cake,5,3,15,,,4/15/2023,Cake,,,,Smoothie
TXN_2916209,Cake,2,3,6,ERROR,In-store,4/15/2023,Cake,,,,Cake
TXN_5191642,Salad,5,5,25,Cash,ERROR,4/15/2023,Salad,,,,Smoothie
TXN_2224935,Coffee,1,2,2,Digital Wallet,,4/15/2023,Coffee,,,,Cake
TXN_7145872,Salad,5,5,25,Digital Wallet,Takeaway,4/15/2023,Salad,,,,Coffee
TXN_3729074,Salad,3,5,15,Credit Card,In-store,4/15/2023,Salad,,,,Cake
TXN_3369789,Smoothie,5,4,20,,,4/15/2023,Smoothie,,,,Salad
TXN_2613440,Cake,3,3,9,Credit Card,In-store,4/15/2023,Cake,,,,Smoothie
TXN_7485712,Smoothie,4,4,16,Cash,In-store,4/15/2023,Smoothie,,,,Cookie
TXN_1917388,Cake,2,3,6,Digital Wallet,,4/15/2023,Cake,,,,Cookie
TXN_2322399,Salad,4,5,20,,Takeaway,4/15/2023,Salad,,,,Smoothie
TXN_4813580,Smoothie,3,4,12,Digital Wallet,Takeaway,4/15/2023,Smoothie,,,,Cake
TXN_2503245,Smoothie,3,4,12,UNKNOWN,Takeaway,4/15/2023,Smoothie,,,,Salad
TXN_1120969,Coffee,2,2,4,Credit Card,,4/15/2023,Coffee,,,,Cake
TXN_5296578,Coffee,1,2,2,Credit Card,Takeaway,4/15/2023,Coffee,,,,Coffee
TXN_8046087,Cake,2,3,6,,Takeaway,4/15/2023,Cake,,,,Cake
TXN_1760092,Coffee,1,2,2,Credit Card,Takeaway,4/15/2023,Coffee,,,,Smoothie
TXN_4340811,Cake,5,3,15,ERROR,In-store,4/15/2023,Cake,,,,Cookie
TXN_4440412,Smoothie,3,4,12,Cash,Takeaway,4/15/2023,Smoothie,,,,Cake
TXN_8228500,Tea,3,1.5,4.5,,In-store,4/15/2023,Tea,,,,Coffee
TXN_6786730,Coffee,1,2,2,Credit Card,,4/15/2023,Coffee,,,,Cake
TXN_2458782,Salad,1,5,5,Cash,,4/15/2023,Salad,,,,Smoothie
TXN_5079166,Salad,5,5,25,Credit Card,Takeaway,4/15/2023,Salad,,,,Smoothie
TXN_2964982,Smoothie,1,4,4,Digital Wallet,In-store,4/15/2023,Smoothie,,,,Coffee
TXN_8763180,Smoothie,1,4,4,,Takeaway,4/16/2023,Smoothie,,,,Smoothie
TXN_7560807,Salad,2,5,10,Credit Card,,4/16/2023,Salad,,,,Salad
TXN_7604541,Cake,4,3,12,Credit Card,In-store,4/16/2023,Cake,,,,Smoothie
TXN_4125165,Coffee,5,2,10,Cash,,4/16/2023,Coffee,,,,Smoothie
TXN_3328393,Cake,3,3,9,,,4/16/2023,Cake,,,,Cookie
TXN_2500345,Salad,5,5,25,,In-store,4/16/2023,Salad,,,,Salad
TXN_8040251,Coffee,1,2,2,Digital Wallet,,4/16/2023,Coffee,,,,Salad
TXN_3734446,Coffee,5,2,10,Digital Wallet,,4/16/2023,Coffee,,,,Smoothie
TXN_7805241,Salad,4,5,20,ERROR,,4/16/2023,Salad,,,,Tea
TXN_3941164,Coffee,4,2,8,,ERROR,4/16/2023,Coffee,,,,Tea
TXN_5935394,Coffee,4,2,8,Digital Wallet,,4/16/2023,Coffee,,,,Smoothie
TXN_3158921,Smoothie,1,4,4,Digital Wallet,In-store,4/16/2023,Smoothie,,,,Coffee
TXN_5790078,Cake,4,3,12,Digital Wallet,Takeaway,4/16/2023,Cake,,,,Smoothie
TXN_5615754,Smoothie,5,4,20,Digital Wallet,Takeaway,4/16/2023,Smoothie,,,,Salad
TXN_8696392,Cake,1,3,3,,,4/16/2023,Cake,,,,Smoothie
TXN_2894525,Cake,3,3,9,ERROR,Takeaway,4/16/2023,Cake,,,,Smoothie
TXN_6806563,Coffee,1,2,2,,,4/16/2023,Coffee,,,,Cake
TXN_2944460,Salad,1,5,5,Digital Wallet,In-store,4/16/2023,Salad,,,,Smoothie
TXN_5471175,Cookie,4,1,4,Cash,,4/16/2023,Cookie,,,,Cake
TXN_2083138,Smoothie,3,4,12,,In-store,4/17/2023,Smoothie,,,,Tea
TXN_8316826,Coffee,3,2,6,,In-store,4/17/2023,Coffee,,,,Cookie
TXN_8703212,Coffee,2,2,4,Credit Card,Takeaway,4/17/2023,Coffee,,,,Smoothie
TXN_5019407,Cake,4,3,12,Credit Card,,4/17/2023,Cake,,,,Smoothie
TXN_9837568,Salad,5,5,25,Cash,In-store,4/17/2023,Salad,,,,Cake
TXN_7325430,Coffee,2,2,4,Cash,,4/17/2023,Coffee,,,,Coffee
TXN_1908100,Cake,2,3,6,,In-store,4/17/2023,Cake,,,,Salad
TXN_4946991,Cake,1,3,3,UNKNOWN,UNKNOWN,4/17/2023,Cake,,,,Tea
TXN_3226989,Salad,1,5,5,Credit Card,Takeaway,4/17/2023,Salad,,,,Salad
TXN_1260517,Smoothie,5,4,20,Digital Wallet,Takeaway,4/17/2023,Smoothie,,,,Cookie
TXN_7029944,Cookie,2,1,2,Cash,Takeaway,4/17/2023,Cookie,,,,Coffee
TXN_8516055,Smoothie,5,4,20,Credit Card,Takeaway,4/17/2023,Smoothie,,,,Coffee
TXN_5103644,Cake,4,3,12,Credit Card,Takeaway,4/17/2023,Cake,,,,Smoothie
TXN_5452210,Tea,5,1.5,7.5,Digital Wallet,In-store,4/17/2023,Tea,,,,Cake
TXN_9403115,Tea,1,1.5,1.5,,UNKNOWN,4/17/2023,Tea,,,,Cake
TXN_1689024,Coffee,5,2,10,Credit Card,In-store,4/17/2023,Coffee,,,,Cake
TXN_4177796,Cake,4,3,12,Cash,Takeaway,4/17/2023,Cake,,,,Cookie
TXN_5054719,Smoothie,2,4,8,Credit Card,UNKNOWN,4/17/2023,Smoothie,,,,Cookie
TXN_3585602,Cake,2,3,6,Cash,In-store,4/17/2023,Cake,,,,Tea
TXN_9890734,Smoothie,4,4,16,,Takeaway,4/17/2023,Smoothie,,,,Smoothie
TXN_3981406,Salad,4,5,20,,,4/17/2023,Salad,,,,Smoothie
TXN_5179245,Cake,3,3,9,Credit Card,,4/17/2023,Cake,,,,Cake
TXN_4789941,Smoothie,3,4,12,Credit Card,,4/17/2023,Smoothie,,,,Salad
TXN_6862603,Salad,4,5,20,Credit Card,Takeaway,4/17/2023,Salad,,,,Smoothie
TXN_7875743,Cake,5,3,15,Cash,Takeaway,4/17/2023,Cake,,,,Salad
TXN_7595115,Smoothie,2,4,8,,Takeaway,4/17/2023,Smoothie,,,,Tea
TXN_7484886,Smoothie,3,4,12,,,4/17/2023,Smoothie,,,,Smoothie
TXN_2354394,Tea,4,1.5,6,Cash,In-store,4/17/2023,Tea,,,,Smoothie
TXN_2217015,Coffee,3,2,6,,Takeaway,4/17/2023,Coffee,,,,Coffee
TXN_1928131,Smoothie,1,4,4,Credit Card,Takeaway,4/17/2023,Smoothie,,,,Tea
TXN_1993289,Smoothie,2,4,8,,In-store,4/18/2023,Smoothie,,,,Tea
TXN_1150033,Cake,5,3,15,Cash,In-store,4/18/2023,Cake,,,,Cake
TXN_7538570,Smoothie,4,4,16,Credit Card,Takeaway,4/18/2023,Smoothie,,,,Salad
TXN_7907499,Cake,3,3,9,Digital Wallet,Takeaway,4/18/2023,Cake,,,,Cake
TXN_6786340,Coffee,5,2,10,Digital Wallet,Takeaway,4/18/2023,Coffee,,,,Cake
TXN_9865855,Coffee,3,2,6,Digital Wallet,Takeaway,4/18/2023,Coffee,,,,Cake
TXN_4328090,Smoothie,1,4,4,Digital Wallet,In-store,4/18/2023,Smoothie,,,,Cake
TXN_9708144,Smoothie,3,4,12,Cash,ERROR,4/18/2023,Smoothie,,,,Cookie
TXN_1268480,Salad,5,5,25,Cash,In-store,4/18/2023,Salad,,,,Cake
TXN_5107006,Cookie,4,1,4,,,4/18/2023,Cookie,,,,Smoothie
TXN_8125141,Tea,3,1.5,4.5,,Takeaway,4/18/2023,Tea,,,,Cookie
TXN_1882700,Tea,3,1.5,4.5,Digital Wallet,In-store,4/18/2023,Tea,,,,Tea
TXN_5439860,Tea,1,1.5,1.5,Digital Wallet,In-store,4/18/2023,Tea,,,,Cake
TXN_8668590,Cookie,4,1,4,Digital Wallet,,4/18/2023,Cookie,,,,Salad
TXN_2466187,Coffee,2,2,4,,Takeaway,4/18/2023,Coffee,,,,Smoothie
TXN_8075323,Smoothie,1,4,4,Digital Wallet,,4/18/2023,Smoothie,,,,Smoothie
TXN_9699948,Coffee,5,2,10,Cash,In-store,4/18/2023,Coffee,,,,Cake
TXN_7922471,Cake,3,3,9,Cash,,4/18/2023,Cake,,,,Smoothie
TXN_8639995,Smoothie,3,4,12,Cash,ERROR,4/18/2023,Smoothie,,,,Smoothie
TXN_7927109,Tea,1,1.5,1.5,Cash,,4/18/2023,Tea,,,,Tea
TXN_6268823,Smoothie,2,4,8,Digital Wallet,Takeaway,4/18/2023,Smoothie,,,,Cake
TXN_9495855,Cake,2,3,6,Cash,In-store,4/18/2023,Cake,,,,Coffee
TXN_6133971,Smoothie,5,4,20,Credit Card,,4/18/2023,Smoothie,,,,Cake
TXN_1841204,Salad,3,5,15,Digital Wallet,In-store,4/18/2023,Salad,,,,Salad
TXN_2080895,Cake,1,3,3,Digital Wallet,In-store,4/19/2023,Cake,,,,Tea
TXN_2924611,Cake,3,3,9,Cash,,4/19/2023,Cake,,,,Cake
TXN_8205107,Smoothie,4,4,16,,Takeaway,4/19/2023,Smoothie,,,,Cake
TXN_2018236,Coffee,5,2,10,Cash,,4/19/2023,Coffee,,,,Tea
TXN_8994477,Coffee,3,2,6,,In-store,4/19/2023,Coffee,,,,Smoothie
TXN_9491244,Cake,5,3,15,,,4/19/2023,Cake,,,,Cake
TXN_5818032,Cookie,1,1,1,ERROR,,4/19/2023,Cookie,,,,Smoothie
TXN_7503593,Cookie,5,1,5,Digital Wallet,Takeaway,4/19/2023,Cookie,,,,Smoothie
TXN_6736084,Cake,1,3,3,,Takeaway,4/19/2023,Cake,,,,Coffee
TXN_5009367,Cake,3,3,9,Credit Card,In-store,4/19/2023,Cake,,,,Cake
TXN_9245124,Tea,4,1.5,6,Digital Wallet,In-store,4/19/2023,Tea,,,,Coffee
TXN_5544904,Salad,5,5,25,,,4/19/2023,Salad,,,,Cake
TXN_4969003,Cookie,1,1,1,Digital Wallet,In-store,4/19/2023,Cookie,,,,Cookie
TXN_4476539,Salad,2,5,10,Cash,,4/19/2023,Salad,,,,Smoothie
TXN_4533186,Tea,3,1.5,4.5,,Takeaway,4/19/2023,Tea,,,,Salad
TXN_7972349,Cake,4,3,12,,In-store,4/19/2023,Cake,,,,Cake
TXN_1731476,Smoothie,1,4,4,Digital Wallet,Takeaway,4/19/2023,Smoothie,,,,Salad
TXN_5367923,Smoothie,4,4,16,,,4/19/2023,Smoothie,,,,Cake
TXN_9090875,Cake,2,3,6,ERROR,In-store,4/19/2023,Cake,,,,Cake
TXN_4590013,Tea,5,1.5,7.5,Cash,Takeaway,4/19/2023,Tea,,,,Salad
TXN_3749051,Smoothie,3,4,12,,Takeaway,4/19/2023,Smoothie,,,,Coffee
TXN_5761207,Smoothie,3,4,12,Credit Card,,4/19/2023,Smoothie,,,,Cake
TXN_5288715,Cake,3,3,9,Digital Wallet,,4/19/2023,Cake,,,,Salad
TXN_3454877,Smoothie,5,4,20,Credit Card,,4/19/2023,Smoothie,,,,Cake
TXN_5183041,Cookie,5,1,5,Credit Card,In-store,4/20/2023,Cookie,,,,Tea
TXN_8147357,Tea,5,1.5,7.5,,Takeaway,4/20/2023,Tea,,,,Cake
TXN_8056263,Smoothie,5,4,20,,In-store,4/20/2023,Smoothie,,,,Coffee
TXN_4512118,Coffee,2,2,4,Digital Wallet,Takeaway,4/20/2023,Coffee,,,,Cake
TXN_8920751,Tea,2,1.5,3,,,4/20/2023,Tea,,,,Tea
TXN_4723978,Cookie,2,1,2,,,4/20/2023,Cookie,,,,Cake
TXN_6023823,Cookie,2,1,2,Digital Wallet,,4/20/2023,Cookie,,,,Tea
TXN_9287133,Cake,5,3,15,Digital Wallet,In-store,4/20/2023,Cake,,,,Cake
TXN_8837886,Smoothie,3,4,12,,,4/20/2023,Smoothie,,,,Cookie
TXN_2004781,Smoothie,5,4,20,,Takeaway,4/20/2023,Smoothie,,,,Tea
TXN_3260087,Salad,5,5,25,,,4/20/2023,Salad,,,,Cookie
TXN_9601220,Cookie,3,1,3,Digital Wallet,Takeaway,4/20/2023,Cookie,,,,Cookie
TXN_4628310,Cake,4,3,12,Credit Card,Takeaway,4/20/2023,Cake,,,,Smoothie
TXN_4364374,Smoothie,2,4,8,Cash,ERROR,4/20/2023,Smoothie,,,,Smoothie
TXN_9272043,Cake,4,3,12,,,4/20/2023,Cake,,,,Cake
TXN_4818703,Cookie,2,1,2,Digital Wallet,Takeaway,4/20/2023,Cookie,,,,Cake
TXN_7509630,Cookie,3,1,3,Cash,In-store,4/20/2023,Cookie,,,,Smoothie
TXN_1240476,Cake,2,3,6,Digital Wallet,Takeaway,4/20/2023,Cake,,,,Salad
TXN_4046039,Cake,5,3,15,,In-store,4/20/2023,Cake,,,,Cookie
TXN_1101527,Smoothie,5,4,20,Digital Wallet,,4/20/2023,Smoothie,,,,Coffee
TXN_2187911,Coffee,3,2,6,Credit Card,Takeaway,4/20/2023,Coffee,,,,Coffee
TXN_4644671,Coffee,3,2,6,UNKNOWN,,4/20/2023,Coffee,,,,Cookie
TXN_4290475,Smoothie,1,4,4,,Takeaway,4/20/2023,Smoothie,,,,Smoothie
TXN_4432082,Cake,5,3,15,,,4/20/2023,Cake,,,,Cookie
TXN_5381129,Cookie,5,1,5,,ERROR,4/20/2023,Cookie,,,,Salad
TXN_3695238,Salad,5,5,25,Cash,Takeaway,4/20/2023,Salad,,,,Cake
TXN_2405666,Cake,2,3,6,Cash,Takeaway,4/20/2023,Cake,,,,Salad
TXN_1429325,Smoothie,2,4,8,Cash,ERROR,4/20/2023,Smoothie,,,,Smoothie
TXN_4949509,Smoothie,4,4,16,,,4/20/2023,Smoothie,,,,Coffee
TXN_9801552,Smoothie,4,4,16,Credit Card,Takeaway,4/20/2023,Smoothie,,,,Coffee
TXN_8787149,Cake,1,3,3,,ERROR,4/20/2023,Cake,,,,Smoothie
TXN_4422898,Salad,2,5,10,Credit Card,In-store,4/20/2023,Salad,,,,Smoothie
TXN_4374260,Cookie,1,1,1,Cash,UNKNOWN,4/20/2023,Cookie,,,,Tea
TXN_8502079,Tea,2,1.5,3,Cash,,4/20/2023,Tea,,,,Salad
TXN_2143187,Smoothie,1,4,4,,In-store,4/21/2023,Smoothie,,,,Salad
TXN_4538354,Cake,3,3,9,Cash,Takeaway,4/21/2023,Cake,,,,Cake
TXN_4059912,Smoothie,3,4,12,,,4/21/2023,Smoothie,,,,Smoothie
TXN_7228816,Salad,1,5,5,,In-store,4/21/2023,Salad,,,,Cake
TXN_5033045,Salad,3,5,15,Digital Wallet,,4/21/2023,Salad,,,,Smoothie
TXN_3003809,Coffee,4,2,8,Cash,,4/21/2023,Coffee,,,,Cake
TXN_6503052,Cake,4,3,12,,,4/21/2023,Cake,,,,Smoothie
TXN_4506778,Cake,3,3,9,Digital Wallet,,4/21/2023,Cake,,,,Cake
TXN_8232653,Salad,5,5,25,Cash,,4/21/2023,Salad,,,,Smoothie
TXN_9154381,Cookie,2,1,2,Credit Card,In-store,4/21/2023,Cookie,,,,Smoothie
TXN_7242713,Smoothie,1,4,4,,In-store,4/21/2023,Smoothie,,,,Tea
TXN_3951460,Smoothie,4,4,16,,Takeaway,4/21/2023,Smoothie,,,,Cake
TXN_5342051,Smoothie,3,4,12,Cash,,4/21/2023,Smoothie,,,,Cookie
TXN_8520687,Salad,5,5,25,,Takeaway,4/21/2023,Salad,,,,Smoothie
TXN_7379939,Cookie,1,1,1,Cash,UNKNOWN,4/21/2023,Cookie,,,,Salad
TXN_6812735,Tea,5,1.5,7.5,,ERROR,4/21/2023,Tea,,,,Cake
TXN_1186221,Salad,4,5,20,Cash,Takeaway,4/21/2023,Salad,,,,Salad
TXN_9063624,Coffee,1,2,2,Credit Card,UNKNOWN,4/21/2023,Coffee,,,,Salad
TXN_2931198,Cake,2,3,6,Credit Card,In-store,4/21/2023,Cake,,,,Salad
TXN_3995266,Smoothie,1,4,4,Credit Card,In-store,4/21/2023,Smoothie,,,,Cookie
TXN_6738716,Cake,5,3,15,,Takeaway,4/21/2023,Cake,,,,Cookie
TXN_4035669,Cake,3,3,9,Cash,ERROR,4/21/2023,Cake,,,,Salad
TXN_3110245,Cake,5,3,15,Cash,Takeaway,4/21/2023,Cake,,,,Cake
TXN_3654203,Coffee,1,2,2,UNKNOWN,,4/21/2023,Coffee,,,,Cookie
TXN_9388222,Cookie,1,1,1,Digital Wallet,In-store,4/21/2023,Cookie,,,,Tea
TXN_4876398,Salad,2,5,10,Cash,,4/21/2023,Salad,,,,Cake
TXN_6266750,Smoothie,1,4,4,Cash,,4/21/2023,Smoothie,,,,Smoothie
TXN_6833564,Smoothie,5,4,20,,,4/21/2023,Smoothie,,,,Cake
TXN_1272118,Cookie,4,1,4,Credit Card,Takeaway,4/21/2023,Cookie,,,,Salad
TXN_6549359,Tea,3,1.5,4.5,Cash,,4/21/2023,Tea,,,,Coffee
TXN_2119809,Salad,5,5,25,Digital Wallet,In-store,4/21/2023,Salad,,,,Salad
TXN_1005472,Coffee,4,2,8,Credit Card,,4/21/2023,Coffee,,,,Cake
TXN_4275827,Tea,2,1.5,3,Cash,Takeaway,4/21/2023,Tea,,,,Cake
TXN_4732351,Smoothie,1,4,4,Digital Wallet,In-store,4/22/2023,Smoothie,,,,Cake
TXN_7609853,Smoothie,1,4,4,Digital Wallet,In-store,4/22/2023,Smoothie,,,,Cookie
TXN_7896721,Cake,3,3,9,Credit Card,Takeaway,4/22/2023,Cake,,,,Cake
TXN_2627056,Smoothie,4,4,16,Digital Wallet,,4/22/2023,Smoothie,,,,Cookie
TXN_5203710,Salad,4,5,20,Digital Wallet,,4/22/2023,Salad,,,,Coffee
TXN_6523635,Salad,2,5,10,,Takeaway,4/22/2023,Salad,,,,Smoothie
TXN_1980303,Tea,3,1.5,4.5,Digital Wallet,,4/22/2023,Tea,,,,Salad
TXN_8164332,Tea,4,1.5,6,Cash,Takeaway,4/22/2023,Tea,,,,Cookie
TXN_9655021,Coffee,3,2,6,UNKNOWN,,4/22/2023,Coffee,,,,Cake
TXN_6109953,Cake,3,3,9,Digital Wallet,Takeaway,4/22/2023,Cake,,,,Smoothie
TXN_6874195,Cake,3,3,9,Cash,Takeaway,4/22/2023,Cake,,,,Cake
TXN_3541304,Smoothie,3,4,12,Cash,In-store,4/22/2023,Smoothie,,,,Cookie
TXN_4464373,Cookie,2,1,2,Digital Wallet,In-store,4/22/2023,Cookie,,,,Cake
TXN_4329558,Coffee,4,2,8,,,4/22/2023,Coffee,,,,Coffee
TXN_3455103,Salad,1,5,5,Digital Wallet,Takeaway,4/22/2023,Salad,,,,Salad
TXN_8565799,Smoothie,4,4,16,Credit Card,In-store,4/22/2023,Smoothie,,,,Salad
TXN_7496926,Smoothie,3,4,12,ERROR,In-store,4/23/2023,Smoothie,,,,Coffee
TXN_4884822,Cookie,1,1,1,Credit Card,,4/23/2023,Cookie,,,,Cake
TXN_9370294,Cake,2,3,6,Credit Card,,4/23/2023,Cake,,,,Cake
TXN_4901854,Cookie,5,1,5,ERROR,,4/23/2023,Cookie,,,,Tea
TXN_1663257,Cake,3,3,9,Credit Card,ERROR,4/23/2023,Cake,,,,Cake
TXN_9841222,Smoothie,5,4,20,Credit Card,ERROR,4/23/2023,Smoothie,,,,Cookie
TXN_2363378,Coffee,5,2,10,Cash,Takeaway,4/23/2023,Coffee,,,,Coffee
TXN_8342990,Tea,1,1.5,1.5,Digital Wallet,Takeaway,4/23/2023,Tea,,,,Coffee
TXN_7455637,Cake,3,3,9,,Takeaway,4/23/2023,Cake,,,,Salad
TXN_2980279,Cake,1,3,3,Digital Wallet,Takeaway,4/23/2023,Cake,,,,Cookie
TXN_6017458,Salad,5,5,25,Credit Card,,4/23/2023,Salad,,,,Smoothie
TXN_2103626,Cake,3,3,9,Cash,In-store,4/23/2023,Cake,,,,Smoothie
TXN_7924516,Cookie,1,1,1,Credit Card,,4/23/2023,Cookie,,,,Smoothie
TXN_8099340,Tea,4,1.5,6,,In-store,4/23/2023,Tea,,,,Cake
TXN_7101384,Coffee,1,2,2,,UNKNOWN,4/23/2023,Coffee,,,,Cookie
TXN_1617594,Smoothie,1,4,4,UNKNOWN,In-store,4/23/2023,Smoothie,,,,Coffee
TXN_1026050,Cake,1,3,3,ERROR,,4/23/2023,Cake,,,,Cake
TXN_6959328,Smoothie,3,4,12,Credit Card,Takeaway,4/23/2023,Smoothie,,,,Smoothie
TXN_2887528,Cake,2,3,6,,,4/23/2023,Cake,,,,Cake
TXN_5118799,Cookie,2,1,2,Cash,Takeaway,4/23/2023,Cookie,,,,Tea
TXN_9321776,Cake,1,3,3,,UNKNOWN,4/23/2023,Cake,,,,Smoothie
TXN_8211288,Smoothie,1,4,4,Cash,In-store,4/23/2023,Smoothie,,,,Cookie
TXN_4532475,Coffee,1,2,2,Digital Wallet,,4/23/2023,Coffee,,,,Coffee
TXN_4975029,Smoothie,4,4,16,Cash,In-store,4/23/2023,Smoothie,,,,Cake
TXN_9334593,Smoothie,3,4,12,Cash,,4/23/2023,Smoothie,,,,Tea
TXN_2614633,Coffee,4,2,8,Digital Wallet,In-store,4/23/2023,Coffee,,,,Salad
TXN_9444736,Tea,5,1.5,7.5,Credit Card,Takeaway,4/23/2023,Tea,,,,Tea
TXN_5369010,Salad,4,5,20,Cash,Takeaway,4/23/2023,Salad,,,,Cake
TXN_6700745,Cake,3,3,9,,In-store,4/23/2023,Cake,,,,Coffee
TXN_9163155,Coffee,4,2,8,Credit Card,Takeaway,4/23/2023,Coffee,,,,Smoothie
TXN_9288882,Smoothie,3,4,12,,In-store,4/23/2023,Smoothie,,,,Cookie
TXN_7380277,Smoothie,4,4,16,Digital Wallet,Takeaway,4/24/2023,Smoothie,,,,Cookie
TXN_4244830,Coffee,5,2,10,,In-store,4/24/2023,Coffee,,,,Cake
TXN_7741256,Cake,5,3,15,Digital Wallet,Takeaway,4/24/2023,Cake,,,,Tea
TXN_6404625,Cake,5,3,15,Credit Card,ERROR,4/24/2023,Cake,,,,Smoothie
TXN_6540284,Cake,1,3,3,,,4/24/2023,Cake,,,,Salad
TXN_3429942,Smoothie,3,4,12,Digital Wallet,In-store,4/24/2023,Smoothie,,,,Tea
TXN_3475342,Cake,3,3,9,,In-store,4/24/2023,Cake,,,,Salad
TXN_9325384,Cake,5,3,15,,In-store,4/24/2023,Cake,,,,Coffee
TXN_1996466,Smoothie,1,4,4,Digital Wallet,,4/24/2023,Smoothie,,,,Cookie
TXN_1374424,Smoothie,5,4,20,,,4/24/2023,Smoothie,,,,Cake
TXN_8159727,Salad,5,5,25,Digital Wallet,,4/24/2023,Salad,,,,Cake
TXN_3651743,Cake,5,3,15,Cash,In-store,4/24/2023,Cake,,,,Smoothie
TXN_5790695,Tea,5,1.5,7.5,Credit Card,Takeaway,4/24/2023,Tea,,,,Cookie
TXN_7171590,Coffee,3,2,6,Credit Card,In-store,4/24/2023,Coffee,,,,Cake
TXN_7814715,Cookie,5,1,5,Cash,,4/24/2023,Cookie,,,,Cookie
TXN_3673322,Salad,2,5,10,Credit Card,Takeaway,4/24/2023,Salad,,,,Coffee
TXN_8722491,Smoothie,4,4,16,Cash,,4/24/2023,Smoothie,,,,Smoothie
TXN_9067752,Smoothie,2,4,8,Digital Wallet,Takeaway,4/24/2023,Smoothie,,,,Tea
TXN_5414186,Smoothie,1,4,4,Credit Card,Takeaway,4/24/2023,Smoothie,,,,Salad
TXN_8128656,Smoothie,5,4,20,,In-store,4/24/2023,Smoothie,,,,Cake
TXN_5056351,Cake,1,3,3,,Takeaway,4/24/2023,Cake,,,,Cake
TXN_7595907,Cake,5,3,15,,In-store,4/24/2023,Cake,,,,Coffee
TXN_6648081,Salad,4,5,20,,Takeaway,4/24/2023,Salad,,,,Smoothie
TXN_4265942,Coffee,5,2,10,,UNKNOWN,4/24/2023,Coffee,,,,Cake
TXN_9541057,Cake,4,3,12,Cash,In-store,4/24/2023,Cake,,,,Salad
TXN_7300653,Cookie,5,1,5,ERROR,,4/24/2023,Cookie,,,,Tea
TXN_2305908,Coffee,4,2,8,Cash,,4/25/2023,Coffee,,,,Coffee
TXN_1157817,Smoothie,1,4,4,Digital Wallet,In-store,4/25/2023,Smoothie,,,,Cake
TXN_9277534,Smoothie,2,4,8,Credit Card,In-store,4/25/2023,Smoothie,,,,Smoothie
TXN_4647042,Smoothie,5,4,20,,Takeaway,4/25/2023,Smoothie,,,,Cookie
TXN_2611393,Smoothie,3,4,12,,UNKNOWN,4/25/2023,Smoothie,,,,Tea
TXN_2966507,Cookie,3,1,3,ERROR,In-store,4/25/2023,Cookie,,,,Cake
TXN_4967355,Smoothie,2,4,8,,In-store,4/25/2023,Smoothie,,,,Tea
TXN_3577949,Cake,3,3,9,ERROR,Takeaway,4/25/2023,Cake,,,,Cake
TXN_1442771,Cake,1,3,3,,,4/25/2023,Cake,,,,Tea
TXN_2603561,Coffee,3,2,6,Digital Wallet,,4/25/2023,Coffee,,,,Cake
TXN_7347515,Smoothie,3,4,12,ERROR,Takeaway,4/25/2023,Smoothie,,,,Smoothie
TXN_5320512,Tea,5,1.5,7.5,,In-store,4/25/2023,Tea,,,,Tea
TXN_2817018,Smoothie,3,4,12,Credit Card,Takeaway,4/25/2023,Smoothie,,,,Tea
TXN_6779763,Cookie,1,1,1,Credit Card,UNKNOWN,4/25/2023,Cookie,,,,Cake
TXN_4439321,Coffee,3,2,6,Cash,In-store,4/25/2023,Coffee,,,,Coffee
TXN_3207254,Cake,1,3,3,,Takeaway,4/25/2023,Cake,,,,Smoothie
TXN_7872478,Cake,4,3,12,Credit Card,In-store,4/25/2023,Cake,,,,Cake
TXN_2941800,Salad,5,5,25,Cash,,4/25/2023,Salad,,,,Coffee
TXN_9793806,Tea,3,1.5,4.5,Digital Wallet,Takeaway,4/25/2023,Tea,,,,Coffee
TXN_4805204,Tea,5,1.5,7.5,Digital Wallet,In-store,4/25/2023,Tea,,,,Cookie
TXN_4204491,Smoothie,2,4,8,Digital Wallet,,4/25/2023,Smoothie,,,,Smoothie
TXN_5753111,Salad,1,5,5,Credit Card,,4/25/2023,Salad,,,,Tea
TXN_6960031,Smoothie,5,4,20,Digital Wallet,Takeaway,4/25/2023,Smoothie,,,,Salad
TXN_3205813,Cake,3,3,9,Cash,In-store,4/25/2023,Cake,,,,Smoothie
TXN_3069563,Smoothie,2,4,8,Cash,UNKNOWN,4/25/2023,Smoothie,,,,Smoothie
TXN_3857960,Salad,4,5,20,Cash,In-store,4/26/2023,Salad,,,,Cake
TXN_3605929,Smoothie,2,4,8,Credit Card,,4/26/2023,Smoothie,,,,Coffee
TXN_3461209,Cake,4,3,12,Credit Card,In-store,4/26/2023,Cake,,,,Cake
TXN_4376214,Salad,5,5,25,,ERROR,4/26/2023,Salad,,,,Cake
TXN_5180326,Cake,4,3,12,,,4/26/2023,Cake,,,,Smoothie
TXN_5764993,Salad,3,5,15,ERROR,Takeaway,4/26/2023,Salad,,,,Cake
TXN_2413026,Coffee,1,2,2,,Takeaway,4/26/2023,Coffee,,,,Coffee
TXN_3385167,Tea,3,1.5,4.5,Cash,In-store,4/26/2023,Tea,,,,Salad
TXN_1857902,Smoothie,5,4,20,ERROR,Takeaway,4/26/2023,Smoothie,,,,Tea
TXN_2898188,Salad,4,5,20,Digital Wallet,Takeaway,4/26/2023,Salad,,,,Tea
TXN_3547013,Tea,3,1.5,4.5,,UNKNOWN,4/26/2023,Tea,,,,Salad
TXN_7874772,Tea,1,1.5,1.5,Credit Card,Takeaway,4/26/2023,Tea,,,,Smoothie
TXN_7014478,Smoothie,5,4,20,Cash,,4/26/2023,Smoothie,,,,Cake
TXN_4615245,Smoothie,4,4,16,,,4/26/2023,Smoothie,,,,Smoothie
TXN_8306630,Smoothie,2,4,8,Credit Card,In-store,4/26/2023,Smoothie,,,,Cookie
TXN_7777602,Salad,1,5,5,Cash,,4/26/2023,Salad,,,,Smoothie
TXN_2184573,Tea,4,1.5,6,,Takeaway,4/26/2023,Tea,,,,Smoothie
TXN_3821298,Smoothie,5,4,20,Credit Card,ERROR,4/26/2023,Smoothie,,,,Salad
TXN_7034554,Salad,2,5,10,UNKNOWN,UNKNOWN,4/27/2023,Salad,,,,Cake
TXN_2530938,Smoothie,5,4,20,,Takeaway,4/27/2023,Smoothie,,,,Cake
TXN_9534685,Salad,1,5,5,UNKNOWN,Takeaway,4/27/2023,Salad,,,,Salad
TXN_5427338,Cake,2,3,6,Digital Wallet,In-store,4/27/2023,Cake,,,,Smoothie
TXN_5039624,Cookie,4,1,4,,Takeaway,4/27/2023,Cookie,,,,Cake
TXN_2147453,Cookie,4,1,4,Credit Card,ERROR,4/27/2023,Cookie,,,,Cake
TXN_4168628,Tea,4,1.5,6,Digital Wallet,In-store,4/27/2023,Tea,,,,Cake
TXN_5781767,Smoothie,5,4,20,Credit Card,In-store,4/27/2023,Smoothie,,,,Cookie
TXN_8748633,Smoothie,5,4,20,Cash,Takeaway,4/27/2023,Smoothie,,,,Smoothie
TXN_1196923,Smoothie,2,4,8,ERROR,,4/27/2023,Smoothie,,,,Cake
TXN_5578796,Tea,4,1.5,6,,In-store,4/27/2023,Tea,,,,Cake
TXN_9513509,Smoothie,1,4,4,Credit Card,,4/27/2023,Smoothie,,,,Smoothie
TXN_1607650,Cookie,2,1,2,,UNKNOWN,4/27/2023,Cookie,,,,Cake
TXN_4205407,Smoothie,5,4,20,Digital Wallet,,4/27/2023,Smoothie,,,,Cookie
TXN_5244674,Cake,5,3,15,,,4/27/2023,Cake,,,,Cake
TXN_5411381,Cookie,1,1,1,,,4/28/2023,Cookie,,,,Cake
TXN_7670743,Salad,4,5,20,,In-store,4/28/2023,Salad,,,,Cake
TXN_6078834,Smoothie,1,4,4,Digital Wallet,Takeaway,4/28/2023,Smoothie,,,,Cake
TXN_2743696,Cookie,1,1,1,,,4/28/2023,Cookie,,,,Cookie
TXN_3308378,Cookie,4,1,4,Digital Wallet,,4/28/2023,Cookie,,,,Coffee
TXN_5841004,Cookie,2,1,2,Credit Card,In-store,4/28/2023,Cookie,,,,Tea
TXN_3490516,Coffee,5,2,10,,,4/28/2023,Coffee,,,,Cake
TXN_7997704,Smoothie,2,4,8,Digital Wallet,,4/28/2023,Smoothie,,,,Coffee
TXN_7771526,Cake,1,3,3,Cash,In-store,4/28/2023,Cake,,,,Smoothie
TXN_4827637,Smoothie,4,4,16,Cash,In-store,4/28/2023,Smoothie,,,,Cake
TXN_8676485,Salad,2,5,10,,In-store,4/28/2023,Salad,,,,Smoothie
TXN_9989239,Tea,5,1.5,7.5,,In-store,4/28/2023,Tea,,,,Cake
TXN_5444860,Tea,2,1.5,3,Digital Wallet,,4/28/2023,Tea,,,,Tea
TXN_2374950,Cake,5,3,15,Digital Wallet,,4/28/2023,Cake,,,,Cake
TXN_2331025,Cookie,2,1,2,Cash,,4/28/2023,Cookie,,,,Cake
TXN_4361614,Smoothie,2,4,8,,Takeaway,4/28/2023,Smoothie,,,,Cake
TXN_1664563,Smoothie,3,4,12,Cash,,4/28/2023,Smoothie,,,,Cake
TXN_9582506,Cookie,2,1,2,Credit Card,,4/28/2023,Cookie,,,,Cake
TXN_9891576,Smoothie,3,4,12,Digital Wallet,Takeaway,4/28/2023,Smoothie,,,,Cake
TXN_3456242,Smoothie,5,4,20,Credit Card,,4/28/2023,Smoothie,,,,Coffee
TXN_1080432,Salad,2,5,10,Credit Card,In-store,4/29/2023,Salad,,,,Tea
TXN_1259824,Cookie,5,1,5,Digital Wallet,Takeaway,4/29/2023,Cookie,,,,Cake
TXN_1046394,Smoothie,1,4,4,Cash,In-store,4/29/2023,Smoothie,,,,Salad
TXN_6732989,Salad,2,5,10,Credit Card,,4/29/2023,Salad,,,,Salad
TXN_3023841,Tea,3,1.5,4.5,Digital Wallet,Takeaway,4/29/2023,Tea,,,,Cookie
TXN_4278785,Salad,3,5,15,Cash,In-store,4/29/2023,Salad,,,,Cookie
TXN_7651864,Smoothie,4,4,16,Digital Wallet,UNKNOWN,4/29/2023,Smoothie,,,,Smoothie
TXN_5708913,Cake,2,3,6,Cash,In-store,4/29/2023,Cake,,,,Smoothie
TXN_5086795,Salad,1,5,5,Cash,In-store,4/29/2023,Salad,,,,Smoothie
TXN_4226287,Cookie,1,1,1,,,4/29/2023,Cookie,,,,Coffee
TXN_2793054,Smoothie,4,4,16,,Takeaway,4/29/2023,Smoothie,,,,Smoothie
TXN_6552269,Cake,4,3,12,Cash,Takeaway,4/29/2023,Cake,,,,Salad
TXN_6419668,Smoothie,3,4,12,Credit Card,In-store,4/29/2023,Smoothie,,,,Cake
TXN_8700466,Coffee,4,2,8,Digital Wallet,In-store,4/29/2023,Coffee,,,,Smoothie
TXN_9942517,Coffee,4,2,8,Digital Wallet,In-store,4/29/2023,Coffee,,,,Cake
TXN_9667721,Tea,5,1.5,7.5,Credit Card,Takeaway,4/29/2023,Tea,,,,Cookie
TXN_1522176,Smoothie,1,4,4,Digital Wallet,Takeaway,4/29/2023,Smoothie,,,,Salad
TXN_8076942,Cookie,2,1,2,Cash,Takeaway,4/29/2023,Cookie,,,,Salad
TXN_1465584,Smoothie,1,4,4,Credit Card,In-store,4/29/2023,Smoothie,,,,Coffee
TXN_2282416,Tea,4,1.5,6,,Takeaway,4/29/2023,Tea,,,,Smoothie
TXN_9240476,Coffee,5,2,10,UNKNOWN,,4/29/2023,Coffee,,,,Cookie
TXN_1796259,Cake,1,3,3,,In-store,4/29/2023,Cake,,,,Smoothie
TXN_7010218,Cookie,4,1,4,,Takeaway,4/29/2023,Cookie,,,,Smoothie
TXN_8718498,Cake,5,3,15,Credit Card,ERROR,4/30/2023,Cake,,,,Salad
TXN_1928241,Coffee,3,2,6,Cash,In-store,4/30/2023,Coffee,,,,Salad
TXN_7058377,Cake,1,3,3,,Takeaway,4/30/2023,Cake,,,,Cookie
TXN_9470612,Cake,3,3,9,,Takeaway,4/30/2023,Cake,,,,Salad
TXN_6530795,Cookie,1,1,1,Credit Card,,4/30/2023,Cookie,,,,Tea
TXN_5322809,Cake,2,3,6,,ERROR,4/30/2023,Cake,,,,Smoothie
TXN_5537740,Cake,3,3,9,Credit Card,Takeaway,4/30/2023,Cake,,,,Cake
TXN_5680629,Cake,2,3,6,,Takeaway,4/30/2023,Cake,,,,Cake
TXN_3312002,Smoothie,4,4,16,Digital Wallet,,4/30/2023,Smoothie,,,,Cake
TXN_9853577,Smoothie,2,4,8,Credit Card,In-store,4/30/2023,Smoothie,,,,Cake
TXN_9833245,Cookie,1,1,1,Digital Wallet,Takeaway,4/30/2023,Cookie,,,,Smoothie
TXN_9449037,Coffee,4,2,8,,Takeaway,4/30/2023,Coffee,,,,Cake
TXN_4641838,Cookie,5,1,5,Credit Card,,4/30/2023,Cookie,,,,Tea
TXN_7070302,Salad,3,5,15,,In-store,4/30/2023,Salad,,,,Cookie
TXN_1461221,Salad,2,5,10,Cash,In-store,4/30/2023,Salad,,,,Cookie
TXN_7800602,Tea,1,1.5,1.5,Cash,,4/30/2023,Tea,,,,Cake
TXN_6500713,Cookie,3,1,3,,In-store,4/30/2023,Cookie,,,,Cake
TXN_3210288,Salad,3,5,15,UNKNOWN,Takeaway,4/30/2023,Salad,,,,Smoothie
TXN_6632882,Smoothie,1,4,4,Digital Wallet,In-store,4/30/2023,Smoothie,,,,Cookie
TXN_5083311,Smoothie,4,4,16,Digital Wallet,,4/30/2023,Smoothie,,,,Smoothie
TXN_8211146,Smoothie,5,4,20,Digital Wallet,Takeaway,4/30/2023,Smoothie,,,,Salad
TXN_4788748,Smoothie,4,4,16,Credit Card,In-store,4/30/2023,Smoothie,,,,Cake
TXN_4103665,Coffee,4,2,8,,In-store,4/30/2023,Coffee,,,,Cookie
TXN_8810855,Smoothie,4,4,16,,UNKNOWN,4/30/2023,Smoothie,,,,Salad
TXN_5423024,Smoothie,1,4,4,Digital Wallet,In-store,4/30/2023,Smoothie,,,,Coffee
TXN_3661311,Cake,2,3,6,Digital Wallet,,4/30/2023,Cake,,,,Smoothie
TXN_7171303,Smoothie,1,4,4,,,4/30/2023,Smoothie,,,,Smoothie
TXN_8714850,Cake,5,3,15,Cash,In-store,4/30/2023,Cake,,,,Cake
TXN_3670103,Tea,2,1.5,3,,In-store,4/30/2023,Tea,,,,Cookie
TXN_3206842,Salad,4,5,20,Cash,,4/30/2023,Salad,,,,Coffee
TXN_6624397,Cake,4,3,12,Cash,Takeaway,4/30/2023,Cake,,,,Cake
TXN_5679295,Tea,5,1.5,7.5,,Takeaway,4/30/2023,Tea,,,,Salad
TXN_5283053,Cake,4,3,12,Digital Wallet,,4/30/2023,Cake,,,,Coffee
TXN_4434185,Smoothie,5,4,20,Credit Card,Takeaway,4/30/2023,Smoothie,,,,Cookie
TXN_4380808,Cake,4,3,12,,In-store,4/30/2023,Cake,,,,Cake
TXN_2112522,Smoothie,5,4,20,Digital Wallet,Takeaway,4/30/2023,Smoothie,,,,Salad
TXN_1713128,Smoothie,3,4,12,Credit Card,,5/1/2023,Smoothie,,,,Cake
TXN_8187656,Tea,4,1.5,6,Credit Card,Takeaway,5/1/2023,Tea,,,,Cake
TXN_7692628,Tea,2,1.5,3,Cash,,5/1/2023,Tea,,,,Tea
TXN_4673812,Cookie,2,1,2,Digital Wallet,Takeaway,5/1/2023,Cookie,,,,Cake
TXN_6898368,Smoothie,3,4,12,Digital Wallet,,5/1/2023,Smoothie,,,,Smoothie
TXN_6541809,Tea,3,1.5,4.5,,,5/1/2023,Tea,,,,Tea
TXN_7597276,Smoothie,4,4,16,Digital Wallet,,5/1/2023,Smoothie,,,,Tea
TXN_2336921,Cake,3,3,9,Digital Wallet,Takeaway,5/1/2023,Cake,,,,Cake
TXN_8352748,Smoothie,5,4,20,Cash,In-store,5/1/2023,Smoothie,,,,Tea
TXN_6310896,Smoothie,1,4,4,,In-store,5/1/2023,Smoothie,,,,Tea
TXN_3785168,Cake,3,3,9,,Takeaway,5/1/2023,Cake,,,,Smoothie
TXN_7455953,Coffee,2,2,4,,ERROR,5/1/2023,Coffee,,,,Cake
TXN_6206679,Tea,1,1.5,1.5,,In-store,5/1/2023,Tea,,,,Cake
TXN_6670371,Tea,3,1.5,4.5,Credit Card,Takeaway,5/1/2023,Tea,,,,Cake
TXN_2813872,Salad,1,5,5,Credit Card,Takeaway,5/1/2023,Salad,,,,Smoothie
TXN_2535662,Cake,1,3,3,Cash,ERROR,5/1/2023,Cake,,,,Cookie
TXN_4152460,Smoothie,3,4,12,Cash,Takeaway,5/1/2023,Smoothie,,,,Cookie
TXN_8477415,Salad,2,5,10,Credit Card,UNKNOWN,5/1/2023,Salad,,,,Cake
TXN_5518232,Salad,3,5,15,,Takeaway,5/1/2023,Salad,,,,Cake
TXN_4958354,Smoothie,4,4,16,Credit Card,Takeaway,5/1/2023,Smoothie,,,,Cookie
TXN_9728062,Coffee,1,2,2,Cash,,5/1/2023,Coffee,,,,Cookie
TXN_9288999,Cookie,3,1,3,Credit Card,In-store,5/1/2023,Cookie,,,,Cake
TXN_3081950,Cookie,1,1,1,Digital Wallet,ERROR,5/1/2023,Cookie,,,,Cookie
TXN_9275800,Smoothie,3,4,12,Cash,,5/1/2023,Smoothie,,,,Smoothie
TXN_5935353,Smoothie,2,4,8,Credit Card,ERROR,5/1/2023,Smoothie,,,,Salad
TXN_8230936,Cake,3,3,9,,ERROR,5/2/2023,Cake,,,,Tea
TXN_7109358,Salad,5,5,25,Digital Wallet,,5/2/2023,Salad,,,,Smoothie
TXN_5489408,Cookie,1,1,1,UNKNOWN,In-store,5/2/2023,Cookie,,,,Cake
TXN_6806290,Salad,3,5,15,UNKNOWN,,5/2/2023,Salad,,,,Smoothie
TXN_7222483,Smoothie,5,4,20,,Takeaway,5/2/2023,Smoothie,,,,Cookie
TXN_9603263,Cookie,5,1,5,Cash,ERROR,5/2/2023,Cookie,,,,Cake
TXN_2628024,Smoothie,1,4,4,,In-store,5/2/2023,Smoothie,,,,Cake
TXN_7868879,Smoothie,4,4,16,Cash,Takeaway,5/2/2023,Smoothie,,,,Tea
TXN_2080682,Coffee,3,2,6,Credit Card,In-store,5/2/2023,Coffee,,,,Cake
TXN_6551087,Smoothie,1,4,4,Credit Card,ERROR,5/2/2023,Smoothie,,,,Tea
TXN_5609260,Cookie,5,1,5,Digital Wallet,In-store,5/2/2023,Cookie,,,,Salad
TXN_3477101,Cookie,4,1,4,,Takeaway,5/2/2023,Cookie,,,,Smoothie
TXN_6280724,Coffee,3,2,6,Credit Card,,5/2/2023,Coffee,,,,Tea
TXN_7327440,Cookie,3,1,3,Cash,In-store,5/2/2023,Cookie,,,,Salad
TXN_8304002,Cake,1,3,3,Credit Card,Takeaway,5/2/2023,Cake,,,,Smoothie
TXN_2031545,Cake,2,3,6,Digital Wallet,In-store,5/2/2023,Cake,,,,Cake
TXN_4328869,Smoothie,2,4,8,Cash,,5/2/2023,Smoothie,,,,Cake
TXN_2435218,Coffee,5,2,10,,In-store,5/2/2023,Coffee,,,,Salad
TXN_3708535,Coffee,5,2,10,,In-store,5/2/2023,Coffee,,,,Smoothie
TXN_5996973,Smoothie,5,4,20,,In-store,5/2/2023,Smoothie,,,,Coffee
TXN_1151605,Coffee,1,2,2,Digital Wallet,Takeaway,5/2/2023,Coffee,,,,Salad
TXN_4367044,Smoothie,1,4,4,Cash,,5/2/2023,Smoothie,,,,Smoothie
TXN_1234907,Cake,1,3,3,Credit Card,In-store,5/2/2023,Cake,,,,Tea
TXN_7037557,Salad,4,5,20,Cash,,5/2/2023,Salad,,,,Smoothie
TXN_4119210,Tea,3,1.5,4.5,Cash,In-store,5/2/2023,Tea,,,,Tea
TXN_4108869,Smoothie,5,4,20,,,5/2/2023,Smoothie,,,,Coffee
TXN_8410979,Smoothie,3,4,12,Digital Wallet,In-store,5/2/2023,Smoothie,,,,Salad
TXN_3340550,Cake,2,3,6,Digital Wallet,ERROR,5/2/2023,Cake,,,,Tea
TXN_7619095,Smoothie,2,4,8,Cash,In-store,5/3/2023,Smoothie,,,,Tea
TXN_7922392,Smoothie,3,4,12,,,5/3/2023,Smoothie,,,,Cake
TXN_3390072,Tea,1,1.5,1.5,Credit Card,,5/3/2023,Tea,,,,Smoothie
TXN_4435352,Salad,2,5,10,Credit Card,,5/3/2023,Salad,,,,Tea
TXN_6533180,Coffee,5,2,10,,Takeaway,5/3/2023,Coffee,,,,Cake
TXN_9103776,Tea,4,1.5,6,Credit Card,In-store,5/3/2023,Tea,,,,Smoothie
TXN_8771574,Coffee,3,2,6,Digital Wallet,Takeaway,5/3/2023,Coffee,,,,Cake
TXN_6762490,Cake,5,3,15,Cash,ERROR,5/3/2023,Cake,,,,Tea
TXN_6846020,Cake,5,3,15,ERROR,Takeaway,5/3/2023,Cake,,,,Coffee
TXN_5960979,Coffee,5,2,10,Digital Wallet,In-store,5/3/2023,Coffee,,,,Cookie
TXN_4559065,Cake,1,3,3,Cash,In-store,5/3/2023,Cake,,,,Cake
TXN_7637325,Cookie,4,1,4,,,5/3/2023,Cookie,,,,Smoothie
TXN_4489757,Smoothie,5,4,20,Credit Card,,5/3/2023,Smoothie,,,,Smoothie
TXN_8565218,Cake,1,3,3,Digital Wallet,UNKNOWN,5/3/2023,Cake,,,,Smoothie
TXN_4795208,Smoothie,2,4,8,Digital Wallet,Takeaway,5/3/2023,Smoothie,,,,Cake
TXN_3500571,Cake,3,3,9,,Takeaway,5/3/2023,Cake,,,,Cookie
TXN_3886583,Tea,3,1.5,4.5,Digital Wallet,In-store,5/3/2023,Tea,,,,Cake
TXN_2741424,Tea,4,1.5,6,Credit Card,In-store,5/3/2023,Tea,,,,Cookie
TXN_6773319,Tea,4,1.5,6,,Takeaway,5/3/2023,Tea,,,,Smoothie
TXN_9583176,Cookie,5,1,5,,In-store,5/3/2023,Cookie,,,,Cake
TXN_5176767,Smoothie,4,4,16,,Takeaway,5/3/2023,Smoothie,,,,Salad
TXN_8745942,Cookie,3,1,3,Cash,ERROR,5/3/2023,Cookie,,,,Coffee
TXN_5421917,Tea,5,1.5,7.5,,,5/3/2023,Tea,,,,Cake
TXN_7174856,Smoothie,1,4,4,Cash,Takeaway,5/3/2023,Smoothie,,,,Coffee
TXN_2231082,Cake,5,3,15,Cash,In-store,5/3/2023,Cake,,,,Cake
TXN_3314971,Cake,3,3,9,Digital Wallet,,5/4/2023,Cake,,,,Tea
TXN_8693704,Salad,5,5,25,Cash,In-store,5/4/2023,Salad,,,,Smoothie
TXN_9323513,Cake,3,3,9,,Takeaway,5/4/2023,Cake,,,,Smoothie
TXN_5325729,Coffee,5,2,10,Digital Wallet,,5/4/2023,Coffee,,,,Salad
TXN_9086709,Cake,1,3,3,,In-store,5/4/2023,Cake,,,,Smoothie
TXN_9596100,Cake,4,3,12,Cash,Takeaway,5/4/2023,Cake,,,,Cake
TXN_7033977,Smoothie,4,4,16,,Takeaway,5/4/2023,Smoothie,,,,Cake
TXN_3336502,Smoothie,3,4,12,Credit Card,,5/4/2023,Smoothie,,,,Smoothie
TXN_8207244,Tea,5,1.5,7.5,Cash,Takeaway,5/4/2023,Tea,,,,Cake
TXN_6987950,Cake,4,3,12,Credit Card,,5/4/2023,Cake,,,,Coffee
TXN_4283563,Tea,2,1.5,3,Cash,UNKNOWN,5/4/2023,Tea,,,,Smoothie
TXN_5313211,Smoothie,5,4,20,Credit Card,ERROR,5/4/2023,Smoothie,,,,Tea
TXN_3200195,Cake,3,3,9,Digital Wallet,In-store,5/4/2023,Cake,,,,Cookie
TXN_8743849,Cake,2,3,6,Digital Wallet,Takeaway,5/4/2023,Cake,,,,Salad
TXN_4841285,Tea,2,1.5,3,Credit Card,UNKNOWN,5/4/2023,Tea,,,,Smoothie
TXN_3206293,Cookie,5,1,5,Digital Wallet,Takeaway,5/4/2023,Cookie,,,,Salad
TXN_4654061,Smoothie,2,4,8,Credit Card,,5/4/2023,Smoothie,,,,Cookie
TXN_5927620,Smoothie,1,4,4,Credit Card,,5/4/2023,Smoothie,,,,Smoothie
TXN_4325648,Cake,3,3,9,Digital Wallet,Takeaway,5/4/2023,Cake,,,,Cake
TXN_6405489,Smoothie,3,4,12,Credit Card,Takeaway,5/4/2023,Smoothie,,,,Smoothie
TXN_3295578,Cake,1,3,3,UNKNOWN,In-store,5/4/2023,Cake,,,,Cookie
TXN_3291900,Smoothie,4,4,16,Cash,Takeaway,5/4/2023,Smoothie,,,,Cake
TXN_4185160,Coffee,2,2,4,Credit Card,In-store,5/4/2023,Coffee,,,,Tea
TXN_6117421,Cake,2,3,6,Cash,,5/4/2023,Cake,,,,Smoothie
TXN_9215670,Coffee,3,2,6,Cash,Takeaway,5/4/2023,Coffee,,,,Cake
TXN_5332773,Coffee,2,2,4,Digital Wallet,Takeaway,5/4/2023,Coffee,,,,Cookie
TXN_5506097,Smoothie,5,4,20,Cash,Takeaway,5/4/2023,Smoothie,,,,Smoothie
TXN_6352917,Salad,5,5,25,Cash,UNKNOWN,5/5/2023,Salad,,,,Cake
TXN_9018535,Cookie,2,1,2,Digital Wallet,Takeaway,5/5/2023,Cookie,,,,Coffee
TXN_2820693,Salad,3,5,15,Cash,Takeaway,5/5/2023,Salad,,,,Smoothie
TXN_2578309,Smoothie,3,4,12,,ERROR,5/5/2023,Smoothie,,,,Cake
TXN_9956671,Cake,3,3,9,Credit Card,,5/5/2023,Cake,,,,Smoothie
TXN_3227186,Salad,2,5,10,Digital Wallet,,5/5/2023,Salad,,,,Cake
TXN_3507334,Cake,4,3,12,UNKNOWN,,5/5/2023,Cake,,,,Smoothie
TXN_2182790,Tea,5,1.5,7.5,Credit Card,Takeaway,5/5/2023,Tea,,,,Cookie
TXN_1870303,Coffee,4,2,8,Digital Wallet,In-store,5/5/2023,Coffee,,,,Cookie
TXN_7797231,Coffee,5,2,10,Digital Wallet,,5/5/2023,Coffee,,,,Cookie
TXN_3596270,Coffee,4,2,8,Credit Card,Takeaway,5/5/2023,Coffee,,,,Smoothie
TXN_7694559,Cookie,3,1,3,Cash,Takeaway,5/5/2023,Cookie,,,,Smoothie
TXN_4268051,Cookie,1,1,1,Digital Wallet,In-store,5/5/2023,Cookie,,,,Smoothie
TXN_1124311,Cookie,1,1,1,Cash,,5/5/2023,Cookie,,,,Cake
TXN_6225305,Cake,1,3,3,Cash,Takeaway,5/5/2023,Cake,,,,Cake
TXN_3421404,Smoothie,4,4,16,Credit Card,,5/5/2023,Smoothie,,,,Salad
TXN_2176821,Salad,3,5,15,Digital Wallet,,5/5/2023,Salad,,,,Cake
TXN_6149800,Smoothie,4,4,16,Digital Wallet,,5/5/2023,Smoothie,,,,Cake
TXN_3647474,Coffee,4,2,8,,Takeaway,5/5/2023,Coffee,,,,Smoothie
TXN_1333524,Cake,2,3,6,Credit Card,,5/5/2023,Cake,,,,Cookie
TXN_6959065,Coffee,5,2,10,Digital Wallet,Takeaway,5/5/2023,Coffee,,,,Salad
TXN_2199647,Salad,1,5,5,Cash,,5/5/2023,Salad,,,,Cake
TXN_1887083,Cake,1,3,3,Digital Wallet,,5/5/2023,Cake,,,,Coffee
TXN_3719842,Cake,3,3,9,Cash,UNKNOWN,5/5/2023,Cake,,,,Coffee
TXN_4356114,Cake,2,3,6,Cash,Takeaway,5/5/2023,Cake,,,,Cookie
TXN_5303092,Tea,2,1.5,3,Credit Card,In-store,5/5/2023,Tea,,,,Cake
TXN_8407849,Cookie,2,1,2,,,5/5/2023,Cookie,,,,Smoothie
TXN_9438576,Cookie,1,1,1,Credit Card,In-store,5/5/2023,Cookie,,,,Smoothie
TXN_8140360,Coffee,4,2,8,Digital Wallet,Takeaway,5/5/2023,Coffee,,,,Salad
TXN_2009407,Cake,5,3,15,Cash,Takeaway,5/5/2023,Cake,,,,Cake
TXN_4657291,Coffee,2,2,4,UNKNOWN,Takeaway,5/5/2023,Coffee,,,,Cookie
TXN_8688603,Coffee,2,2,4,Cash,,5/5/2023,Coffee,,,,Smoothie
TXN_2749289,Smoothie,2,4,8,Digital Wallet,Takeaway,5/5/2023,Smoothie,,,,Coffee
TXN_4961655,Cake,5,3,15,Cash,Takeaway,5/6/2023,Cake,,,,Coffee
TXN_6910915,Tea,4,1.5,6,Digital Wallet,Takeaway,5/6/2023,Tea,,,,Salad
TXN_5098938,Tea,5,1.5,7.5,,,5/6/2023,Tea,,,,Tea
TXN_5526475,Tea,4,1.5,6,Cash,In-store,5/6/2023,Tea,,,,Cake
TXN_8867300,Smoothie,4,4,16,,In-store,5/6/2023,Smoothie,,,,Tea
TXN_6154626,Smoothie,5,4,20,,Takeaway,5/6/2023,Smoothie,,,,Cake
TXN_9600016,Cookie,4,1,4,,Takeaway,5/6/2023,Cookie,,,,Smoothie
TXN_7185724,Cake,4,3,12,ERROR,Takeaway,5/6/2023,Cake,,,,Cake
TXN_5732357,Tea,5,1.5,7.5,Credit Card,,5/6/2023,Tea,,,,Smoothie
TXN_6244602,Cake,5,3,15,Digital Wallet,,5/6/2023,Cake,,,,Coffee
TXN_7179013,Cake,5,3,15,Credit Card,In-store,5/6/2023,Cake,,,,Coffee
TXN_5108439,Salad,2,5,10,,In-store,5/6/2023,Salad,,,,Smoothie
TXN_5661323,Cookie,2,1,2,Credit Card,Takeaway,5/6/2023,Cookie,,,,Salad
TXN_3620122,Smoothie,1,4,4,Cash,In-store,5/6/2023,Smoothie,,,,Smoothie
TXN_8714536,Smoothie,4,4,16,Digital Wallet,Takeaway,5/6/2023,Smoothie,,,,Coffee
TXN_3520910,Salad,1,5,5,Credit Card,Takeaway,5/6/2023,Salad,,,,Smoothie
TXN_3977835,Tea,5,1.5,7.5,,In-store,5/6/2023,Tea,,,,Smoothie
TXN_4417257,Salad,5,5,25,Digital Wallet,Takeaway,5/6/2023,Salad,,,,Cake
TXN_9490465,Smoothie,3,4,12,UNKNOWN,ERROR,5/6/2023,Smoothie,,,,Tea
TXN_4900574,Cake,3,3,9,,,5/6/2023,Cake,,,,Cake
TXN_3346749,Tea,2,1.5,3,,,5/6/2023,Tea,,,,Cookie
TXN_2530326,Smoothie,5,4,20,,In-store,5/6/2023,Smoothie,,,,Coffee
TXN_7712544,Cookie,3,1,3,Cash,,5/6/2023,Cookie,,,,Smoothie
TXN_6687528,Cake,2,3,6,,,5/6/2023,Cake,,,,Cake
TXN_8789736,Coffee,2,2,4,Credit Card,,5/6/2023,Coffee,,,,Cake
TXN_7636536,Cookie,2,1,2,Cash,,5/6/2023,Cookie,,,,Cake
TXN_2391534,Cookie,3,1,3,Credit Card,,5/6/2023,Cookie,,,,Cake
TXN_2640701,Salad,3,5,15,,Takeaway,5/7/2023,Salad,,,,Cake
TXN_2840323,Tea,4,1.5,6,Credit Card,ERROR,5/7/2023,Tea,,,,Tea
TXN_5021925,Tea,4,1.5,6,Cash,In-store,5/7/2023,Tea,,,,Smoothie
TXN_1494608,Tea,3,1.5,4.5,Credit Card,In-store,5/7/2023,Tea,,,,Coffee
TXN_8808162,Smoothie,4,4,16,Digital Wallet,ERROR,5/7/2023,Smoothie,,,,Tea
TXN_8138157,Smoothie,2,4,8,Cash,Takeaway,5/7/2023,Smoothie,,,,Salad
TXN_4155134,Cookie,1,1,1,,Takeaway,5/7/2023,Cookie,,,,Smoothie
TXN_6557825,Tea,3,1.5,4.5,ERROR,,5/7/2023,Tea,,,,Tea
TXN_1931832,Smoothie,4,4,16,Credit Card,,5/7/2023,Smoothie,,,,Coffee
TXN_6378045,Smoothie,5,4,20,Digital Wallet,In-store,5/7/2023,Smoothie,,,,Cookie
TXN_4753853,Cake,5,3,15,Credit Card,Takeaway,5/7/2023,Cake,,,,Coffee
TXN_2338426,Coffee,2,2,4,,,5/7/2023,Coffee,,,,Tea
TXN_3822036,Smoothie,3,4,12,Credit Card,Takeaway,5/7/2023,Smoothie,,,,Salad
TXN_3847176,Smoothie,3,4,12,,Takeaway,5/7/2023,Smoothie,,,,Salad
TXN_5336437,Tea,5,1.5,7.5,Credit Card,,5/7/2023,Tea,,,,Cake
TXN_6501091,Cake,2,3,6,Digital Wallet,Takeaway,5/7/2023,Cake,,,,Coffee
TXN_4898346,Smoothie,2,4,8,Cash,,5/7/2023,Smoothie,,,,Salad
TXN_4008899,Salad,4,5,20,,,5/7/2023,Salad,,,,Smoothie
TXN_9358958,Smoothie,1,4,4,,Takeaway,5/8/2023,Smoothie,,,,Tea
TXN_6108428,Cake,3,3,9,Digital Wallet,,5/8/2023,Cake,,,,Cake
TXN_3330377,Coffee,5,2,10,,,5/8/2023,Coffee,,,,Coffee
TXN_8793244,Cake,4,3,12,Credit Card,Takeaway,5/8/2023,Cake,,,,Cake
TXN_8023817,Cake,4,3,12,,Takeaway,5/8/2023,Cake,,,,Tea
TXN_3377885,Smoothie,3,4,12,Cash,,5/8/2023,Smoothie,,,,Cookie
TXN_9507002,Smoothie,1,4,4,Cash,Takeaway,5/8/2023,Smoothie,,,,Cake
TXN_6748453,Smoothie,5,4,20,,In-store,5/8/2023,Smoothie,,,,Smoothie
TXN_8706498,Smoothie,5,4,20,,,5/8/2023,Smoothie,,,,Tea
TXN_6391414,Smoothie,4,4,16,Cash,In-store,5/8/2023,Smoothie,,,,Smoothie
TXN_8813764,Cookie,1,1,1,Credit Card,In-store,5/8/2023,Cookie,,,,Smoothie
TXN_8581124,Salad,2,5,10,Credit Card,,5/8/2023,Salad,,,,Smoothie
TXN_1720238,Salad,5,5,25,ERROR,Takeaway,5/8/2023,Salad,,,,Coffee
TXN_4178488,Smoothie,3,4,12,Cash,In-store,5/8/2023,Smoothie,,,,Coffee
TXN_6181456,Cookie,1,1,1,,Takeaway,5/8/2023,Cookie,,,,Coffee
TXN_4713356,Smoothie,5,4,20,ERROR,In-store,5/8/2023,Smoothie,,,,Cake
TXN_5092646,Smoothie,2,4,8,,Takeaway,5/8/2023,Smoothie,,,,Salad
TXN_5202752,Smoothie,5,4,20,Credit Card,Takeaway,5/8/2023,Smoothie,,,,Coffee
TXN_6770844,Cake,1,3,3,Digital Wallet,In-store,5/8/2023,Cake,,,,Smoothie
TXN_6344806,Cake,3,3,9,Credit Card,,5/8/2023,Cake,,,,Cake
TXN_6559598,Cake,1,3,3,Digital Wallet,,5/8/2023,Cake,,,,Salad
TXN_1992699,Cookie,2,1,2,,Takeaway,5/8/2023,Cookie,,,,Cookie
TXN_7530300,Coffee,3,2,6,Digital Wallet,,5/8/2023,Coffee,,,,Cake
TXN_9077087,Cake,1,3,3,,In-store,5/8/2023,Cake,,,,Cookie
TXN_8609510,Cake,5,3,15,,Takeaway,5/8/2023,Cake,,,,Cake
TXN_9335226,Smoothie,5,4,20,,,5/8/2023,Smoothie,,,,Cookie
TXN_8162690,Salad,2,5,10,Digital Wallet,,5/8/2023,Salad,,,,Coffee
TXN_9913877,Coffee,2,2,4,Credit Card,,5/9/2023,Coffee,,,,Tea
TXN_6422433,Smoothie,5,4,20,Digital Wallet,Takeaway,5/9/2023,Smoothie,,,,Smoothie
TXN_6054137,Cake,3,3,9,,In-store,5/9/2023,Cake,,,,Cake
TXN_1152249,Smoothie,3,4,12,,In-store,5/9/2023,Smoothie,,,,Cake
TXN_3172090,Cake,1,3,3,Credit Card,,5/9/2023,Cake,,,,Tea
TXN_2417402,Smoothie,3,4,12,Digital Wallet,,5/9/2023,Smoothie,,,,Smoothie
TXN_4548274,Cake,5,3,15,Digital Wallet,,5/9/2023,Cake,,,,Coffee
TXN_8402606,Cookie,3,1,3,,Takeaway,5/9/2023,Cookie,,,,Salad
TXN_7458568,Smoothie,5,4,20,Digital Wallet,,5/9/2023,Smoothie,,,,Cake
TXN_6012728,Cake,4,3,12,Credit Card,In-store,5/9/2023,Cake,,,,Tea
TXN_7741707,Salad,3,5,15,ERROR,Takeaway,5/9/2023,Salad,,,,Cake
TXN_9789310,Smoothie,4,4,16,Credit Card,In-store,5/9/2023,Smoothie,,,,Coffee
TXN_5213014,Smoothie,3,4,12,Credit Card,,5/9/2023,Smoothie,,,,Smoothie
TXN_8016623,Tea,2,1.5,3,Cash,Takeaway,5/9/2023,Tea,,,,Smoothie
TXN_8208915,Cake,2,3,6,Cash,,5/9/2023,Cake,,,,Smoothie
TXN_4564220,Tea,1,1.5,1.5,Digital Wallet,Takeaway,5/9/2023,Tea,,,,Smoothie
TXN_8487985,Cake,5,3,15,,Takeaway,5/9/2023,Cake,,,,Tea
TXN_5110688,Salad,3,5,15,Digital Wallet,,5/9/2023,Salad,,,,Cake
TXN_9948753,Tea,2,1.5,3,,Takeaway,5/9/2023,Tea,,,,Smoothie
TXN_6993624,Cake,4,3,12,Cash,,5/9/2023,Cake,,,,Coffee
TXN_4518505,Tea,5,1.5,7.5,Cash,,5/9/2023,Tea,,,,Coffee
TXN_7922350,Coffee,2,2,4,UNKNOWN,Takeaway,5/9/2023,Coffee,,,,Cake
TXN_6587628,Coffee,5,2,10,,In-store,5/9/2023,Coffee,,,,Salad
TXN_3171373,Smoothie,3,4,12,Credit Card,In-store,5/10/2023,Smoothie,,,,Tea
TXN_1583597,Salad,1,5,5,Cash,In-store,5/10/2023,Salad,,,,Cookie
TXN_7480234,Salad,1,5,5,Cash,Takeaway,5/10/2023,Salad,,,,Cake
TXN_3363831,Cake,3,3,9,Digital Wallet,,5/10/2023,Cake,,,,Cake
TXN_4507755,Cake,2,3,6,Digital Wallet,,5/10/2023,Cake,,,,Cake
TXN_9500986,Cookie,2,1,2,Digital Wallet,Takeaway,5/10/2023,Cookie,,,,Coffee
TXN_7321789,Cake,3,3,9,Digital Wallet,Takeaway,5/10/2023,Cake,,,,Tea
TXN_6579974,Smoothie,5,4,20,Digital Wallet,,5/10/2023,Smoothie,,,,Tea
TXN_2857444,Smoothie,1,4,4,Cash,Takeaway,5/10/2023,Smoothie,,,,Smoothie
TXN_7814690,Smoothie,1,4,4,Credit Card,Takeaway,5/10/2023,Smoothie,,,,Salad
TXN_4566012,Cookie,5,1,5,Credit Card,Takeaway,5/10/2023,Cookie,,,,Cookie
TXN_8225343,Smoothie,1,4,4,Cash,,5/10/2023,Smoothie,,,,Tea
TXN_4487345,Smoothie,3,4,12,,In-store,5/10/2023,Smoothie,,,,Cake
TXN_4831345,Smoothie,5,4,20,,In-store,5/10/2023,Smoothie,,,,Cake
TXN_7374304,Tea,5,1.5,7.5,Digital Wallet,In-store,5/10/2023,Tea,,,,Tea
TXN_6486912,Tea,2,1.5,3,,,5/10/2023,Tea,,,,Cookie
TXN_6626928,Smoothie,2,4,8,,In-store,5/10/2023,Smoothie,,,,Smoothie
TXN_3669866,Tea,3,1.5,4.5,Digital Wallet,In-store,5/10/2023,Tea,,,,Tea
TXN_4469550,Cake,3,3,9,Credit Card,In-store,5/10/2023,Cake,,,,Cookie
TXN_2898571,Smoothie,3,4,12,,,5/10/2023,Smoothie,,,,Smoothie
TXN_5349355,Salad,2,5,10,Digital Wallet,In-store,5/10/2023,Salad,,,,Salad
TXN_3820150,Tea,1,1.5,1.5,ERROR,,5/10/2023,Tea,,,,Cake
TXN_9162296,Smoothie,3,4,12,Cash,In-store,5/10/2023,Smoothie,,,,Smoothie
TXN_9956154,Cake,4,3,12,,In-store,5/11/2023,Cake,,,,Coffee
TXN_5311015,Smoothie,3,4,12,ERROR,,5/11/2023,Smoothie,,,,Smoothie
TXN_2766651,Cake,3,3,9,,,5/11/2023,Cake,,,,Cake
TXN_9019429,Smoothie,2,4,8,Digital Wallet,,5/11/2023,Smoothie,,,,Cake
TXN_2122597,Cake,3,3,9,Credit Card,,5/11/2023,Cake,,,,Cookie
TXN_6835777,Cake,5,3,15,Digital Wallet,,5/11/2023,Cake,,,,Smoothie
TXN_7092761,Salad,4,5,20,UNKNOWN,,5/11/2023,Salad,,,,Smoothie
TXN_3163681,Smoothie,2,4,8,,,5/11/2023,Smoothie,,,,Tea
TXN_2444408,Smoothie,2,4,8,Digital Wallet,In-store,5/11/2023,Smoothie,,,,Cake
TXN_1713983,Salad,2,5,10,Cash,In-store,5/11/2023,Salad,,,,Cake
TXN_9291130,Cookie,5,1,5,Cash,In-store,5/11/2023,Cookie,,,,Salad
TXN_4507630,Smoothie,2,4,8,UNKNOWN,Takeaway,5/11/2023,Smoothie,,,,Salad
TXN_5747094,Cake,2,3,6,Digital Wallet,Takeaway,5/11/2023,Cake,,,,Salad
TXN_4001763,Cake,3,3,9,,Takeaway,5/11/2023,Cake,,,,Cake
TXN_1884923,Coffee,4,2,8,Digital Wallet,Takeaway,5/11/2023,Coffee,,,,Coffee
TXN_8239121,Smoothie,1,4,4,,In-store,5/11/2023,Smoothie,,,,Smoothie
TXN_1417291,Cake,4,3,12,Digital Wallet,In-store,5/11/2023,Cake,,,,Tea
TXN_6361856,Cookie,5,1,5,UNKNOWN,,5/11/2023,Cookie,,,,Smoothie
TXN_1599516,Cake,3,3,9,Cash,In-store,5/11/2023,Cake,,,,Tea
TXN_8698717,Coffee,4,2,8,Digital Wallet,,5/11/2023,Coffee,,,,Cake
TXN_8222593,Smoothie,4,4,16,Credit Card,,5/11/2023,Smoothie,,,,Smoothie
TXN_8687088,Cookie,2,1,2,Credit Card,In-store,5/11/2023,Cookie,,,,Cake
TXN_2009782,Salad,5,5,25,Credit Card,ERROR,5/11/2023,Salad,,,,Coffee
TXN_4203885,Tea,3,1.5,4.5,Cash,,5/11/2023,Tea,,,,Smoothie
TXN_1524602,Coffee,3,2,6,Cash,Takeaway,5/11/2023,Coffee,,,,Cake
TXN_2152054,Cake,2,3,6,Digital Wallet,,5/11/2023,Cake,,,,Cookie
TXN_7311815,Cookie,4,1,4,,Takeaway,5/11/2023,Cookie,,,,Salad
TXN_8386253,Tea,4,1.5,6,Cash,,5/11/2023,Tea,,,,Cookie
TXN_2668838,Cake,4,3,12,,Takeaway,5/11/2023,Cake,,,,Cake
TXN_2079029,Cake,5,3,15,Cash,In-store,5/11/2023,Cake,,,,Cake
TXN_8703771,Cake,5,3,15,,In-store,5/12/2023,Cake,,,,Smoothie
TXN_7269513,Salad,3,5,15,Cash,,5/12/2023,Salad,,,,Cookie
TXN_5540986,Cake,3,3,9,,UNKNOWN,5/12/2023,Cake,,,,Cake
TXN_5944206,Cookie,5,1,5,Digital Wallet,Takeaway,5/12/2023,Cookie,,,,Smoothie
TXN_5908104,Smoothie,2,4,8,Credit Card,,5/12/2023,Smoothie,,,,Smoothie
TXN_7684072,Tea,2,1.5,3,Credit Card,,5/12/2023,Tea,,,,Cake
TXN_1452253,Smoothie,2,4,8,,,5/12/2023,Smoothie,,,,Cookie
TXN_4791243,Cookie,5,1,5,,Takeaway,5/12/2023,Cookie,,,,Coffee
TXN_5929341,Cake,2,3,6,,Takeaway,5/12/2023,Cake,,,,Coffee
TXN_7648238,Cookie,1,1,1,Cash,,5/12/2023,Cookie,,,,Tea
TXN_5929797,Smoothie,1,4,4,Credit Card,In-store,5/12/2023,Smoothie,,,,Smoothie
TXN_5578828,Cookie,4,1,4,Cash,In-store,5/12/2023,Cookie,,,,Cake
TXN_2396191,Cake,4,3,12,Credit Card,,5/12/2023,Cake,,,,Cake
TXN_9411395,Coffee,5,2,10,,,5/12/2023,Coffee,,,,Cake
TXN_4378637,Cookie,1,1,1,,Takeaway,5/12/2023,Cookie,,,,Cookie
TXN_5895330,Salad,5,5,25,,In-store,5/12/2023,Salad,,,,Tea
TXN_4068262,Salad,2,5,10,Credit Card,,5/13/2023,Salad,,,,Cookie
TXN_9755352,Smoothie,5,4,20,,In-store,5/13/2023,Smoothie,,,,Smoothie
TXN_8171171,Coffee,1,2,2,,Takeaway,5/13/2023,Coffee,,,,Cookie
TXN_5547519,Salad,4,5,20,,In-store,5/13/2023,Salad,,,,Cookie
TXN_4009547,Cake,4,3,12,Credit Card,,5/13/2023,Cake,,,,Cookie
TXN_2367947,Smoothie,5,4,20,,Takeaway,5/13/2023,Smoothie,,,,Coffee
TXN_5486398,Cookie,4,1,4,Cash,,5/13/2023,Cookie,,,,Salad
TXN_5828907,Cookie,5,1,5,Digital Wallet,,5/13/2023,Cookie,,,,Salad
TXN_3442244,Cake,4,3,12,,Takeaway,5/13/2023,Cake,,,,Smoothie
TXN_6482262,Cake,3,3,9,Credit Card,,5/13/2023,Cake,,,,Salad
TXN_3339728,Cake,5,3,15,,In-store,5/13/2023,Cake,,,,Coffee
TXN_9287659,Cake,1,3,3,,In-store,5/13/2023,Cake,,,,Cake
TXN_2834323,Tea,1,1.5,1.5,Digital Wallet,Takeaway,5/13/2023,Tea,,,,Smoothie
TXN_3660227,Cake,4,3,12,Credit Card,Takeaway,5/13/2023,Cake,,,,Cookie
TXN_6752053,Smoothie,4,4,16,,,5/13/2023,Smoothie,,,,Cake
TXN_9121687,Smoothie,2,4,8,ERROR,In-store,5/13/2023,Smoothie,,,,Cake
TXN_8535886,Tea,5,1.5,7.5,Credit Card,In-store,5/13/2023,Tea,,,,Tea
TXN_9230208,Cake,3,3,9,Credit Card,,5/13/2023,Cake,,,,Coffee
TXN_8914956,Cookie,2,1,2,Credit Card,,5/13/2023,Cookie,,,,Cake
TXN_5498693,Cake,4,3,12,UNKNOWN,,5/13/2023,Cake,,,,Coffee
TXN_5392603,Coffee,1,2,2,Cash,In-store,5/14/2023,Coffee,,,,Cake
TXN_7270652,Smoothie,1,4,4,,Takeaway,5/14/2023,Smoothie,,,,Cookie
TXN_9201988,Coffee,3,2,6,,,5/14/2023,Coffee,,,,Smoothie
TXN_6440365,Smoothie,2,4,8,Cash,,5/14/2023,Smoothie,,,,Coffee
TXN_8241724,Smoothie,1,4,4,Credit Card,Takeaway,5/14/2023,Smoothie,,,,Smoothie
TXN_7490314,Cookie,2,1,2,,In-store,5/14/2023,Cookie,,,,Cake
TXN_6949949,Salad,3,5,15,,,5/14/2023,Salad,,,,Cookie
TXN_5826333,Cookie,1,1,1,Cash,,5/14/2023,Cookie,,,,Smoothie
TXN_5074212,Cake,5,3,15,UNKNOWN,,5/14/2023,Cake,,,,Smoothie
TXN_2947683,Cake,3,3,9,,In-store,5/14/2023,Cake,,,,Cake
TXN_1473693,Smoothie,4,4,16,,Takeaway,5/14/2023,Smoothie,,,,Cake
TXN_4078284,Coffee,1,2,2,Credit Card,,5/14/2023,Coffee,,,,Smoothie
TXN_5572520,Smoothie,5,4,20,Cash,Takeaway,5/14/2023,Smoothie,,,,Cake
TXN_4768744,Tea,5,1.5,7.5,Cash,In-store,5/14/2023,Tea,,,,Tea
TXN_5591155,Smoothie,4,4,16,,Takeaway,5/14/2023,Smoothie,,,,Cake
TXN_3659483,Smoothie,3,4,12,Cash,,5/14/2023,Smoothie,,,,Coffee
TXN_4968258,Smoothie,2,4,8,,Takeaway,5/14/2023,Smoothie,,,,Coffee
TXN_3916668,Cake,2,3,6,Digital Wallet,,5/14/2023,Cake,,,,Cookie
TXN_9639089,Cake,4,3,12,Credit Card,In-store,5/14/2023,Cake,,,,Cookie
TXN_6311602,Cake,3,3,9,Credit Card,,5/15/2023,Cake,,,,Cake
TXN_5737831,Cake,4,3,12,ERROR,Takeaway,5/15/2023,Cake,,,,Coffee
TXN_1617029,Salad,4,5,20,Cash,Takeaway,5/15/2023,Salad,,,,Tea
TXN_5777903,Coffee,2,2,4,,Takeaway,5/15/2023,Coffee,,,,Cake
TXN_5861636,Coffee,4,2,8,Credit Card,,5/15/2023,Coffee,,,,Cake
TXN_7208533,Tea,1,1.5,1.5,Cash,In-store,5/15/2023,Tea,,,,Tea
TXN_1830278,Cookie,3,1,3,Credit Card,,5/15/2023,Cookie,,,,Cake
TXN_2085992,Cake,1,3,3,,Takeaway,5/15/2023,Cake,,,,Cookie
TXN_4659573,Cake,5,3,15,,,5/15/2023,Cake,,,,Smoothie
TXN_1578981,Cake,1,3,3,Cash,In-store,5/15/2023,Cake,,,,Cake
TXN_9094261,Cake,2,3,6,Digital Wallet,Takeaway,5/15/2023,Cake,,,,Smoothie
TXN_1887250,Tea,3,1.5,4.5,,Takeaway,5/15/2023,Tea,,,,Tea
TXN_8972137,Cake,4,3,12,Credit Card,In-store,5/15/2023,Cake,,,,Cake
TXN_7809121,Cake,4,3,12,,,5/15/2023,Cake,,,,Coffee
TXN_1643122,Cake,3,3,9,,In-store,5/15/2023,Cake,,,,Smoothie
TXN_5144090,Coffee,5,2,10,Digital Wallet,UNKNOWN,5/15/2023,Coffee,,,,Smoothie
TXN_7878231,Salad,1,5,5,Cash,ERROR,5/15/2023,Salad,,,,Coffee
TXN_9284622,Coffee,1,2,2,Credit Card,,5/15/2023,Coffee,,,,Cake
TXN_2660576,Smoothie,1,4,4,,,5/15/2023,Smoothie,,,,Tea
TXN_5097542,Cake,5,3,15,Cash,,5/15/2023,Cake,,,,Cookie
TXN_1245485,Cake,1,3,3,Digital Wallet,ERROR,5/15/2023,Cake,,,,Tea
TXN_4519915,Smoothie,1,4,4,Digital Wallet,In-store,5/15/2023,Smoothie,,,,Smoothie
TXN_7083611,Cake,2,3,6,,ERROR,5/15/2023,Cake,,,,Smoothie
TXN_7229419,Salad,2,5,10,,Takeaway,5/15/2023,Salad,,,,Smoothie
TXN_4330643,Cookie,3,1,3,Cash,Takeaway,5/15/2023,Cookie,,,,Cake
TXN_3224397,Cookie,4,1,4,Digital Wallet,Takeaway,5/15/2023,Cookie,,,,Tea
TXN_4977031,Cake,4,3,12,Cash,In-store,5/16/2023,Cake,,,,Cookie
TXN_4444463,Cake,4,3,12,ERROR,,5/16/2023,Cake,,,,Smoothie
TXN_3779640,Tea,1,1.5,1.5,Digital Wallet,In-store,5/16/2023,Tea,,,,Salad
TXN_9288207,Cake,4,3,12,,Takeaway,5/16/2023,Cake,,,,Coffee
TXN_3225552,Salad,1,5,5,,In-store,5/16/2023,Salad,,,,Tea
TXN_8689246,Smoothie,5,4,20,Credit Card,In-store,5/16/2023,Smoothie,,,,Tea
TXN_6660755,Cookie,2,1,2,Credit Card,In-store,5/16/2023,Cookie,,,,Salad
TXN_7023753,Coffee,5,2,10,Credit Card,Takeaway,5/16/2023,Coffee,,,,Tea
TXN_8578861,Salad,5,5,25,Digital Wallet,In-store,5/16/2023,Salad,,,,Cookie
TXN_3752448,Cake,5,3,15,Digital Wallet,Takeaway,5/16/2023,Cake,,,,Salad
TXN_4226572,Cookie,3,1,3,,Takeaway,5/16/2023,Cookie,,,,Salad
TXN_5651620,Smoothie,2,4,8,,,5/16/2023,Smoothie,,,,Salad
TXN_1867158,Cookie,4,1,4,Digital Wallet,Takeaway,5/16/2023,Cookie,,,,Cake
TXN_6896663,Cake,3,3,9,,In-store,5/16/2023,Cake,,,,Salad
TXN_5926982,Coffee,4,2,8,,Takeaway,5/16/2023,Coffee,,,,Smoothie
TXN_9943050,Tea,1,1.5,1.5,Digital Wallet,Takeaway,5/16/2023,Tea,,,,Cookie
TXN_9819697,Smoothie,3,4,12,Digital Wallet,In-store,5/16/2023,Smoothie,,,,Cookie
TXN_1893337,Cake,2,3,6,,Takeaway,5/16/2023,Cake,,,,Cake
TXN_9658905,Tea,5,1.5,7.5,Cash,Takeaway,5/16/2023,Tea,,,,Cookie
TXN_7482834,Smoothie,5,4,20,,In-store,5/16/2023,Smoothie,,,,Salad
TXN_8128146,Cake,2,3,6,Cash,In-store,5/16/2023,Cake,,,,Salad
TXN_3046572,Salad,4,5,20,Cash,ERROR,5/16/2023,Salad,,,,Salad
TXN_5632556,Cake,4,3,12,Digital Wallet,In-store,5/16/2023,Cake,,,,Smoothie
TXN_3536893,Salad,2,5,10,,,5/16/2023,Salad,,,,Coffee
TXN_5680657,Cake,5,3,15,Cash,In-store,5/16/2023,Cake,,,,Cookie
TXN_8460786,Coffee,1,2,2,Cash,ERROR,5/17/2023,Coffee,,,,Smoothie
TXN_4114843,Smoothie,2,4,8,Cash,,5/17/2023,Smoothie,,,,Cake
TXN_8930109,Cookie,5,1,5,Digital Wallet,Takeaway,5/17/2023,Cookie,,,,Smoothie
TXN_6191769,Salad,1,5,5,Credit Card,Takeaway,5/17/2023,Salad,,,,Coffee
TXN_5791605,Smoothie,3,4,12,,Takeaway,5/17/2023,Smoothie,,,,Smoothie
TXN_2492586,Salad,3,5,15,Cash,,5/17/2023,Salad,,,,Smoothie
TXN_5721215,Tea,2,1.5,3,,Takeaway,5/17/2023,Tea,,,,Coffee
TXN_4974012,Smoothie,5,4,20,Cash,Takeaway,5/17/2023,Smoothie,,,,Cookie
TXN_7716125,Cookie,2,1,2,Digital Wallet,,5/17/2023,Cookie,,,,Smoothie
TXN_2896048,Tea,4,1.5,6,Cash,,5/17/2023,Tea,,,,Coffee
TXN_5734395,Smoothie,5,4,20,Cash,Takeaway,5/17/2023,Smoothie,,,,Cake
TXN_4635037,Cake,1,3,3,Digital Wallet,In-store,5/17/2023,Cake,,,,Smoothie
TXN_8734331,Tea,3,1.5,4.5,,,5/17/2023,Tea,,,,Coffee
TXN_2137354,Coffee,2,2,4,,UNKNOWN,5/17/2023,Coffee,,,,Cookie
TXN_1505875,Smoothie,4,4,16,Cash,Takeaway,5/17/2023,Smoothie,,,,Cookie
TXN_5665311,Cookie,2,1,2,Credit Card,In-store,5/17/2023,Cookie,,,,Tea
TXN_3580048,Smoothie,5,4,20,,,5/17/2023,Smoothie,,,,Salad
TXN_2371763,Smoothie,4,4,16,Cash,,5/17/2023,Smoothie,,,,Cookie
TXN_5061028,Cookie,1,1,1,Credit Card,Takeaway,5/17/2023,Cookie,,,,Cookie
TXN_4411007,Cookie,5,1,5,Digital Wallet,Takeaway,5/17/2023,Cookie,,,,Cookie
TXN_3284157,Tea,4,1.5,6,Digital Wallet,,5/17/2023,Tea,,,,Coffee
TXN_1413335,Salad,1,5,5,Digital Wallet,Takeaway,5/17/2023,Salad,,,,Salad
TXN_7847913,Smoothie,3,4,12,Digital Wallet,In-store,5/17/2023,Smoothie,,,,Cookie
TXN_4416436,Coffee,3,2,6,Digital Wallet,,5/17/2023,Coffee,,,,Smoothie
TXN_8984991,Smoothie,3,4,12,Credit Card,,5/17/2023,Smoothie,,,,Tea
TXN_7246683,Smoothie,1,4,4,Digital Wallet,Takeaway,5/17/2023,Smoothie,,,,Tea
TXN_2332609,Smoothie,5,4,20,Credit Card,In-store,5/17/2023,Smoothie,,,,Salad
TXN_7538724,Smoothie,1,4,4,,In-store,5/17/2023,Smoothie,,,,Coffee
TXN_2823220,Salad,4,5,20,,In-store,5/17/2023,Salad,,,,Tea
TXN_6623508,Cookie,5,1,5,Digital Wallet,Takeaway,5/18/2023,Cookie,,,,Coffee
TXN_3723007,Tea,3,1.5,4.5,Digital Wallet,In-store,5/18/2023,Tea,,,,Cake
TXN_4015710,Cake,4,3,12,Cash,UNKNOWN,5/18/2023,Cake,,,,Salad
TXN_7805035,Smoothie,3,4,12,,In-store,5/18/2023,Smoothie,,,,Smoothie
TXN_7433269,Tea,1,1.5,1.5,Cash,In-store,5/18/2023,Tea,,,,Salad
TXN_9844703,Tea,2,1.5,3,,,5/18/2023,Tea,,,,Salad
TXN_2594430,Coffee,1,2,2,ERROR,,5/18/2023,Coffee,,,,Smoothie
TXN_7794561,Cake,4,3,12,Credit Card,In-store,5/18/2023,Cake,,,,Cookie
TXN_7825648,Coffee,1,2,2,,Takeaway,5/18/2023,Coffee,,,,Coffee
TXN_2364171,Cake,4,3,12,Cash,,5/18/2023,Cake,,,,Cookie
TXN_7917193,Cookie,3,1,3,Cash,ERROR,5/18/2023,Cookie,,,,Smoothie
TXN_6484542,Salad,5,5,25,Credit Card,,5/18/2023,Salad,,,,Coffee
TXN_8017663,Coffee,2,2,4,,,5/18/2023,Coffee,,,,Salad
TXN_4791105,Smoothie,3,4,12,,Takeaway,5/18/2023,Smoothie,,,,Coffee
TXN_2505416,Cookie,2,1,2,ERROR,UNKNOWN,5/18/2023,Cookie,,,,Tea
TXN_7013527,Salad,2,5,10,Credit Card,In-store,5/18/2023,Salad,,,,Cookie
TXN_8542781,Cake,2,3,6,,UNKNOWN,5/18/2023,Cake,,,,Cookie
TXN_1004184,Smoothie,1,4,4,Credit Card,In-store,5/18/2023,Smoothie,,,,Tea
TXN_4570750,Coffee,1,2,2,Cash,Takeaway,5/18/2023,Coffee,,,,Cookie
TXN_3996874,Tea,4,1.5,6,Digital Wallet,,5/18/2023,Tea,,,,Cake
TXN_7151817,Smoothie,1,4,4,Cash,In-store,5/18/2023,Smoothie,,,,Smoothie
TXN_1093668,Coffee,2,2,4,Digital Wallet,ERROR,5/18/2023,Coffee,,,,Cookie
TXN_7493740,Cake,1,3,3,,ERROR,5/18/2023,Cake,,,,Smoothie
TXN_5675095,Smoothie,4,4,16,Digital Wallet,Takeaway,5/18/2023,Smoothie,,,,Cookie
TXN_7046631,Coffee,4,2,8,Digital Wallet,In-store,5/18/2023,Coffee,,,,Salad
TXN_1801691,Salad,1,5,5,,Takeaway,5/18/2023,Salad,,,,Cake
TXN_2441029,Cake,5,3,15,Cash,In-store,5/18/2023,Cake,,,,Salad
TXN_4141941,Coffee,2,2,4,Digital Wallet,In-store,5/18/2023,Coffee,,,,Salad
TXN_1066604,Smoothie,5,4,20,Credit Card,,5/18/2023,Smoothie,,,,Smoothie
TXN_9455679,Salad,5,5,25,,Takeaway,5/18/2023,Salad,,,,Smoothie
TXN_1192009,Coffee,1,2,2,ERROR,,5/18/2023,Coffee,,,,Cake
TXN_6172528,Smoothie,3,4,12,Credit Card,In-store,5/18/2023,Smoothie,,,,Cookie
TXN_8272750,Salad,5,5,25,,,5/18/2023,Salad,,,,Cake
TXN_2493446,Smoothie,1,4,4,Cash,Takeaway,5/19/2023,Smoothie,,,,Coffee
TXN_7615147,Smoothie,4,4,16,Cash,In-store,5/19/2023,Smoothie,,,,Salad
TXN_1371554,Smoothie,2,4,8,,,5/19/2023,Smoothie,,,,Coffee
TXN_9762385,Tea,3,1.5,4.5,,,5/19/2023,Tea,,,,Cake
TXN_7296498,Salad,5,5,25,Credit Card,Takeaway,5/19/2023,Salad,,,,Cake
TXN_3099191,Salad,2,5,10,ERROR,,5/19/2023,Salad,,,,Salad
TXN_6851213,Cake,1,3,3,Digital Wallet,,5/19/2023,Cake,,,,Cookie
TXN_5268025,Cookie,5,1,5,Digital Wallet,In-store,5/19/2023,Cookie,,,,Coffee
TXN_9134257,Coffee,3,2,6,Digital Wallet,Takeaway,5/19/2023,Coffee,,,,Cookie
TXN_8058026,Tea,1,1.5,1.5,ERROR,Takeaway,5/19/2023,Tea,,,,Smoothie
TXN_7116936,Coffee,5,2,10,Credit Card,Takeaway,5/19/2023,Coffee,,,,Coffee
TXN_7122109,Coffee,5,2,10,,Takeaway,5/19/2023,Coffee,,,,Coffee
TXN_9884180,Salad,1,5,5,Cash,Takeaway,5/19/2023,Salad,,,,Coffee
TXN_8194534,Coffee,2,2,4,Cash,,5/19/2023,Coffee,,,,Smoothie
TXN_4172649,Salad,4,5,20,Digital Wallet,,5/19/2023,Salad,,,,Salad
TXN_3026936,Cake,5,3,15,,,5/19/2023,Cake,,,,Tea
TXN_2161957,Cookie,2,1,2,,Takeaway,5/19/2023,Cookie,,,,Tea
TXN_1191068,Salad,1,5,5,,,5/19/2023,Salad,,,,Cake
TXN_2878994,Smoothie,1,4,4,,,5/19/2023,Smoothie,,,,Cookie
TXN_2726749,Cake,4,3,12,,Takeaway,5/19/2023,Cake,,,,Tea
TXN_9660737,Cookie,5,1,5,Cash,,5/19/2023,Cookie,,,,Cake
TXN_8196921,Coffee,4,2,8,Credit Card,Takeaway,5/19/2023,Coffee,,,,Smoothie
TXN_6577035,Smoothie,2,4,8,,In-store,5/20/2023,Smoothie,,,,Coffee
TXN_2543138,Smoothie,1,4,4,Credit Card,,5/20/2023,Smoothie,,,,Coffee
TXN_9904091,Salad,4,5,20,,,5/20/2023,Salad,,,,Cake
TXN_3943327,Cake,1,3,3,,,5/20/2023,Cake,,,,Tea
TXN_6866209,Smoothie,5,4,20,Digital Wallet,In-store,5/20/2023,Smoothie,,,,Cake
TXN_9610933,Tea,3,1.5,4.5,Cash,,5/20/2023,Tea,,,,Smoothie
TXN_3680192,Salad,4,5,20,Digital Wallet,Takeaway,5/20/2023,Salad,,,,Tea
TXN_7242133,Coffee,3,2,6,,UNKNOWN,5/20/2023,Coffee,,,,Coffee
TXN_9489495,Coffee,1,2,2,Credit Card,,5/20/2023,Coffee,,,,Smoothie
TXN_9281586,Smoothie,5,4,20,,ERROR,5/20/2023,Smoothie,,,,Cake
TXN_2693431,Salad,2,5,10,Digital Wallet,,5/20/2023,Salad,,,,Salad
TXN_3776109,Salad,1,5,5,,,5/20/2023,Salad,,,,Cookie
TXN_2519044,Salad,5,5,25,Digital Wallet,Takeaway,5/20/2023,Salad,,,,Smoothie
TXN_2721997,Cake,3,3,9,,Takeaway,5/20/2023,Cake,,,,Coffee
TXN_2913107,Coffee,4,2,8,,In-store,5/20/2023,Coffee,,,,Cake
TXN_4160784,Cookie,5,1,5,ERROR,In-store,5/20/2023,Cookie,,,,Tea
TXN_6660602,Salad,4,5,20,,Takeaway,5/20/2023,Salad,,,,Tea
TXN_2831842,Cake,2,3,6,,ERROR,5/20/2023,Cake,,,,Tea
TXN_3561149,Cake,4,3,12,Digital Wallet,Takeaway,5/20/2023,Cake,,,,Cake
TXN_2342308,Cookie,5,1,5,Digital Wallet,,5/20/2023,Cookie,,,,Cake
TXN_1525583,Smoothie,3,4,12,Cash,Takeaway,5/20/2023,Smoothie,,,,Salad
TXN_4544172,Cake,1,3,3,Digital Wallet,Takeaway,5/20/2023,Cake,,,,Tea
TXN_6488040,Salad,1,5,5,Digital Wallet,Takeaway,5/20/2023,Salad,,,,Coffee
TXN_1038397,Cookie,3,1,3,,In-store,5/20/2023,Cookie,,,,Cake
TXN_9357808,Smoothie,4,4,16,Cash,,5/20/2023,Smoothie,,,,Smoothie
TXN_6411708,Coffee,4,2,8,Credit Card,In-store,5/20/2023,Coffee,,,,Smoothie
TXN_1648671,Smoothie,3,4,12,Cash,Takeaway,5/21/2023,Smoothie,,,,Smoothie
TXN_1846004,Cake,3,3,9,Cash,In-store,5/21/2023,Cake,,,,Smoothie
TXN_3959152,Cake,1,3,3,,In-store,5/21/2023,Cake,,,,Cake
TXN_1664665,Cake,3,3,9,Credit Card,In-store,5/21/2023,Cake,,,,Coffee
TXN_4075863,Smoothie,3,4,12,Cash,Takeaway,5/21/2023,Smoothie,,,,Smoothie
TXN_3213035,Smoothie,4,4,16,,In-store,5/21/2023,Smoothie,,,,Smoothie
TXN_4613883,Tea,1,1.5,1.5,Cash,,5/21/2023,Tea,,,,Cake
TXN_2889344,Smoothie,3,4,12,,In-store,5/21/2023,Smoothie,,,,Smoothie
TXN_5486063,Smoothie,3,4,12,Cash,In-store,5/21/2023,Smoothie,,,,Cake
TXN_2518917,Cookie,1,1,1,UNKNOWN,In-store,5/21/2023,Cookie,,,,Smoothie
TXN_1386024,Cake,4,3,12,Credit Card,,5/21/2023,Cake,,,,Cake
TXN_5947976,Coffee,3,2,6,,In-store,5/21/2023,Coffee,,,,Cake
TXN_1158197,Coffee,2,2,4,,Takeaway,5/21/2023,Coffee,,,,Cake
TXN_8556230,Cookie,5,1,5,Cash,In-store,5/21/2023,Cookie,,,,Cake
TXN_3375399,Cookie,1,1,1,Digital Wallet,Takeaway,5/21/2023,Cookie,,,,Coffee
TXN_3166181,Cookie,3,1,3,Credit Card,In-store,5/21/2023,Cookie,,,,Cookie
TXN_5357157,Cake,4,3,12,Credit Card,In-store,5/21/2023,Cake,,,,Tea
TXN_9100530,Smoothie,3,4,12,Digital Wallet,,5/21/2023,Smoothie,,,,Cookie
TXN_8787350,Smoothie,5,4,20,,,5/21/2023,Smoothie,,,,Cake
TXN_3586935,Salad,5,5,25,Cash,,5/21/2023,Salad,,,,Cookie
TXN_7143535,Cookie,2,1,2,,,5/21/2023,Cookie,,,,Cake
TXN_4633457,Salad,1,5,5,Credit Card,Takeaway,5/21/2023,Salad,,,,Salad
TXN_1670597,Coffee,2,2,4,Cash,Takeaway,5/21/2023,Coffee,,,,Tea
TXN_8363711,Smoothie,2,4,8,,In-store,5/21/2023,Smoothie,,,,Smoothie
TXN_6676143,Smoothie,5,4,20,Cash,In-store,5/21/2023,Smoothie,,,,Cookie
TXN_3912440,Tea,2,1.5,3,,In-store,5/21/2023,Tea,,,,Tea
TXN_8019306,Cake,1,3,3,Credit Card,,5/21/2023,Cake,,,,Coffee
TXN_2446298,Cake,5,3,15,,In-store,5/21/2023,Cake,,,,Coffee
TXN_6386388,Tea,3,1.5,4.5,Credit Card,Takeaway,5/21/2023,Tea,,,,Cookie
TXN_6766664,Coffee,3,2,6,,,5/21/2023,Coffee,,,,Coffee
TXN_4916611,Cake,5,3,15,,Takeaway,5/21/2023,Cake,,,,Tea
TXN_1704041,Coffee,4,2,8,Credit Card,,5/21/2023,Coffee,,,,Smoothie
TXN_7191245,Cake,4,3,12,,Takeaway,5/22/2023,Cake,,,,Smoothie
TXN_5654490,Tea,4,1.5,6,Credit Card,,5/22/2023,Tea,,,,Tea
TXN_9469533,Cookie,4,1,4,Cash,,5/22/2023,Cookie,,,,Cookie
TXN_8918902,Coffee,5,2,10,,,5/22/2023,Coffee,,,,Smoothie
TXN_8836650,Smoothie,5,4,20,,ERROR,5/22/2023,Smoothie,,,,Salad
TXN_2879092,Tea,3,1.5,4.5,Cash,,5/22/2023,Tea,,,,Coffee
TXN_8426712,Cookie,3,1,3,,In-store,5/22/2023,Cookie,,,,Cake
TXN_4624436,Smoothie,1,4,4,,,5/22/2023,Smoothie,,,,Cookie
TXN_1882390,Cookie,1,1,1,,Takeaway,5/22/2023,Cookie,,,,Tea
TXN_9822173,Cake,5,3,15,Digital Wallet,,5/22/2023,Cake,,,,Cake
TXN_5138519,Cake,5,3,15,Cash,In-store,5/22/2023,Cake,,,,Salad
TXN_2719734,Cake,5,3,15,Digital Wallet,In-store,5/22/2023,Cake,,,,Salad
TXN_7153885,Salad,1,5,5,Credit Card,,5/22/2023,Salad,,,,Tea
TXN_2238287,Salad,3,5,15,Digital Wallet,In-store,5/22/2023,Salad,,,,Cookie
TXN_5365699,Smoothie,5,4,20,,,5/22/2023,Smoothie,,,,Smoothie
TXN_6890737,Smoothie,4,4,16,,,5/22/2023,Smoothie,,,,Tea
TXN_4846406,Cookie,3,1,3,Cash,In-store,5/22/2023,Cookie,,,,Coffee
TXN_5263133,Cake,2,3,6,,Takeaway,5/22/2023,Cake,,,,Tea
TXN_9706608,Smoothie,1,4,4,Cash,UNKNOWN,5/22/2023,Smoothie,,,,Tea
TXN_1710476,Cake,4,3,12,Digital Wallet,Takeaway,5/22/2023,Cake,,,,Tea
TXN_7486118,Smoothie,4,4,16,,Takeaway,5/22/2023,Smoothie,,,,Salad
TXN_9281939,Tea,3,1.5,4.5,Cash,In-store,5/22/2023,Tea,,,,Coffee
TXN_5611262,Salad,2,5,10,Digital Wallet,In-store,5/22/2023,Salad,,,,Tea
TXN_1538510,Coffee,5,2,10,Digital Wallet,,5/22/2023,Coffee,,,,Smoothie
TXN_4690833,Cake,1,3,3,Cash,Takeaway,5/23/2023,Cake,,,,Smoothie
TXN_5051924,Tea,5,1.5,7.5,,,5/23/2023,Tea,,,,Tea
TXN_3426892,Salad,4,5,20,Credit Card,,5/23/2023,Salad,,,,Cake
TXN_9799798,Coffee,5,2,10,Credit Card,Takeaway,5/23/2023,Coffee,,,,Tea
TXN_1339457,Smoothie,3,4,12,Digital Wallet,In-store,5/23/2023,Smoothie,,,,Salad
TXN_5807634,Smoothie,5,4,20,Digital Wallet,,5/23/2023,Smoothie,,,,Coffee
TXN_7904970,Tea,2,1.5,3,Credit Card,Takeaway,5/23/2023,Tea,,,,Coffee
TXN_6451747,Salad,4,5,20,Cash,,5/23/2023,Salad,,,,Cookie
TXN_9461396,Smoothie,5,4,20,,,5/23/2023,Smoothie,,,,Smoothie
TXN_5743519,Smoothie,2,4,8,Cash,,5/23/2023,Smoothie,,,,Cookie
TXN_5784372,Salad,2,5,10,Cash,,5/23/2023,Salad,,,,Cookie
TXN_1993155,Cake,1,3,3,,,5/23/2023,Cake,,,,Smoothie
TXN_3586768,Coffee,2,2,4,,In-store,5/23/2023,Coffee,,,,Smoothie
TXN_9619442,Cake,4,3,12,Digital Wallet,In-store,5/23/2023,Cake,,,,Tea
TXN_8688565,Smoothie,5,4,20,Digital Wallet,ERROR,5/23/2023,Smoothie,,,,Smoothie
TXN_8499618,Cake,2,3,6,ERROR,,5/23/2023,Cake,,,,Smoothie
TXN_7331903,Salad,1,5,5,,Takeaway,5/23/2023,Salad,,,,Salad
TXN_7956243,Cake,4,3,12,Cash,Takeaway,5/23/2023,Cake,,,,Smoothie
TXN_8675558,Tea,5,1.5,7.5,,In-store,5/23/2023,Tea,,,,Cake
TXN_2010507,Cake,3,3,9,,,5/23/2023,Cake,,,,Cake
TXN_9397870,Cake,2,3,6,,,5/23/2023,Cake,,,,Cake
TXN_3494652,Coffee,1,2,2,,,5/23/2023,Coffee,,,,Salad
TXN_7861799,Cookie,2,1,2,Cash,Takeaway,5/23/2023,Cookie,,,,Cake
TXN_4723089,Smoothie,4,4,16,Cash,In-store,5/23/2023,Smoothie,,,,Tea
TXN_9487821,Salad,1,5,5,Digital Wallet,Takeaway,5/24/2023,Salad,,,,Cake
TXN_4186681,Tea,4,1.5,6,Digital Wallet,,5/24/2023,Tea,,,,Salad
TXN_1869814,Tea,1,1.5,1.5,Digital Wallet,Takeaway,5/24/2023,Tea,,,,Cake
TXN_5441196,Tea,1,1.5,1.5,Cash,,5/24/2023,Tea,,,,Coffee
TXN_9579181,Smoothie,1,4,4,Digital Wallet,In-store,5/24/2023,Smoothie,,,,Cake
TXN_3981000,Tea,1,1.5,1.5,Digital Wallet,In-store,5/24/2023,Tea,,,,Cookie
TXN_5400273,Smoothie,4,4,16,Credit Card,,5/24/2023,Smoothie,,,,Cake
TXN_5435751,Smoothie,1,4,4,Credit Card,Takeaway,5/24/2023,Smoothie,,,,Coffee
TXN_8379880,Cake,3,3,9,,Takeaway,5/24/2023,Cake,,,,Tea
TXN_5817991,Smoothie,4,4,16,Cash,,5/24/2023,Smoothie,,,,Cake
TXN_4674667,Coffee,2,2,4,,Takeaway,5/24/2023,Coffee,,,,Cake
TXN_5001766,Smoothie,1,4,4,Digital Wallet,,5/24/2023,Smoothie,,,,Cake
TXN_7126803,Smoothie,5,4,20,Digital Wallet,Takeaway,5/24/2023,Smoothie,,,,Salad
TXN_9131337,Smoothie,4,4,16,Credit Card,Takeaway,5/24/2023,Smoothie,,,,Cookie
TXN_9231214,Tea,4,1.5,6,Digital Wallet,Takeaway,5/24/2023,Tea,,,,Cookie
TXN_5942938,Cake,3,3,9,Credit Card,,5/24/2023,Cake,,,,Salad
TXN_2436779,Cake,1,3,3,Credit Card,Takeaway,5/24/2023,Cake,,,,Cake
TXN_8166527,Salad,2,5,10,Cash,In-store,5/24/2023,Salad,,,,Cookie
TXN_7897423,Salad,4,5,20,,,5/24/2023,Salad,,,,Cookie
TXN_4342098,Smoothie,4,4,16,Cash,In-store,5/24/2023,Smoothie,,,,Smoothie
TXN_6728574,Cake,3,3,9,Cash,,5/24/2023,Cake,,,,Cake
TXN_5159483,Cake,2,3,6,Digital Wallet,In-store,5/24/2023,Cake,,,,Smoothie
TXN_6125085,Cake,3,3,9,,Takeaway,5/24/2023,Cake,,,,Smoothie
TXN_2882571,Cake,1,3,3,Credit Card,In-store,5/24/2023,Cake,,,,Cake
TXN_1444932,Smoothie,1,4,4,Cash,In-store,5/24/2023,Smoothie,,,,Cookie
TXN_7821478,Cake,4,3,12,Cash,In-store,5/24/2023,Cake,,,,Smoothie
TXN_4606893,Cake,5,3,15,Digital Wallet,In-store,5/24/2023,Cake,,,,Cake
TXN_6494265,Coffee,2,2,4,,,5/24/2023,Coffee,,,,Coffee
TXN_7140471,Cake,1,3,3,Credit Card,,5/25/2023,Cake,,,,Smoothie
TXN_5700545,Salad,2,5,10,Credit Card,,5/25/2023,Salad,,,,Salad
TXN_4255767,Cake,1,3,3,,,5/25/2023,Cake,,,,Smoothie
TXN_1355212,Coffee,2,2,4,,,5/25/2023,Coffee,,,,Coffee
TXN_5017038,Smoothie,3,4,12,,,5/25/2023,Smoothie,,,,Salad
TXN_1253619,Cake,5,3,15,,,5/25/2023,Cake,,,,Tea
TXN_9512112,Coffee,4,2,8,Cash,Takeaway,5/25/2023,Coffee,,,,Coffee
TXN_9028798,Cake,2,3,6,Cash,In-store,5/25/2023,Cake,,,,Salad
TXN_4194085,Salad,1,5,5,Credit Card,,5/25/2023,Salad,,,,Tea
TXN_3434549,Smoothie,5,4,20,Credit Card,Takeaway,5/25/2023,Smoothie,,,,Tea
TXN_9855567,Cookie,3,1,3,Credit Card,,5/25/2023,Cookie,,,,Tea
TXN_3212317,Salad,5,5,25,,Takeaway,5/25/2023,Salad,,,,Tea
TXN_4349970,Cookie,5,1,5,UNKNOWN,In-store,5/25/2023,Cookie,,,,Cake
TXN_5946779,Smoothie,1,4,4,Cash,In-store,5/25/2023,Smoothie,,,,Salad
TXN_9210096,Smoothie,3,4,12,,UNKNOWN,5/25/2023,Smoothie,,,,Smoothie
TXN_7187140,Cake,2,3,6,Credit Card,In-store,5/25/2023,Cake,,,,Salad
TXN_9989415,Smoothie,5,4,20,Credit Card,Takeaway,5/26/2023,Smoothie,,,,Coffee
TXN_1591640,Cake,2,3,6,Cash,In-store,5/26/2023,Cake,,,,Salad
TXN_1962275,Coffee,5,2,10,Credit Card,Takeaway,5/26/2023,Coffee,,,,Coffee
TXN_7201361,Smoothie,3,4,12,Cash,In-store,5/26/2023,Smoothie,,,,Cake
TXN_7552449,Cake,3,3,9,Cash,ERROR,5/26/2023,Cake,,,,Salad
TXN_9004306,Coffee,4,2,8,Credit Card,In-store,5/26/2023,Coffee,,,,Cookie
TXN_3613385,Cookie,3,1,3,,Takeaway,5/26/2023,Cookie,,,,Coffee
TXN_3379368,Cake,5,3,15,Credit Card,,5/26/2023,Cake,,,,Smoothie
TXN_2979899,Cake,5,3,15,Digital Wallet,,5/26/2023,Cake,,,,Smoothie
TXN_7878395,Salad,3,5,15,Credit Card,In-store,5/26/2023,Salad,,,,Coffee
TXN_7637178,Coffee,3,2,6,Digital Wallet,Takeaway,5/26/2023,Coffee,,,,Smoothie
TXN_1430778,Tea,1,1.5,1.5,Credit Card,Takeaway,5/26/2023,Tea,,,,Smoothie
TXN_4676976,Smoothie,3,4,12,Digital Wallet,In-store,5/26/2023,Smoothie,,,,Cake
TXN_4749986,Tea,5,1.5,7.5,,Takeaway,5/26/2023,Tea,,,,Salad
TXN_6419344,Cake,1,3,3,Cash,In-store,5/26/2023,Cake,,,,Cake
TXN_6027798,Cookie,2,1,2,Digital Wallet,,5/26/2023,Cookie,,,,Salad
TXN_4175635,Salad,3,5,15,UNKNOWN,Takeaway,5/26/2023,Salad,,,,Smoothie
TXN_9815521,Smoothie,3,4,12,Credit Card,In-store,5/26/2023,Smoothie,,,,Salad
TXN_7269738,Cookie,3,1,3,Cash,,5/26/2023,Cookie,,,,Smoothie
TXN_7771516,Smoothie,3,4,12,UNKNOWN,,5/26/2023,Smoothie,,,,Cookie
TXN_2537617,Smoothie,1,4,4,Cash,,5/27/2023,Smoothie,,,,Cake
TXN_9999113,Cake,4,3,12,Cash,Takeaway,5/27/2023,Cake,,,,Tea
TXN_6953697,Smoothie,3,4,12,,Takeaway,5/27/2023,Smoothie,,,,Smoothie
TXN_4696439,Cookie,1,1,1,Cash,In-store,5/27/2023,Cookie,,,,Cake
TXN_3179966,Tea,2,1.5,3,Digital Wallet,,5/27/2023,Tea,,,,Cookie
TXN_7337979,Coffee,1,2,2,Digital Wallet,In-store,5/27/2023,Coffee,,,,Cookie
TXN_8454044,Coffee,5,2,10,Credit Card,,5/27/2023,Coffee,,,,Tea
TXN_9301279,Smoothie,1,4,4,Credit Card,UNKNOWN,5/27/2023,Smoothie,,,,Cake
TXN_4036747,Smoothie,1,4,4,Cash,Takeaway,5/27/2023,Smoothie,,,,Smoothie
TXN_6198799,Salad,1,5,5,,,5/27/2023,Salad,,,,Coffee
TXN_7249235,Smoothie,3,4,12,Cash,ERROR,5/27/2023,Smoothie,,,,Smoothie
TXN_8850984,Smoothie,3,4,12,Cash,Takeaway,5/27/2023,Smoothie,,,,Coffee
TXN_7897119,Cake,4,3,12,ERROR,In-store,5/27/2023,Cake,,,,Coffee
TXN_6540415,Cake,5,3,15,,UNKNOWN,5/27/2023,Cake,,,,Salad
TXN_4254587,Smoothie,1,4,4,Digital Wallet,,5/27/2023,Smoothie,,,,Tea
TXN_5934526,Coffee,5,2,10,Credit Card,In-store,5/27/2023,Coffee,,,,Smoothie
TXN_3275800,Coffee,3,2,6,,Takeaway,5/27/2023,Coffee,,,,Cake
TXN_2018943,Smoothie,5,4,20,,,5/27/2023,Smoothie,,,,Tea
TXN_8325722,Smoothie,2,4,8,,Takeaway,5/27/2023,Smoothie,,,,Cake
TXN_7325508,Salad,4,5,20,Credit Card,Takeaway,5/27/2023,Salad,,,,Smoothie
TXN_3781240,Cake,5,3,15,,Takeaway,5/27/2023,Cake,,,,Coffee
TXN_6822426,Cake,5,3,15,Digital Wallet,In-store,5/27/2023,Cake,,,,Cookie
TXN_9443285,Cake,2,3,6,Credit Card,,5/27/2023,Cake,,,,Salad
TXN_7856009,Cake,2,3,6,,,5/27/2023,Cake,,,,Coffee
TXN_9130559,Smoothie,1,4,4,Credit Card,UNKNOWN,5/28/2023,Smoothie,,,,Cake
TXN_9250710,Salad,1,5,5,Cash,In-store,5/28/2023,Salad,,,,Cake
TXN_8611035,Smoothie,5,4,20,Digital Wallet,In-store,5/28/2023,Smoothie,,,,Tea
TXN_5480564,Salad,3,5,15,Digital Wallet,,5/28/2023,Salad,,,,Cookie
TXN_9444461,Smoothie,2,4,8,,ERROR,5/28/2023,Smoothie,,,,Salad
TXN_1225638,Cake,4,3,12,Cash,Takeaway,5/28/2023,Cake,,,,Cake
TXN_8002886,Coffee,5,2,10,Digital Wallet,Takeaway,5/28/2023,Coffee,,,,Smoothie
TXN_3485938,Salad,4,5,20,Cash,Takeaway,5/28/2023,Salad,,,,Tea
TXN_9233730,Tea,5,1.5,7.5,Credit Card,,5/28/2023,Tea,,,,Cake
TXN_3634860,Cake,5,3,15,Credit Card,,5/28/2023,Cake,,,,Coffee
TXN_1522140,Cookie,4,1,4,Cash,,5/28/2023,Cookie,,,,Cookie
TXN_4398750,Smoothie,2,4,8,Cash,In-store,5/28/2023,Smoothie,,,,Salad
TXN_7053280,Coffee,5,2,10,,In-store,5/28/2023,Coffee,,,,Cookie
TXN_7997252,Cake,3,3,9,Credit Card,,5/28/2023,Cake,,,,Tea
TXN_7349134,Smoothie,1,4,4,Credit Card,In-store,5/28/2023,Smoothie,,,,Cookie
TXN_1696300,Cookie,1,1,1,Digital Wallet,In-store,5/28/2023,Cookie,,,,Coffee
TXN_2135358,Cake,5,3,15,Credit Card,,5/28/2023,Cake,,,,Cake
TXN_6503884,Cake,1,3,3,Cash,In-store,5/28/2023,Cake,,,,Salad
TXN_1840584,Cake,5,3,15,Digital Wallet,,5/28/2023,Cake,,,,Salad
TXN_9531201,Smoothie,2,4,8,,ERROR,5/28/2023,Smoothie,,,,Cake
TXN_9286019,Smoothie,4,4,16,Cash,Takeaway,5/28/2023,Smoothie,,,,Cookie
TXN_4568379,Cookie,3,1,3,Digital Wallet,In-store,5/28/2023,Cookie,,,,Cake
TXN_5585601,Cake,4,3,12,,Takeaway,5/28/2023,Cake,,,,Smoothie
TXN_6123007,Coffee,3,2,6,Digital Wallet,,5/28/2023,Coffee,,,,Salad
TXN_5114283,Tea,1,1.5,1.5,Digital Wallet,In-store,5/28/2023,Tea,,,,Coffee
TXN_9729178,Coffee,3,2,6,Credit Card,,5/28/2023,Coffee,,,,Salad
TXN_8786286,Smoothie,5,4,20,Digital Wallet,,5/28/2023,Smoothie,,,,Smoothie
TXN_4556831,Cake,2,3,6,Digital Wallet,In-store,5/28/2023,Cake,,,,Tea
TXN_2059647,Tea,1,1.5,1.5,Digital Wallet,In-store,5/29/2023,Tea,,,,Coffee
TXN_7374846,Smoothie,1,4,4,Credit Card,UNKNOWN,5/29/2023,Smoothie,,,,Tea
TXN_3677592,Smoothie,2,4,8,Cash,,5/29/2023,Smoothie,,,,Cake
TXN_6609947,Cake,3,3,9,Digital Wallet,In-store,5/29/2023,Cake,,,,Cake
TXN_4944121,Coffee,2,2,4,UNKNOWN,UNKNOWN,5/29/2023,Coffee,,,,Smoothie
TXN_5163686,Salad,5,5,25,Credit Card,In-store,5/29/2023,Salad,,,,Tea
TXN_5419862,Cake,5,3,15,Digital Wallet,,5/29/2023,Cake,,,,Coffee
TXN_4128086,Tea,4,1.5,6,,,5/29/2023,Tea,,,,Cake
TXN_6629689,Smoothie,2,4,8,Credit Card,In-store,5/29/2023,Smoothie,,,,Cake
TXN_6915899,Salad,3,5,15,Credit Card,In-store,5/29/2023,Salad,,,,Cake
TXN_4423218,Cookie,3,1,3,Cash,In-store,5/29/2023,Cookie,,,,Cake
TXN_2111293,Smoothie,3,4,12,,Takeaway,5/29/2023,Smoothie,,,,Cake
TXN_2336946,Smoothie,4,4,16,,,5/29/2023,Smoothie,,,,Cake
TXN_7303515,Salad,4,5,20,Cash,In-store,5/29/2023,Salad,,,,Cookie
TXN_8786479,Coffee,4,2,8,,,5/29/2023,Coffee,,,,Cake
TXN_5453836,Smoothie,2,4,8,Credit Card,In-store,5/29/2023,Smoothie,,,,Cake
TXN_9216933,Cookie,4,1,4,,,5/29/2023,Cookie,,,,Coffee
TXN_4577368,Cake,4,3,12,Cash,,5/29/2023,Cake,,,,Cake
TXN_2931403,Cake,2,3,6,Credit Card,In-store,5/29/2023,Cake,,,,Coffee
TXN_3516296,Smoothie,3,4,12,,In-store,5/29/2023,Smoothie,,,,Coffee
TXN_4764236,Cake,1,3,3,Digital Wallet,,5/29/2023,Cake,,,,Cookie
TXN_2294778,Cookie,3,1,3,Digital Wallet,,5/29/2023,Cookie,,,,Coffee
TXN_3101697,Salad,3,5,15,Cash,In-store,5/29/2023,Salad,,,,Tea
TXN_3492393,Coffee,1,2,2,,In-store,5/29/2023,Coffee,,,,Tea
TXN_3450880,Tea,3,1.5,4.5,,In-store,5/29/2023,Tea,,,,Cake
TXN_2213556,Coffee,1,2,2,Cash,In-store,5/30/2023,Coffee,,,,Smoothie
TXN_3116227,Cake,1,3,3,Digital Wallet,,5/30/2023,Cake,,,,Tea
TXN_7054393,Coffee,2,2,4,Digital Wallet,In-store,5/30/2023,Coffee,,,,Cookie
TXN_9901424,Cookie,3,1,3,Digital Wallet,,5/30/2023,Cookie,,,,Coffee
TXN_3558795,Smoothie,1,4,4,Cash,In-store,5/30/2023,Smoothie,,,,Tea
TXN_9522045,Coffee,3,2,6,,,5/30/2023,Coffee,,,,Smoothie
TXN_4284492,Cake,3,3,9,,Takeaway,5/30/2023,Cake,,,,Tea
TXN_9082461,Cake,5,3,15,Digital Wallet,In-store,5/30/2023,Cake,,,,Coffee
TXN_5720183,Cookie,5,1,5,Credit Card,Takeaway,5/30/2023,Cookie,,,,Coffee
TXN_3877580,Salad,2,5,10,Digital Wallet,ERROR,5/30/2023,Salad,,,,Coffee
TXN_8807199,Salad,5,5,25,Credit Card,,5/30/2023,Salad,,,,Cookie
TXN_5173628,Tea,3,1.5,4.5,,Takeaway,5/30/2023,Tea,,,,Smoothie
TXN_8316915,Cookie,5,1,5,Digital Wallet,In-store,5/30/2023,Cookie,,,,Cake
TXN_2389110,Smoothie,2,4,8,Cash,In-store,5/30/2023,Smoothie,,,,Cookie
TXN_3232279,Smoothie,4,4,16,UNKNOWN,Takeaway,5/30/2023,Smoothie,,,,Smoothie
TXN_4208919,Smoothie,3,4,12,,Takeaway,5/30/2023,Smoothie,,,,Smoothie
TXN_1072678,Cake,2,3,6,Cash,,5/30/2023,Cake,,,,Cake
TXN_7981162,Cake,3,3,9,Credit Card,Takeaway,5/30/2023,Cake,,,,Coffee
TXN_7688029,Cake,5,3,15,Credit Card,In-store,5/30/2023,Cake,,,,Coffee
TXN_2074343,Smoothie,3,4,12,Digital Wallet,In-store,5/30/2023,Smoothie,,,,Salad
TXN_8538125,Cake,5,3,15,Digital Wallet,,5/30/2023,Cake,,,,Smoothie
TXN_3895871,Cookie,1,1,1,,In-store,5/30/2023,Cookie,,,,Cake
TXN_8495063,Cake,1,3,3,Cash,,5/31/2023,Cake,,,,Smoothie
TXN_4146452,Smoothie,1,4,4,,Takeaway,5/31/2023,Smoothie,,,,Smoothie
TXN_9256387,Tea,5,1.5,7.5,,,5/31/2023,Tea,,,,Smoothie
TXN_2726843,Smoothie,1,4,4,,In-store,5/31/2023,Smoothie,,,,Coffee
TXN_2006923,Salad,5,5,25,Digital Wallet,,5/31/2023,Salad,,,,Cookie
TXN_3107619,Cookie,2,1,2,Digital Wallet,Takeaway,5/31/2023,Cookie,,,,Cake
TXN_1718733,Coffee,3,2,6,Cash,,5/31/2023,Coffee,,,,Tea
TXN_7021504,Cookie,2,1,2,UNKNOWN,In-store,5/31/2023,Cookie,,,,Cookie
TXN_4223466,Cake,4,3,12,Digital Wallet,Takeaway,5/31/2023,Cake,,,,Smoothie
TXN_5032114,Smoothie,2,4,8,,,5/31/2023,Smoothie,,,,Coffee
TXN_2731270,Cake,1,3,3,,Takeaway,5/31/2023,Cake,,,,Cookie
TXN_6991430,Cookie,5,1,5,Cash,In-store,5/31/2023,Cookie,,,,Salad
TXN_6905794,Salad,1,5,5,Cash,Takeaway,5/31/2023,Salad,,,,Smoothie
TXN_8227648,Tea,3,1.5,4.5,,Takeaway,5/31/2023,Tea,,,,Cake
TXN_1817076,Cake,3,3,9,Cash,In-store,5/31/2023,Cake,,,,Salad
TXN_2893987,Cake,4,3,12,,Takeaway,5/31/2023,Cake,,,,Smoothie
TXN_1712662,Cake,2,3,6,Cash,UNKNOWN,5/31/2023,Cake,,,,Cake
TXN_3129441,Cake,3,3,9,Credit Card,In-store,5/31/2023,Cake,,,,Cookie
TXN_2250398,Cake,3,3,9,Digital Wallet,,5/31/2023,Cake,,,,Cake
TXN_2840861,Tea,2,1.5,3,Digital Wallet,Takeaway,5/31/2023,Tea,,,,Smoothie
TXN_3585097,Coffee,3,2,6,,Takeaway,5/31/2023,Coffee,,,,Coffee
TXN_2330694,Salad,3,5,15,Cash,In-store,5/31/2023,Salad,,,,Cake
TXN_4808812,Smoothie,4,4,16,UNKNOWN,,5/31/2023,Smoothie,,,,Cake
TXN_3561451,Salad,4,5,20,Credit Card,,5/31/2023,Salad,,,,Salad
TXN_6803555,Tea,2,1.5,3,Digital Wallet,Takeaway,5/31/2023,Tea,,,,Smoothie
TXN_3098503,Salad,1,5,5,Credit Card,Takeaway,5/31/2023,Salad,,,,Salad
TXN_6049240,Cake,1,3,3,Cash,,5/31/2023,Cake,,,,Coffee
TXN_9437049,Cookie,5,1,5,,Takeaway,6/1/2023,Cookie,,,,Cake
TXN_9230615,Smoothie,4,4,16,Digital Wallet,,6/1/2023,Smoothie,,,,Cake
TXN_3620110,Coffee,1,2,2,Digital Wallet,Takeaway,6/1/2023,Coffee,,,,Salad
TXN_1461246,Smoothie,1,4,4,,,6/1/2023,Smoothie,,,,Coffee
TXN_9737090,Smoothie,3,4,12,,In-store,6/1/2023,Smoothie,,,,Cake
TXN_4343391,Cookie,5,1,5,Cash,Takeaway,6/1/2023,Cookie,,,,Cookie
TXN_7083168,Cookie,4,1,4,,Takeaway,6/1/2023,Cookie,,,,Salad
TXN_7423281,Cake,1,3,3,Digital Wallet,,6/1/2023,Cake,,,,Smoothie
TXN_5037517,Smoothie,5,4,20,ERROR,In-store,6/1/2023,Smoothie,,,,Cake
TXN_8487057,Smoothie,5,4,20,,Takeaway,6/1/2023,Smoothie,,,,Salad
TXN_8408103,Smoothie,5,4,20,UNKNOWN,Takeaway,6/1/2023,Smoothie,,,,Coffee
TXN_6132245,Salad,2,5,10,Digital Wallet,,6/1/2023,Salad,,,,Cake
TXN_4475487,Smoothie,3,4,12,Cash,In-store,6/1/2023,Smoothie,,,,Cookie
TXN_3577482,Cake,4,3,12,Digital Wallet,,6/1/2023,Cake,,,,Salad
TXN_5528426,Smoothie,4,4,16,Cash,Takeaway,6/1/2023,Smoothie,,,,Cookie
TXN_4539758,Smoothie,3,4,12,,In-store,6/1/2023,Smoothie,,,,Cake
TXN_4819416,Salad,3,5,15,,,6/1/2023,Salad,,,,Tea
TXN_1711730,Cake,5,3,15,UNKNOWN,Takeaway,6/1/2023,Cake,,,,Tea
TXN_3163567,Salad,2,5,10,Digital Wallet,Takeaway,6/1/2023,Salad,,,,Cake
TXN_5734319,Coffee,5,2,10,Cash,Takeaway,6/1/2023,Coffee,,,,Coffee
TXN_4314504,Cake,1,3,3,,In-store,6/1/2023,Cake,,,,Tea
TXN_9386165,Smoothie,2,4,8,Digital Wallet,In-store,6/1/2023,Smoothie,,,,Cookie
TXN_3446643,Smoothie,1,4,4,,,6/1/2023,Smoothie,,,,Tea
TXN_5238755,Cookie,3,1,3,UNKNOWN,Takeaway,6/1/2023,Cookie,,,,Tea
TXN_7784608,Coffee,5,2,10,,,6/1/2023,Coffee,,,,Smoothie
TXN_6068074,Smoothie,2,4,8,Cash,In-store,6/1/2023,Smoothie,,,,Smoothie
TXN_8512204,Smoothie,4,4,16,Cash,Takeaway,6/1/2023,Smoothie,,,,Smoothie
TXN_6963106,Smoothie,1,4,4,Cash,In-store,6/1/2023,Smoothie,,,,Cake
TXN_3774886,Smoothie,3,4,12,,,6/1/2023,Smoothie,,,,Cake
TXN_6646684,Cookie,3,1,3,Cash,,6/1/2023,Cookie,,,,Cake
TXN_4082099,Cake,2,3,6,Credit Card,In-store,6/1/2023,Cake,,,,Cookie
TXN_4814244,Smoothie,3,4,12,ERROR,In-store,6/1/2023,Smoothie,,,,Cake
TXN_8963470,Salad,2,5,10,,In-store,6/1/2023,Salad,,,,Salad
TXN_1736287,Coffee,5,2,10,Digital Wallet,,6/2/2023,Coffee,,,,Salad
TXN_8735480,Tea,5,1.5,7.5,Cash,,6/2/2023,Tea,,,,Cookie
TXN_9790731,Cake,2,3,6,UNKNOWN,,6/2/2023,Cake,,,,Smoothie
TXN_9868382,Coffee,2,2,4,Digital Wallet,,6/2/2023,Coffee,,,,Coffee
TXN_6187083,Cake,5,3,15,UNKNOWN,In-store,6/2/2023,Cake,,,,Smoothie
TXN_4502314,Cookie,3,1,3,Credit Card,,6/2/2023,Cookie,,,,Coffee
TXN_9382156,Tea,5,1.5,7.5,ERROR,Takeaway,6/2/2023,Tea,,,,Cookie
TXN_2300313,Coffee,4,2,8,,In-store,6/2/2023,Coffee,,,,Smoothie
TXN_5373441,Salad,1,5,5,,In-store,6/2/2023,Salad,,,,Cake
TXN_1368769,Cookie,3,1,3,Credit Card,Takeaway,6/2/2023,Cookie,,,,Cake
TXN_1398769,Smoothie,1,4,4,Cash,In-store,6/2/2023,Smoothie,,,,Cookie
TXN_9867586,Smoothie,4,4,16,,In-store,6/2/2023,Smoothie,,,,Salad
TXN_8776634,Cake,5,3,15,,In-store,6/2/2023,Cake,,,,Smoothie
TXN_8626720,Cake,4,3,12,Cash,Takeaway,6/2/2023,Cake,,,,Cookie
TXN_8195843,Cookie,4,1,4,,,6/2/2023,Cookie,,,,Cookie
TXN_1234390,Cake,2,3,6,Digital Wallet,Takeaway,6/2/2023,Cake,,,,Cake
TXN_9675940,Cake,5,3,15,Credit Card,In-store,6/2/2023,Cake,,,,Tea
TXN_9279935,Coffee,2,2,4,Digital Wallet,In-store,6/2/2023,Coffee,,,,Cookie
TXN_6987232,Cake,5,3,15,Digital Wallet,,6/2/2023,Cake,,,,Cake
TXN_2168277,Cookie,1,1,1,,Takeaway,6/2/2023,Cookie,,,,Tea
TXN_6428745,Cake,1,3,3,,Takeaway,6/2/2023,Cake,,,,Smoothie
TXN_4692681,Tea,2,1.5,3,,,6/2/2023,Tea,,,,Coffee
TXN_5938359,Cookie,2,1,2,Credit Card,,6/2/2023,Cookie,,,,Salad
TXN_2702861,Cookie,4,1,4,Digital Wallet,Takeaway,6/2/2023,Cookie,,,,Cake
TXN_7267366,Smoothie,3,4,12,Digital Wallet,Takeaway,6/2/2023,Smoothie,,,,Smoothie
TXN_3855408,Cookie,1,1,1,Cash,Takeaway,6/2/2023,Cookie,,,,Cake
TXN_4714592,Tea,1,1.5,1.5,Cash,,6/2/2023,Tea,,,,Salad
TXN_9659401,Cookie,3,1,3,Digital Wallet,,6/2/2023,Cookie,,,,Salad
TXN_9400181,Smoothie,5,4,20,Cash,In-store,6/3/2023,Smoothie,,,,Salad
TXN_5511805,Cake,1,3,3,,Takeaway,6/3/2023,Cake,,,,Coffee
TXN_1819615,Coffee,4,2,8,,,6/3/2023,Coffee,,,,Smoothie
TXN_7335526,Smoothie,4,4,16,Cash,In-store,6/3/2023,Smoothie,,,,Smoothie
TXN_7003185,Tea,2,1.5,3,,,6/3/2023,Tea,,,,Cake
TXN_1840897,Salad,1,5,5,ERROR,,6/3/2023,Salad,,,,Smoothie
TXN_3379182,Cake,4,3,12,Cash,,6/3/2023,Cake,,,,Coffee
TXN_9982090,Tea,5,1.5,7.5,Digital Wallet,In-store,6/3/2023,Tea,,,,Coffee
TXN_1084222,Coffee,4,2,8,Digital Wallet,In-store,6/3/2023,Coffee,,,,Cake
TXN_8107970,Coffee,2,2,4,Credit Card,Takeaway,6/3/2023,Coffee,,,,Smoothie
TXN_2132434,Salad,4,5,20,Digital Wallet,In-store,6/3/2023,Salad,,,,Cake
TXN_5413433,Cake,4,3,12,Digital Wallet,In-store,6/3/2023,Cake,,,,Coffee
TXN_8708588,Coffee,5,2,10,Digital Wallet,,6/3/2023,Coffee,,,,Cake
TXN_3739424,Cake,1,3,3,Credit Card,,6/3/2023,Cake,,,,Tea
TXN_8570149,Tea,1,1.5,1.5,Credit Card,,6/3/2023,Tea,,,,Smoothie
TXN_3190538,Coffee,2,2,4,Digital Wallet,,6/3/2023,Coffee,,,,Cake
TXN_8819928,Coffee,5,2,10,,,6/3/2023,Coffee,,,,Cookie
TXN_1005377,Cake,5,3,15,Digital Wallet,Takeaway,6/3/2023,Cake,,,,Cookie
TXN_3838923,Cake,4,3,12,UNKNOWN,Takeaway,6/3/2023,Cake,,,,Cookie
TXN_3055407,Tea,2,1.5,3,UNKNOWN,,6/3/2023,Tea,,,,Cake
TXN_7896733,Cake,4,3,12,Digital Wallet,,6/3/2023,Cake,,,,Cake
TXN_4336892,Cookie,2,1,2,,In-store,6/4/2023,Cookie,,,,Cake
TXN_9874588,Smoothie,2,4,8,UNKNOWN,Takeaway,6/4/2023,Smoothie,,,,Tea
TXN_9313535,Cookie,1,1,1,Digital Wallet,Takeaway,6/4/2023,Cookie,,,,Cake
TXN_2036482,Cake,1,3,3,Cash,,6/4/2023,Cake,,,,Salad
TXN_5908857,Smoothie,5,4,20,,In-store,6/4/2023,Smoothie,,,,Salad
TXN_7566250,Salad,3,5,15,,Takeaway,6/4/2023,Salad,,,,Cake
TXN_4916936,Smoothie,1,4,4,,Takeaway,6/4/2023,Smoothie,,,,Tea
TXN_6987705,Cookie,5,1,5,Cash,,6/4/2023,Cookie,,,,Coffee
TXN_4382970,Tea,1,1.5,1.5,,In-store,6/4/2023,Tea,,,,Smoothie
TXN_1700027,Smoothie,4,4,16,Digital Wallet,In-store,6/4/2023,Smoothie,,,,Smoothie
TXN_5454841,Cookie,5,1,5,,Takeaway,6/4/2023,Cookie,,,,Salad
TXN_8725721,Smoothie,1,4,4,Cash,ERROR,6/4/2023,Smoothie,,,,Salad
TXN_2970011,Coffee,4,2,8,Credit Card,Takeaway,6/4/2023,Coffee,,,,Cake
TXN_4583908,Smoothie,1,4,4,Digital Wallet,,6/4/2023,Smoothie,,,,Smoothie
TXN_9253541,Tea,1,1.5,1.5,Digital Wallet,ERROR,6/4/2023,Tea,,,,Cookie
TXN_3956062,Coffee,3,2,6,,Takeaway,6/4/2023,Coffee,,,,Smoothie
TXN_6476719,Cake,5,3,15,Cash,Takeaway,6/4/2023,Cake,,,,Coffee
TXN_4331770,Salad,4,5,20,,,6/4/2023,Salad,,,,Salad
TXN_5689687,Cake,5,3,15,,In-store,6/4/2023,Cake,,,,Cookie
TXN_7954416,Coffee,1,2,2,Digital Wallet,In-store,6/4/2023,Coffee,,,,Coffee
TXN_3607652,Salad,4,5,20,Digital Wallet,In-store,6/5/2023,Salad,,,,Cake
TXN_2070818,Smoothie,5,4,20,UNKNOWN,Takeaway,6/5/2023,Smoothie,,,,Salad
TXN_4832513,Cookie,5,1,5,Credit Card,In-store,6/5/2023,Cookie,,,,Cake
TXN_9778859,Cookie,3,1,3,Cash,Takeaway,6/5/2023,Cookie,,,,Coffee
TXN_7068653,Cookie,2,1,2,Cash,In-store,6/5/2023,Cookie,,,,Cookie
TXN_8956534,Coffee,5,2,10,Cash,Takeaway,6/5/2023,Coffee,,,,Cake
TXN_7483257,Smoothie,2,4,8,Digital Wallet,Takeaway,6/5/2023,Smoothie,,,,Tea
TXN_5005592,Coffee,1,2,2,Credit Card,In-store,6/5/2023,Coffee,,,,Smoothie
TXN_2366464,Cake,1,3,3,Cash,Takeaway,6/5/2023,Cake,,,,Smoothie
TXN_8284384,Cake,2,3,6,Digital Wallet,Takeaway,6/5/2023,Cake,,,,Tea
TXN_8356048,Smoothie,5,4,20,Cash,Takeaway,6/5/2023,Smoothie,,,,Cake
TXN_5832968,Salad,5,5,25,ERROR,Takeaway,6/5/2023,Salad,,,,Smoothie
TXN_7809506,Salad,2,5,10,,Takeaway,6/5/2023,Salad,,,,Cake
TXN_8918905,Cookie,5,1,5,Digital Wallet,In-store,6/5/2023,Cookie,,,,Salad
TXN_2227825,Smoothie,5,4,20,Credit Card,,6/5/2023,Smoothie,,,,Smoothie
TXN_7276452,Coffee,3,2,6,Digital Wallet,,6/5/2023,Coffee,,,,Tea
TXN_7738455,Tea,3,1.5,4.5,Digital Wallet,,6/5/2023,Tea,,,,Smoothie
TXN_1866707,Smoothie,3,4,12,Cash,,6/5/2023,Smoothie,,,,Smoothie
TXN_7865037,Coffee,1,2,2,Digital Wallet,,6/5/2023,Coffee,,,,Cookie
TXN_9336980,Salad,4,5,20,Cash,In-store,6/6/2023,Salad,,,,Cake
TXN_7555408,Salad,2,5,10,UNKNOWN,In-store,6/6/2023,Salad,,,,Smoothie
TXN_2211685,Smoothie,1,4,4,Credit Card,In-store,6/6/2023,Smoothie,,,,Cake
TXN_9356512,Salad,3,5,15,Credit Card,,6/6/2023,Salad,,,,Tea
TXN_4915908,Smoothie,5,4,20,Credit Card,In-store,6/6/2023,Smoothie,,,,Smoothie
TXN_7134579,Cookie,5,1,5,Digital Wallet,Takeaway,6/6/2023,Cookie,,,,Cookie
TXN_4824773,Salad,5,5,25,Cash,Takeaway,6/6/2023,Salad,,,,Smoothie
TXN_4223265,Cake,5,3,15,Digital Wallet,In-store,6/6/2023,Cake,,,,Cake
TXN_7093219,Smoothie,4,4,16,Credit Card,,6/6/2023,Smoothie,,,,Cookie
TXN_1906642,Cookie,4,1,4,,Takeaway,6/6/2023,Cookie,,,,Coffee
TXN_6040882,Cookie,1,1,1,Cash,In-store,6/6/2023,Cookie,,,,Cake
TXN_4986514,Tea,3,1.5,4.5,Credit Card,In-store,6/6/2023,Tea,,,,Salad
TXN_5420062,Salad,4,5,20,Cash,In-store,6/6/2023,Salad,,,,Coffee
TXN_6894703,Cookie,1,1,1,Digital Wallet,,6/6/2023,Cookie,,,,Smoothie
TXN_9107508,Coffee,1,2,2,,,6/6/2023,Coffee,,,,Salad
TXN_2000406,Cake,2,3,6,Credit Card,UNKNOWN,6/6/2023,Cake,,,,Cookie
TXN_1907428,Cake,4,3,12,Credit Card,In-store,6/6/2023,Cake,,,,Tea
TXN_5860664,Cake,5,3,15,Digital Wallet,,6/6/2023,Cake,,,,Smoothie
TXN_5244558,Smoothie,4,4,16,Digital Wallet,,6/6/2023,Smoothie,,,,Smoothie
TXN_3953316,Cookie,2,1,2,Digital Wallet,,6/6/2023,Cookie,,,,Tea
TXN_5447967,Smoothie,2,4,8,Credit Card,,6/6/2023,Smoothie,,,,Smoothie
TXN_3884527,Smoothie,1,4,4,Digital Wallet,In-store,6/6/2023,Smoothie,,,,Cake
TXN_4947561,Salad,3,5,15,ERROR,Takeaway,6/6/2023,Salad,,,,Cookie
TXN_9046415,Smoothie,2,4,8,,UNKNOWN,6/6/2023,Smoothie,,,,Coffee
TXN_6712087,Cake,2,3,6,,In-store,6/6/2023,Cake,,,,Cake
TXN_6869767,Smoothie,2,4,8,Digital Wallet,Takeaway,6/6/2023,Smoothie,,,,Cookie
TXN_5564198,Cake,4,3,12,Cash,,6/6/2023,Cake,,,,Coffee
TXN_7797507,Smoothie,5,4,20,Digital Wallet,Takeaway,6/6/2023,Smoothie,,,,Salad
TXN_7914312,Smoothie,5,4,20,,In-store,6/6/2023,Smoothie,,,,Cake
TXN_6411385,Salad,4,5,20,Cash,Takeaway,6/6/2023,Salad,,,,Tea
TXN_9886794,Cake,1,3,3,Cash,,6/6/2023,Cake,,,,Tea
TXN_4176272,Coffee,1,2,2,Digital Wallet,,6/6/2023,Coffee,,,,Cake
TXN_8330240,Smoothie,4,4,16,Digital Wallet,,6/6/2023,Smoothie,,,,Cookie
TXN_7569615,Cake,2,3,6,Cash,Takeaway,6/7/2023,Cake,,,,Tea
TXN_6071202,Cookie,1,1,1,Cash,In-store,6/7/2023,Cookie,,,,Coffee
TXN_3463928,Tea,4,1.5,6,Credit Card,In-store,6/7/2023,Tea,,,,Coffee
TXN_1417724,Smoothie,2,4,8,Digital Wallet,,6/7/2023,Smoothie,,,,Smoothie
TXN_6271219,Smoothie,3,4,12,Cash,,6/7/2023,Smoothie,,,,Cake
TXN_8110646,Cake,2,3,6,Credit Card,Takeaway,6/7/2023,Cake,,,,Tea
TXN_1938148,Cake,2,3,6,Credit Card,Takeaway,6/7/2023,Cake,,,,Tea
TXN_2324227,Cookie,1,1,1,Digital Wallet,In-store,6/7/2023,Cookie,,,,Coffee
TXN_8065180,Smoothie,5,4,20,Digital Wallet,Takeaway,6/7/2023,Smoothie,,,,Cookie
TXN_2206740,Coffee,3,2,6,,Takeaway,6/7/2023,Coffee,,,,Smoothie
TXN_9904505,Smoothie,2,4,8,Digital Wallet,ERROR,6/7/2023,Smoothie,,,,Coffee
TXN_1631377,Coffee,5,2,10,,Takeaway,6/7/2023,Coffee,,,,Cake
TXN_2251128,Smoothie,3,4,12,Credit Card,In-store,6/7/2023,Smoothie,,,,Cookie
TXN_4807049,Cookie,1,1,1,Credit Card,,6/7/2023,Cookie,,,,Cookie
TXN_7476268,Cake,2,3,6,Credit Card,,6/7/2023,Cake,,,,Smoothie
TXN_3233211,Tea,2,1.5,3,,Takeaway,6/7/2023,Tea,,,,Cake
TXN_9655661,Cake,1,3,3,Digital Wallet,,6/7/2023,Cake,,,,Tea
TXN_8701045,Cake,2,3,6,Cash,In-store,6/7/2023,Cake,,,,Salad
TXN_1937081,Cake,2,3,6,Credit Card,,6/7/2023,Cake,,,,Smoothie
TXN_4243930,Smoothie,5,4,20,Cash,In-store,6/7/2023,Smoothie,,,,Salad
TXN_6300001,Tea,1,1.5,1.5,Digital Wallet,,6/7/2023,Tea,,,,Salad
TXN_2655815,Smoothie,4,4,16,,Takeaway,6/8/2023,Smoothie,,,,Cake
TXN_1443912,Cake,2,3,6,,,6/8/2023,Cake,,,,Smoothie
TXN_5043774,Smoothie,3,4,12,Cash,,6/8/2023,Smoothie,,,,Tea
TXN_9084554,Smoothie,4,4,16,Credit Card,In-store,6/8/2023,Smoothie,,,,Coffee
TXN_5750278,Salad,3,5,15,Cash,Takeaway,6/8/2023,Salad,,,,Cookie
TXN_9201212,Smoothie,4,4,16,Digital Wallet,Takeaway,6/8/2023,Smoothie,,,,Cookie
TXN_1856112,Salad,3,5,15,Credit Card,,6/8/2023,Salad,,,,Smoothie
TXN_2566258,Cookie,4,1,4,Cash,Takeaway,6/8/2023,Cookie,,,,Cake
TXN_6212975,Smoothie,1,4,4,Credit Card,Takeaway,6/8/2023,Smoothie,,,,Salad
TXN_2726254,Smoothie,3,4,12,,Takeaway,6/8/2023,Smoothie,,,,Salad
TXN_8304399,Tea,2,1.5,3,Cash,In-store,6/8/2023,Tea,,,,Tea
TXN_6346483,Coffee,1,2,2,Credit Card,,6/8/2023,Coffee,,,,Cake
TXN_8126762,Coffee,5,2,10,Digital Wallet,Takeaway,6/8/2023,Coffee,,,,Coffee
TXN_2165365,Coffee,5,2,10,Digital Wallet,Takeaway,6/8/2023,Coffee,,,,Salad
TXN_8422494,Salad,4,5,20,Cash,In-store,6/8/2023,Salad,,,,Coffee
TXN_1094479,Cake,3,3,9,UNKNOWN,In-store,6/8/2023,Cake,,,,Smoothie
TXN_4430474,Cake,2,3,6,Digital Wallet,,6/8/2023,Cake,,,,Coffee
TXN_1959082,Cake,5,3,15,Credit Card,,6/8/2023,Cake,,,,Tea
TXN_8946752,Tea,4,1.5,6,Cash,,6/8/2023,Tea,,,,Coffee
TXN_8944202,Smoothie,3,4,12,Credit Card,Takeaway,6/8/2023,Smoothie,,,,Smoothie
TXN_8951525,Cake,3,3,9,,,6/8/2023,Cake,,,,Smoothie
TXN_4397349,Smoothie,2,4,8,UNKNOWN,,6/8/2023,Smoothie,,,,Cake
TXN_3866162,Cake,5,3,15,Cash,Takeaway,6/8/2023,Cake,,,,Tea
TXN_2457961,Coffee,2,2,4,Credit Card,In-store,6/8/2023,Coffee,,,,Cake
TXN_2161255,Smoothie,3,4,12,,,6/8/2023,Smoothie,,,,Cake
TXN_3641519,Cookie,5,1,5,Digital Wallet,In-store,6/8/2023,Cookie,,,,Smoothie
TXN_4120124,Coffee,1,2,2,,,6/8/2023,Coffee,,,,Cake
TXN_2977414,Cake,4,3,12,UNKNOWN,,6/9/2023,Cake,,,,Cookie
TXN_8605958,Smoothie,5,4,20,Cash,,6/9/2023,Smoothie,,,,Smoothie
TXN_8666003,Smoothie,4,4,16,,Takeaway,6/9/2023,Smoothie,,,,Smoothie
TXN_5491825,Cake,4,3,12,Cash,In-store,6/9/2023,Cake,,,,Cookie
TXN_7362525,Cake,5,3,15,Cash,Takeaway,6/9/2023,Cake,,,,Cookie
TXN_7952680,Salad,1,5,5,ERROR,,6/9/2023,Salad,,,,Cake
TXN_8122340,Coffee,4,2,8,Credit Card,,6/9/2023,Coffee,,,,Salad
TXN_7433758,Cookie,1,1,1,Cash,,6/9/2023,Cookie,,,,Cake
TXN_9835620,Cake,2,3,6,,,6/9/2023,Cake,,,,Tea
TXN_6977098,Cake,5,3,15,Credit Card,In-store,6/9/2023,Cake,,,,Cake
TXN_7031347,Cake,4,3,12,Credit Card,Takeaway,6/9/2023,Cake,,,,Cake
TXN_7796731,Cake,2,3,6,,In-store,6/9/2023,Cake,,,,Cookie
TXN_3494014,Cake,1,3,3,Credit Card,In-store,6/9/2023,Cake,,,,Cake
TXN_8038871,Cake,5,3,15,Digital Wallet,,6/9/2023,Cake,,,,Coffee
TXN_4577234,Cake,4,3,12,UNKNOWN,In-store,6/9/2023,Cake,,,,Tea
TXN_3486178,Cake,5,3,15,Cash,,6/9/2023,Cake,,,,Coffee
TXN_6617283,Tea,4,1.5,6,Digital Wallet,,6/9/2023,Tea,,,,Cake
TXN_1046384,Smoothie,1,4,4,Cash,UNKNOWN,6/9/2023,Smoothie,,,,Salad
TXN_9904042,Smoothie,4,4,16,Credit Card,,6/9/2023,Smoothie,,,,Cake
TXN_1340358,Smoothie,3,4,12,Cash,Takeaway,6/9/2023,Smoothie,,,,Smoothie
TXN_8740257,Cake,5,3,15,Digital Wallet,,6/9/2023,Cake,,,,Smoothie
TXN_2602732,Salad,4,5,20,Digital Wallet,UNKNOWN,6/9/2023,Salad,,,,Coffee
TXN_2928676,Cookie,1,1,1,Credit Card,,6/9/2023,Cookie,,,,Cake
TXN_4051488,Cookie,4,1,4,,Takeaway,6/9/2023,Cookie,,,,Cake
TXN_7750963,Tea,4,1.5,6,Credit Card,In-store,6/9/2023,Tea,,,,Tea
TXN_7708810,Smoothie,1,4,4,Cash,,6/9/2023,Smoothie,,,,Cake
TXN_3964550,Tea,3,1.5,4.5,Credit Card,Takeaway,6/9/2023,Tea,,,,Cake
TXN_3765707,Smoothie,1,4,4,,,6/10/2023,Smoothie,,,,Salad
TXN_5220895,Salad,5,5,25,Cash,In-store,6/10/2023,Salad,,,,Tea
TXN_4885518,Salad,3,5,15,Credit Card,In-store,6/10/2023,Salad,,,,Coffee
TXN_8687151,Salad,5,5,25,Cash,,6/10/2023,Salad,,,,Cookie
TXN_3884811,Coffee,4,2,8,Credit Card,,6/10/2023,Coffee,,,,Smoothie
TXN_5897205,Cookie,1,1,1,,In-store,6/10/2023,Cookie,,,,Smoothie
TXN_1773873,Salad,5,5,25,Credit Card,Takeaway,6/10/2023,Salad,,,,Smoothie
TXN_6932070,Tea,4,1.5,6,Credit Card,In-store,6/10/2023,Tea,,,,Tea
TXN_2526667,Cake,3,3,9,Digital Wallet,In-store,6/10/2023,Cake,,,,Smoothie
TXN_3542902,Smoothie,1,4,4,ERROR,In-store,6/10/2023,Smoothie,,,,Cake
TXN_9169536,Cake,5,3,15,Cash,In-store,6/10/2023,Cake,,,,Cookie
TXN_9663098,Cake,2,3,6,Cash,,6/10/2023,Cake,,,,Cake
TXN_9137801,Smoothie,5,4,20,Credit Card,In-store,6/10/2023,Smoothie,,,,Tea
TXN_8005089,Salad,4,5,20,ERROR,,6/10/2023,Salad,,,,Salad
TXN_5234368,Coffee,3,2,6,Digital Wallet,,6/10/2023,Coffee,,,,Salad
TXN_3334257,Smoothie,2,4,8,Cash,UNKNOWN,6/10/2023,Smoothie,,,,Salad
TXN_9643180,Coffee,2,2,4,Cash,,6/10/2023,Coffee,,,,Cookie
TXN_2599005,Cake,2,3,6,Cash,,6/10/2023,Cake,,,,Cake
TXN_9456575,Tea,5,1.5,7.5,Cash,,6/10/2023,Tea,,,,Cake
TXN_3358787,Cake,1,3,3,Digital Wallet,,6/10/2023,Cake,,,,Cake
TXN_6029333,Cake,1,3,3,,,6/10/2023,Cake,,,,Salad
TXN_6920323,Smoothie,1,4,4,Credit Card,,6/10/2023,Smoothie,,,,Tea
TXN_9511794,Cookie,1,1,1,Cash,Takeaway,6/10/2023,Cookie,,,,Cake
TXN_1694364,Smoothie,3,4,12,,Takeaway,6/10/2023,Smoothie,,,,Smoothie
TXN_5421310,Coffee,4,2,8,Digital Wallet,In-store,6/10/2023,Coffee,,,,Smoothie
TXN_4315166,Smoothie,2,4,8,Digital Wallet,Takeaway,6/10/2023,Smoothie,,,,Cake
TXN_5240229,Salad,1,5,5,ERROR,In-store,6/10/2023,Salad,,,,Smoothie
TXN_9689507,Salad,3,5,15,Cash,In-store,6/10/2023,Salad,,,,Cookie
TXN_4635230,Smoothie,3,4,12,,In-store,6/10/2023,Smoothie,,,,Tea
TXN_4563544,Smoothie,5,4,20,,ERROR,6/10/2023,Smoothie,,,,Smoothie
TXN_3160411,Coffee,2,2,4,Digital Wallet,In-store,6/11/2023,Coffee,,,,Tea
TXN_5387067,Salad,3,5,15,Credit Card,UNKNOWN,6/11/2023,Salad,,,,Smoothie
TXN_5758199,Coffee,4,2,8,Credit Card,,6/11/2023,Coffee,,,,Coffee
TXN_4954887,Cookie,3,1,3,,In-store,6/11/2023,Cookie,,,,Cake
TXN_4368729,Coffee,3,2,6,Digital Wallet,In-store,6/11/2023,Coffee,,,,Cookie
TXN_1365285,Cake,5,3,15,Credit Card,,6/11/2023,Cake,,,,Cake
TXN_5333966,Cake,4,3,12,UNKNOWN,In-store,6/11/2023,Cake,,,,Smoothie
TXN_1538515,Cake,4,3,12,Cash,,6/11/2023,Cake,,,,Cookie
TXN_1556708,Smoothie,1,4,4,Digital Wallet,Takeaway,6/11/2023,Smoothie,,,,Cake
TXN_2842641,Cake,1,3,3,,In-store,6/11/2023,Cake,,,,Salad
TXN_5449092,Cake,4,3,12,,,6/11/2023,Cake,,,,Tea
TXN_2078232,Tea,1,1.5,1.5,UNKNOWN,,6/11/2023,Tea,,,,Coffee
TXN_4360906,Smoothie,2,4,8,,In-store,6/11/2023,Smoothie,,,,Smoothie
TXN_1952465,Cake,2,3,6,,Takeaway,6/11/2023,Cake,,,,Smoothie
TXN_2083119,Cookie,2,1,2,,In-store,6/11/2023,Cookie,,,,Cake
TXN_2402993,Cookie,5,1,5,Cash,Takeaway,6/11/2023,Cookie,,,,Cookie
TXN_3521791,Coffee,1,2,2,,Takeaway,6/11/2023,Coffee,,,,Smoothie
TXN_8837015,Cake,3,3,9,Credit Card,In-store,6/11/2023,Cake,,,,Coffee
TXN_5445994,Cake,1,3,3,Credit Card,In-store,6/11/2023,Cake,,,,Cake
TXN_3053494,Cake,5,3,15,Digital Wallet,In-store,6/11/2023,Cake,,,,Tea
TXN_9081686,Cookie,5,1,5,,,6/11/2023,Cookie,,,,Smoothie
TXN_4912458,Cake,4,3,12,ERROR,Takeaway,6/12/2023,Cake,,,,Smoothie
TXN_1866028,Tea,5,1.5,7.5,Credit Card,Takeaway,6/12/2023,Tea,,,,Salad
TXN_2089778,Cake,1,3,3,,In-store,6/12/2023,Cake,,,,Cookie
TXN_2488987,Tea,5,1.5,7.5,Cash,In-store,6/12/2023,Tea,,,,Cake
TXN_7551097,Cake,2,3,6,Digital Wallet,ERROR,6/12/2023,Cake,,,,Cake
TXN_2217038,Tea,5,1.5,7.5,ERROR,,6/12/2023,Tea,,,,Smoothie
TXN_4000025,Tea,5,1.5,7.5,UNKNOWN,Takeaway,6/12/2023,Tea,,,,Salad
TXN_8043642,Salad,4,5,20,Cash,In-store,6/12/2023,Salad,,,,Smoothie
TXN_7326075,Cookie,1,1,1,Cash,,6/12/2023,Cookie,,,,Smoothie
TXN_5996894,Cake,1,3,3,Credit Card,,6/12/2023,Cake,,,,Cake
TXN_2101632,Smoothie,4,4,16,,Takeaway,6/12/2023,Smoothie,,,,Coffee
TXN_6717074,Tea,3,1.5,4.5,Digital Wallet,Takeaway,6/12/2023,Tea,,,,Coffee
TXN_9395087,Tea,1,1.5,1.5,Cash,In-store,6/12/2023,Tea,,,,Tea
TXN_9857674,Tea,5,1.5,7.5,,Takeaway,6/12/2023,Tea,,,,Smoothie
TXN_5620636,Tea,4,1.5,6,,In-store,6/12/2023,Tea,,,,Cake
TXN_8447640,Smoothie,5,4,20,Cash,In-store,6/12/2023,Smoothie,,,,Cake
TXN_8664335,Smoothie,5,4,20,Digital Wallet,Takeaway,6/12/2023,Smoothie,,,,Tea
TXN_9480564,Cookie,4,1,4,Cash,In-store,6/12/2023,Cookie,,,,Smoothie
TXN_5318263,Smoothie,1,4,4,Credit Card,Takeaway,6/12/2023,Smoothie,,,,Cake
TXN_9813095,Cake,2,3,6,Cash,,6/12/2023,Cake,,,,Coffee
TXN_6412590,Salad,1,5,5,Digital Wallet,,6/12/2023,Salad,,,,Cookie
TXN_1789504,Salad,1,5,5,Credit Card,,6/12/2023,Salad,,,,Tea
TXN_9196658,Cookie,1,1,1,,Takeaway,6/12/2023,Cookie,,,,Cake
TXN_9425096,Smoothie,5,4,20,Credit Card,In-store,6/12/2023,Smoothie,,,,Cake
TXN_6125646,Cookie,2,1,2,,,6/12/2023,Cookie,,,,Salad
TXN_4935533,Smoothie,1,4,4,,In-store,6/12/2023,Smoothie,,,,Cake
TXN_5679014,Coffee,1,2,2,,In-store,6/12/2023,Coffee,,,,Smoothie
TXN_7496394,Smoothie,4,4,16,,,6/12/2023,Smoothie,,,,Cookie
TXN_1805937,Cake,3,3,9,Credit Card,,6/12/2023,Cake,,,,Cookie
TXN_6769465,Cake,5,3,15,Digital Wallet,In-store,6/13/2023,Cake,,,,Smoothie
TXN_6119823,Tea,2,1.5,3,,Takeaway,6/13/2023,Tea,,,,Cookie
TXN_9101792,Coffee,5,2,10,Cash,,6/13/2023,Coffee,,,,Cake
TXN_4637070,Tea,3,1.5,4.5,Credit Card,,6/13/2023,Tea,,,,Tea
TXN_1438257,Salad,4,5,20,Credit Card,Takeaway,6/13/2023,Salad,,,,Cookie
TXN_5050111,Salad,3,5,15,Cash,In-store,6/13/2023,Salad,,,,Smoothie
TXN_3290872,Cake,2,3,6,Credit Card,In-store,6/13/2023,Cake,,,,Cookie
TXN_8650185,Smoothie,5,4,20,Cash,,6/13/2023,Smoothie,,,,Tea
TXN_2957017,Smoothie,5,4,20,Cash,In-store,6/13/2023,Smoothie,,,,Smoothie
TXN_8839045,Cake,2,3,6,,In-store,6/13/2023,Cake,,,,Coffee
TXN_9180345,Smoothie,4,4,16,Digital Wallet,,6/13/2023,Smoothie,,,,Cookie
TXN_5512533,Coffee,4,2,8,Digital Wallet,,6/13/2023,Coffee,,,,Coffee
TXN_8468509,Smoothie,3,4,12,Credit Card,ERROR,6/13/2023,Smoothie,,,,Tea
TXN_7292790,Cookie,4,1,4,Cash,In-store,6/13/2023,Cookie,,,,Cake
TXN_3218971,Smoothie,5,4,20,Credit Card,ERROR,6/13/2023,Smoothie,,,,Tea
TXN_9928552,Smoothie,5,4,20,Credit Card,Takeaway,6/13/2023,Smoothie,,,,Smoothie
TXN_8607376,Coffee,5,2,10,Cash,In-store,6/13/2023,Coffee,,,,Cookie
TXN_2890321,Tea,3,1.5,4.5,Cash,In-store,6/13/2023,Tea,,,,Salad
TXN_4764398,Smoothie,2,4,8,Credit Card,,6/13/2023,Smoothie,,,,Cake
TXN_2494494,Coffee,1,2,2,Cash,,6/13/2023,Coffee,,,,Smoothie
TXN_5552114,Smoothie,2,4,8,,In-store,6/13/2023,Smoothie,,,,Smoothie
TXN_1318943,Coffee,2,2,4,Cash,In-store,6/13/2023,Coffee,,,,Salad
TXN_1394131,Cake,4,3,12,,Takeaway,6/13/2023,Cake,,,,Tea
TXN_4179583,Smoothie,3,4,12,Digital Wallet,Takeaway,6/13/2023,Smoothie,,,,Smoothie
TXN_5426507,Cake,2,3,6,Cash,Takeaway,6/13/2023,Cake,,,,Cake
TXN_8032010,Tea,1,1.5,1.5,Cash,,6/14/2023,Tea,,,,Smoothie
TXN_4108120,Coffee,2,2,4,,In-store,6/14/2023,Coffee,,,,Salad
TXN_6259827,Cake,2,3,6,Credit Card,Takeaway,6/14/2023,Cake,,,,Cookie
TXN_5198524,Cake,1,3,3,Credit Card,In-store,6/14/2023,Cake,,,,Salad
TXN_2223047,Coffee,2,2,4,,Takeaway,6/14/2023,Coffee,,,,Cake
TXN_2210265,Cake,2,3,6,Credit Card,Takeaway,6/14/2023,Cake,,,,Cake
TXN_9752586,Tea,2,1.5,3,Digital Wallet,,6/14/2023,Tea,,,,Smoothie
TXN_6309965,Cake,5,3,15,Digital Wallet,Takeaway,6/14/2023,Cake,,,,Salad
TXN_4704439,Coffee,3,2,6,Cash,UNKNOWN,6/14/2023,Coffee,,,,Coffee
TXN_3654670,Cake,1,3,3,Credit Card,Takeaway,6/14/2023,Cake,,,,Cake
TXN_5783469,Salad,3,5,15,,ERROR,6/14/2023,Salad,,,,Cake
TXN_3484276,Cookie,5,1,5,Digital Wallet,Takeaway,6/14/2023,Cookie,,,,Cookie
TXN_5400266,Tea,3,1.5,4.5,Digital Wallet,Takeaway,6/14/2023,Tea,,,,Salad
TXN_3215610,Cake,2,3,6,Digital Wallet,Takeaway,6/14/2023,Cake,,,,Cake
TXN_3762778,Coffee,5,2,10,,,6/14/2023,Coffee,,,,Cookie
TXN_7478306,Tea,2,1.5,3,Digital Wallet,In-store,6/14/2023,Tea,,,,Smoothie
TXN_8496788,Cake,4,3,12,Cash,,6/14/2023,Cake,,,,Coffee
TXN_8279269,Smoothie,4,4,16,Digital Wallet,,6/14/2023,Smoothie,,,,Coffee
TXN_5171248,Cake,5,3,15,Digital Wallet,In-store,6/14/2023,Cake,,,,Coffee
TXN_8353202,Smoothie,4,4,16,Digital Wallet,In-store,6/14/2023,Smoothie,,,,Smoothie
TXN_3676305,Salad,5,5,25,Credit Card,,6/14/2023,Salad,,,,Cookie
TXN_7468084,Coffee,5,2,10,Credit Card,,6/14/2023,Coffee,,,,Cake
TXN_9190061,Salad,5,5,25,Cash,Takeaway,6/14/2023,Salad,,,,Smoothie
TXN_3829165,Cake,4,3,12,Cash,In-store,6/15/2023,Cake,,,,Tea
TXN_7838964,Smoothie,3,4,12,Credit Card,In-store,6/15/2023,Smoothie,,,,Cake
TXN_7838465,Smoothie,3,4,12,Credit Card,Takeaway,6/15/2023,Smoothie,,,,Tea
TXN_8022689,Tea,1,1.5,1.5,Cash,Takeaway,6/15/2023,Tea,,,,Salad
TXN_8360073,Cake,4,3,12,Digital Wallet,In-store,6/15/2023,Cake,,,,Smoothie
TXN_4002629,Cake,5,3,15,Credit Card,In-store,6/15/2023,Cake,,,,Cake
TXN_3425783,Cake,2,3,6,,,6/15/2023,Cake,,,,Tea
TXN_8372268,Salad,2,5,10,,Takeaway,6/15/2023,Salad,,,,Cookie
TXN_9063299,Cake,4,3,12,Digital Wallet,In-store,6/15/2023,Cake,,,,Smoothie
TXN_2427834,Tea,4,1.5,6,ERROR,In-store,6/15/2023,Tea,,,,Cake
TXN_9792412,Tea,4,1.5,6,Digital Wallet,Takeaway,6/15/2023,Tea,,,,Smoothie
TXN_3847405,Smoothie,1,4,4,Digital Wallet,Takeaway,6/15/2023,Smoothie,,,,Smoothie
TXN_2482298,Salad,2,5,10,,Takeaway,6/15/2023,Salad,,,,Tea
TXN_6609572,Smoothie,4,4,16,Cash,In-store,6/15/2023,Smoothie,,,,Cake
TXN_3233221,Cake,5,3,15,,Takeaway,6/15/2023,Cake,,,,Coffee
TXN_4321091,Smoothie,2,4,8,Cash,In-store,6/15/2023,Smoothie,,,,Smoothie
TXN_7942343,Cookie,4,1,4,Digital Wallet,,6/15/2023,Cookie,,,,Smoothie
TXN_5125759,Coffee,3,2,6,Digital Wallet,Takeaway,6/15/2023,Coffee,,,,Cake
TXN_3717422,Salad,2,5,10,Cash,,6/15/2023,Salad,,,,Cake
TXN_1701465,Cake,1,3,3,Cash,,6/15/2023,Cake,,,,Cookie
TXN_6306644,Cake,2,3,6,Digital Wallet,,6/15/2023,Cake,,,,Cake
TXN_4131020,Smoothie,2,4,8,Credit Card,,6/15/2023,Smoothie,,,,Smoothie
TXN_6568440,Cookie,1,1,1,,Takeaway,6/15/2023,Cookie,,,,Tea
TXN_2069068,Cake,5,3,15,,In-store,6/15/2023,Cake,,,,Cookie
TXN_7231153,Salad,1,5,5,Cash,In-store,6/15/2023,Salad,,,,Cookie
TXN_8159649,Coffee,4,2,8,,In-store,6/15/2023,Coffee,,,,Smoothie
TXN_2672972,Smoothie,1,4,4,Digital Wallet,Takeaway,6/15/2023,Smoothie,,,,Cake
TXN_1928401,Smoothie,5,4,20,Digital Wallet,In-store,6/15/2023,Smoothie,,,,Coffee
TXN_4476634,Tea,2,1.5,3,Credit Card,,6/16/2023,Tea,,,,Cookie
TXN_2336708,Cake,2,3,6,Cash,In-store,6/16/2023,Cake,,,,Tea
TXN_5595717,Cake,2,3,6,,,6/16/2023,Cake,,,,Coffee
TXN_4147073,Cake,4,3,12,Cash,Takeaway,6/16/2023,Cake,,,,Salad
TXN_6727985,Salad,5,5,25,Credit Card,In-store,6/16/2023,Salad,,,,Cake
TXN_7560989,Smoothie,3,4,12,Digital Wallet,,6/16/2023,Smoothie,,,,Tea
TXN_6365371,Smoothie,2,4,8,Credit Card,,6/16/2023,Smoothie,,,,Salad
TXN_6797827,Smoothie,1,4,4,Credit Card,,6/16/2023,Smoothie,,,,Salad
TXN_9315119,Salad,2,5,10,,Takeaway,6/16/2023,Salad,,,,Smoothie
TXN_8676769,Salad,3,5,15,Digital Wallet,In-store,6/16/2023,Salad,,,,Cake
TXN_9358399,Tea,5,1.5,7.5,Credit Card,,6/16/2023,Tea,,,,Cake
TXN_9914084,Coffee,1,2,2,ERROR,Takeaway,6/16/2023,Coffee,,,,Cake
TXN_5965095,Salad,4,5,20,Digital Wallet,In-store,6/16/2023,Salad,,,,Smoothie
TXN_1914728,Cookie,5,1,5,Cash,In-store,6/16/2023,Cookie,,,,Smoothie
TXN_7054849,Cake,4,3,12,Cash,Takeaway,6/16/2023,Cake,,,,Cake
TXN_9774251,Cake,2,3,6,Digital Wallet,Takeaway,6/16/2023,Cake,,,,Cookie
TXN_9715885,Smoothie,4,4,16,UNKNOWN,In-store,6/16/2023,Smoothie,,,,Smoothie
TXN_1512185,Coffee,4,2,8,Cash,Takeaway,6/16/2023,Coffee,,,,Cake
TXN_6745856,Cake,4,3,12,Cash,In-store,6/16/2023,Cake,,,,Salad
TXN_6974587,Salad,3,5,15,Cash,ERROR,6/16/2023,Salad,,,,Cake
TXN_4379467,Tea,1,1.5,1.5,,,6/16/2023,Tea,,,,Coffee
TXN_5141000,Smoothie,4,4,16,,Takeaway,6/16/2023,Smoothie,,,,Coffee
TXN_5247378,Smoothie,2,4,8,Digital Wallet,Takeaway,6/16/2023,Smoothie,,,,Tea
TXN_9389434,Cake,5,3,15,,In-store,6/16/2023,Cake,,,,Smoothie
TXN_6516391,Cake,2,3,6,Digital Wallet,,6/16/2023,Cake,,,,Coffee
TXN_5493965,Cake,1,3,3,,,6/16/2023,Cake,,,,Smoothie
TXN_6034709,Coffee,2,2,4,Credit Card,,6/16/2023,Coffee,,,,Cake
TXN_9081409,Cake,1,3,3,Credit Card,In-store,6/16/2023,Cake,,,,Smoothie
TXN_2007418,Smoothie,4,4,16,Cash,,6/16/2023,Smoothie,,,,Cookie
TXN_8203190,Tea,2,1.5,3,,In-store,6/16/2023,Tea,,,,Salad
TXN_3016203,Salad,1,5,5,Cash,In-store,6/16/2023,Salad,,,,Coffee
TXN_6047710,Smoothie,3,4,12,,Takeaway,6/16/2023,Smoothie,,,,Cake
TXN_8555334,Coffee,1,2,2,,In-store,6/16/2023,Coffee,,,,Tea
TXN_9800351,Tea,3,1.5,4.5,Cash,ERROR,6/16/2023,Tea,,,,Cake
TXN_8282744,Tea,2,1.5,3,,Takeaway,6/16/2023,Tea,,,,Smoothie
TXN_4840522,Smoothie,3,4,12,,In-store,6/16/2023,Smoothie,,,,Smoothie
TXN_7471281,Smoothie,5,4,20,,,6/16/2023,Smoothie,,,,Salad
TXN_5939950,Smoothie,2,4,8,Cash,ERROR,6/16/2023,Smoothie,,,,Tea
TXN_8068515,Cookie,1,1,1,Cash,Takeaway,6/16/2023,Cookie,,,,Tea
TXN_7953750,Smoothie,5,4,20,Cash,In-store,6/16/2023,Smoothie,,,,Cookie
TXN_1461895,Cake,5,3,15,ERROR,,6/17/2023,Cake,,,,Smoothie
TXN_6066433,Tea,2,1.5,3,Cash,,6/17/2023,Tea,,,,Cake
TXN_6034785,Coffee,3,2,6,Digital Wallet,,6/17/2023,Coffee,,,,Coffee
TXN_5894676,Smoothie,5,4,20,Credit Card,Takeaway,6/17/2023,Smoothie,,,,Smoothie
TXN_1860406,Coffee,2,2,4,,Takeaway,6/17/2023,Coffee,,,,Cookie
TXN_1482123,Coffee,1,2,2,Cash,In-store,6/17/2023,Coffee,,,,Cookie
TXN_6378158,Salad,5,5,25,Credit Card,In-store,6/17/2023,Salad,,,,Salad
TXN_5625086,Smoothie,1,4,4,Credit Card,In-store,6/17/2023,Smoothie,,,,Cake
TXN_6762250,Cookie,2,1,2,Digital Wallet,Takeaway,6/17/2023,Cookie,,,,Tea
TXN_8106064,Cookie,1,1,1,,,6/17/2023,Cookie,,,,Salad
TXN_7887682,Coffee,2,2,4,Credit Card,Takeaway,6/17/2023,Coffee,,,,Coffee
TXN_4293196,Cookie,3,1,3,,In-store,6/17/2023,Cookie,,,,Smoothie
TXN_1226662,Salad,1,5,5,,In-store,6/17/2023,Salad,,,,Cookie
TXN_5166412,Cookie,4,1,4,UNKNOWN,Takeaway,6/17/2023,Cookie,,,,Smoothie
TXN_6305420,Cookie,3,1,3,,In-store,6/17/2023,Cookie,,,,Smoothie
TXN_9126573,Salad,4,5,20,Digital Wallet,,6/17/2023,Salad,,,,Cookie
TXN_2467699,Tea,1,1.5,1.5,Cash,UNKNOWN,6/17/2023,Tea,,,,Cookie
TXN_3947201,Cookie,5,1,5,,Takeaway,6/17/2023,Cookie,,,,Cake
TXN_2632916,Cake,3,3,9,Credit Card,,6/17/2023,Cake,,,,Smoothie
TXN_9928409,Smoothie,4,4,16,Credit Card,,6/17/2023,Smoothie,,,,Tea
TXN_8430882,Smoothie,2,4,8,Digital Wallet,Takeaway,6/17/2023,Smoothie,,,,Smoothie
TXN_2528186,Coffee,2,2,4,Cash,,6/17/2023,Coffee,,,,Coffee
TXN_1192970,Coffee,2,2,4,Digital Wallet,Takeaway,6/17/2023,Coffee,,,,Salad
TXN_1349640,Cake,2,3,6,Credit Card,In-store,6/17/2023,Cake,,,,Salad
TXN_4030763,Salad,2,5,10,UNKNOWN,Takeaway,6/17/2023,Salad,,,,Tea
TXN_1221801,Smoothie,2,4,8,,,6/17/2023,Smoothie,,,,Coffee
TXN_6994752,Cake,4,3,12,Cash,Takeaway,6/17/2023,Cake,,,,Cookie
TXN_3898445,Smoothie,3,4,12,Cash,Takeaway,6/17/2023,Smoothie,,,,Coffee
TXN_5179020,Cake,2,3,6,,Takeaway,6/18/2023,Cake,,,,Smoothie
TXN_6111710,Salad,3,5,15,Credit Card,In-store,6/18/2023,Salad,,,,Coffee
TXN_7406393,Tea,5,1.5,7.5,Credit Card,Takeaway,6/18/2023,Tea,,,,Cake
TXN_5402385,Cake,2,3,6,Cash,In-store,6/18/2023,Cake,,,,Cake
TXN_3303114,Salad,4,5,20,Credit Card,In-store,6/18/2023,Salad,,,,Cake
TXN_2402637,Smoothie,2,4,8,,Takeaway,6/18/2023,Smoothie,,,,Cake
TXN_8830813,Coffee,1,2,2,Cash,In-store,6/18/2023,Coffee,,,,Smoothie
TXN_1818438,Coffee,5,2,10,Cash,,6/18/2023,Coffee,,,,Cake
TXN_6355620,Cookie,1,1,1,Cash,,6/18/2023,Cookie,,,,Cake
TXN_9764251,Cookie,4,1,4,ERROR,Takeaway,6/18/2023,Cookie,,,,Cake
TXN_2930503,Cake,3,3,9,,In-store,6/18/2023,Cake,,,,Cookie
TXN_4095768,Salad,5,5,25,Digital Wallet,In-store,6/18/2023,Salad,,,,Tea
TXN_7565052,Smoothie,5,4,20,,In-store,6/18/2023,Smoothie,,,,Cake
TXN_1435192,Cake,2,3,6,,,6/18/2023,Cake,,,,Coffee
TXN_7047860,Coffee,2,2,4,,Takeaway,6/18/2023,Coffee,,,,Smoothie
TXN_3097593,Smoothie,2,4,8,Credit Card,In-store,6/18/2023,Smoothie,,,,Coffee
TXN_3394874,Coffee,4,2,8,Credit Card,Takeaway,6/18/2023,Coffee,,,,Salad
TXN_9005782,Tea,4,1.5,6,,In-store,6/18/2023,Tea,,,,Cake
TXN_9679889,Smoothie,3,4,12,Credit Card,In-store,6/18/2023,Smoothie,,,,Cookie
TXN_1516182,Cookie,1,1,1,,,6/18/2023,Cookie,,,,Coffee
TXN_5131404,Smoothie,4,4,16,Credit Card,Takeaway,6/18/2023,Smoothie,,,,Tea
TXN_6097759,Smoothie,4,4,16,Cash,In-store,6/18/2023,Smoothie,,,,Cake
TXN_6864420,Cookie,2,1,2,Credit Card,Takeaway,6/18/2023,Cookie,,,,Tea
TXN_2802630,Cookie,4,1,4,,Takeaway,6/18/2023,Cookie,,,,Tea
TXN_3251340,Salad,4,5,20,,In-store,6/18/2023,Salad,,,,Cake
TXN_7252860,Cookie,3,1,3,Digital Wallet,Takeaway,6/18/2023,Cookie,,,,Smoothie
TXN_6581580,Coffee,3,2,6,,In-store,6/18/2023,Coffee,,,,Smoothie
TXN_2360229,Smoothie,1,4,4,Digital Wallet,,6/18/2023,Smoothie,,,,Cookie
TXN_6335423,Coffee,2,2,4,Credit Card,In-store,6/18/2023,Coffee,,,,Tea
TXN_7029719,Salad,2,5,10,Digital Wallet,,6/18/2023,Salad,,,,Cake
TXN_3863940,Salad,2,5,10,,,6/18/2023,Salad,,,,Smoothie
TXN_2907979,Cake,3,3,9,Cash,,6/18/2023,Cake,,,,Cake
TXN_3359911,Cookie,4,1,4,,In-store,6/18/2023,Cookie,,,,Smoothie
TXN_4385632,Tea,5,1.5,7.5,,Takeaway,6/18/2023,Tea,,,,Smoothie
TXN_7697496,Salad,1,5,5,ERROR,Takeaway,6/18/2023,Salad,,,,Smoothie
TXN_6148811,Tea,5,1.5,7.5,Credit Card,Takeaway,6/18/2023,Tea,,,,Smoothie
TXN_6715991,Cake,1,3,3,Cash,,6/18/2023,Cake,,,,Cake
TXN_4238417,Salad,2,5,10,,ERROR,6/19/2023,Salad,,,,Cake
TXN_8158496,Tea,4,1.5,6,Cash,,6/19/2023,Tea,,,,Smoothie
TXN_4594922,Salad,2,5,10,Credit Card,Takeaway,6/19/2023,Salad,,,,Cake
TXN_1122140,Smoothie,4,4,16,Cash,,6/19/2023,Smoothie,,,,Smoothie
TXN_2915856,Tea,1,1.5,1.5,,In-store,6/19/2023,Tea,,,,Smoothie
TXN_9367492,Tea,2,1.5,3,Cash,In-store,6/19/2023,Tea,,,,Cake
TXN_8108748,Smoothie,1,4,4,Cash,UNKNOWN,6/19/2023,Smoothie,,,,Smoothie
TXN_8916613,Salad,4,5,20,ERROR,Takeaway,6/19/2023,Salad,,,,Cookie
TXN_1315847,Cake,1,3,3,Digital Wallet,In-store,6/19/2023,Cake,,,,Cake
TXN_4271744,Cake,3,3,9,Digital Wallet,Takeaway,6/19/2023,Cake,,,,Cookie
TXN_8744240,Smoothie,4,4,16,Cash,,6/19/2023,Smoothie,,,,Coffee
TXN_7106595,Tea,2,1.5,3,Credit Card,Takeaway,6/19/2023,Tea,,,,Cake
TXN_7989903,Cake,2,3,6,Cash,,6/19/2023,Cake,,,,Coffee
TXN_5053064,Salad,3,5,15,,,6/19/2023,Salad,,,,Tea
TXN_5999810,Smoothie,4,4,16,Credit Card,Takeaway,6/19/2023,Smoothie,,,,Cake
TXN_4152262,Salad,2,5,10,Digital Wallet,In-store,6/19/2023,Salad,,,,Cake
TXN_9403754,Cake,5,3,15,Credit Card,Takeaway,6/19/2023,Cake,,,,Tea
TXN_8991609,Salad,4,5,20,Digital Wallet,In-store,6/19/2023,Salad,,,,Cake
TXN_9220900,Cookie,4,1,4,,,6/19/2023,Cookie,,,,Salad
TXN_9185022,Smoothie,3,4,12,Digital Wallet,In-store,6/19/2023,Smoothie,,,,Tea
TXN_3140020,Cake,5,3,15,,In-store,6/19/2023,Cake,,,,Smoothie
TXN_9421441,Smoothie,2,4,8,Cash,,6/20/2023,Smoothie,,,,Coffee
TXN_8267034,Cake,2,3,6,,Takeaway,6/20/2023,Cake,,,,Salad
TXN_4498526,Smoothie,3,4,12,Credit Card,,6/20/2023,Smoothie,,,,Smoothie
TXN_4827371,Salad,2,5,10,,Takeaway,6/20/2023,Salad,,,,Cake
TXN_7094898,Salad,4,5,20,,Takeaway,6/20/2023,Salad,,,,Coffee
TXN_5965422,Coffee,2,2,4,Credit Card,,6/20/2023,Coffee,,,,Cake
TXN_7055260,Smoothie,4,4,16,Digital Wallet,In-store,6/20/2023,Smoothie,,,,Cake
TXN_9047278,Tea,4,1.5,6,Credit Card,Takeaway,6/20/2023,Tea,,,,Coffee
TXN_4671054,Salad,4,5,20,Cash,,6/20/2023,Salad,,,,Cake
TXN_8036176,Cookie,4,1,4,Credit Card,Takeaway,6/20/2023,Cookie,,,,Cake
TXN_3902135,Tea,4,1.5,6,Credit Card,ERROR,6/20/2023,Tea,,,,Coffee
TXN_6193929,Cake,5,3,15,ERROR,Takeaway,6/20/2023,Cake,,,,Smoothie
TXN_4605871,Cookie,1,1,1,ERROR,ERROR,6/20/2023,Cookie,,,,Cookie
TXN_3562332,Salad,5,5,25,,,6/20/2023,Salad,,,,Smoothie
TXN_3841683,Smoothie,1,4,4,UNKNOWN,In-store,6/20/2023,Smoothie,,,,Tea
TXN_1345440,Salad,5,5,25,Cash,,6/20/2023,Salad,,,,Tea
TXN_2606750,Tea,3,1.5,4.5,Cash,ERROR,6/20/2023,Tea,,,,Salad
TXN_9390188,Tea,1,1.5,1.5,,Takeaway,6/20/2023,Tea,,,,Tea
TXN_2352246,Smoothie,4,4,16,Credit Card,Takeaway,6/20/2023,Smoothie,,,,Coffee
TXN_9668265,Cookie,3,1,3,Credit Card,,6/20/2023,Cookie,,,,Salad
TXN_9285925,Cake,5,3,15,Cash,In-store,6/20/2023,Cake,,,,Cake
TXN_9554670,Cake,4,3,12,Credit Card,In-store,6/20/2023,Cake,,,,Smoothie
TXN_4553403,Coffee,5,2,10,,In-store,6/20/2023,Coffee,,,,Cake
TXN_2208733,Cake,1,3,3,,Takeaway,6/20/2023,Cake,,,,Cookie
TXN_8409154,Cake,4,3,12,Digital Wallet,,6/20/2023,Cake,,,,Salad
TXN_3981449,Smoothie,2,4,8,Cash,In-store,6/21/2023,Smoothie,,,,Cake
TXN_3109692,Cake,4,3,12,Credit Card,In-store,6/21/2023,Cake,,,,Smoothie
TXN_4650044,Cookie,4,1,4,Cash,,6/21/2023,Cookie,,,,Cake
TXN_2555823,Cake,4,3,12,Digital Wallet,,6/21/2023,Cake,,,,Cake
TXN_9174916,Coffee,3,2,6,Credit Card,,6/21/2023,Coffee,,,,Smoothie
TXN_9716971,Salad,4,5,20,Digital Wallet,UNKNOWN,6/21/2023,Salad,,,,Coffee
TXN_3589218,Salad,2,5,10,Credit Card,In-store,6/21/2023,Salad,,,,Salad
TXN_2080228,Cake,1,3,3,,In-store,6/21/2023,Cake,,,,Tea
TXN_8120958,Cookie,5,1,5,Credit Card,,6/21/2023,Cookie,,,,Smoothie
TXN_5039782,Tea,3,1.5,4.5,Credit Card,Takeaway,6/21/2023,Tea,,,,Cake
TXN_8548232,Smoothie,4,4,16,Digital Wallet,In-store,6/21/2023,Smoothie,,,,Smoothie
TXN_1275124,Coffee,3,2,6,,UNKNOWN,6/21/2023,Coffee,,,,Salad
TXN_8176812,Smoothie,5,4,20,Digital Wallet,,6/21/2023,Smoothie,,,,Coffee
TXN_6591736,Coffee,4,2,8,,Takeaway,6/21/2023,Coffee,,,,Smoothie
TXN_3277936,Tea,2,1.5,3,Digital Wallet,Takeaway,6/21/2023,Tea,,,,Cake
TXN_8853027,Smoothie,5,4,20,Credit Card,In-store,6/21/2023,Smoothie,,,,Smoothie
TXN_6335909,Salad,4,5,20,,In-store,6/21/2023,Salad,,,,Coffee
TXN_7317475,Salad,4,5,20,Cash,Takeaway,6/21/2023,Salad,,,,Salad
TXN_6265760,Cake,1,3,3,Credit Card,Takeaway,6/21/2023,Cake,,,,Cake
TXN_5303413,Coffee,1,2,2,Digital Wallet,In-store,6/21/2023,Coffee,,,,Tea
TXN_6691792,Cake,3,3,9,,Takeaway,6/21/2023,Cake,,,,Salad
TXN_7826516,Cake,4,3,12,Credit Card,,6/21/2023,Cake,,,,Smoothie
TXN_7507962,Smoothie,4,4,16,UNKNOWN,,6/22/2023,Smoothie,,,,Cake
TXN_2826603,Salad,2,5,10,Digital Wallet,Takeaway,6/22/2023,Salad,,,,Tea
TXN_5692316,Smoothie,1,4,4,Digital Wallet,UNKNOWN,6/22/2023,Smoothie,,,,Cookie
TXN_3358494,Coffee,5,2,10,Digital Wallet,Takeaway,6/22/2023,Coffee,,,,Cookie
TXN_2552405,Cake,5,3,15,Credit Card,,6/22/2023,Cake,,,,Tea
TXN_8172182,Cake,2,3,6,,,6/22/2023,Cake,,,,Cake
TXN_9673343,Smoothie,2,4,8,Cash,In-store,6/22/2023,Smoothie,,,,Salad
TXN_7139869,Tea,1,1.5,1.5,Cash,In-store,6/22/2023,Tea,,,,Tea
TXN_5579227,Smoothie,4,4,16,Digital Wallet,,6/22/2023,Smoothie,,,,Salad
TXN_2897354,Cake,4,3,12,,In-store,6/22/2023,Cake,,,,Cake
TXN_7137256,Smoothie,2,4,8,Cash,ERROR,6/22/2023,Smoothie,,,,Cookie
TXN_6443522,Smoothie,4,4,16,Digital Wallet,In-store,6/22/2023,Smoothie,,,,Smoothie
TXN_5594043,Cake,4,3,12,Cash,,6/22/2023,Cake,,,,Smoothie
TXN_7246698,Smoothie,3,4,12,,In-store,6/22/2023,Smoothie,,,,Cookie
TXN_8518812,Cookie,3,1,3,,In-store,6/22/2023,Cookie,,,,Tea
TXN_9571019,Coffee,2,2,4,Cash,In-store,6/22/2023,Coffee,,,,Coffee
TXN_4117627,Cake,3,3,9,Credit Card,In-store,6/22/2023,Cake,,,,Cake
TXN_2206884,Salad,5,5,25,Credit Card,,6/22/2023,Salad,,,,Tea
TXN_8922585,Salad,5,5,25,Credit Card,UNKNOWN,6/22/2023,Salad,,,,Coffee
TXN_5265095,Coffee,1,2,2,ERROR,,6/23/2023,Coffee,,,,Coffee
TXN_1842675,Cookie,4,1,4,Credit Card,Takeaway,6/23/2023,Cookie,,,,Coffee
TXN_5476465,Cake,4,3,12,Cash,In-store,6/23/2023,Cake,,,,Tea
TXN_1803889,Salad,4,5,20,,,6/23/2023,Salad,,,,Tea
TXN_7531745,Cake,2,3,6,Cash,,6/23/2023,Cake,,,,Tea
TXN_8429412,Smoothie,4,4,16,,,6/23/2023,Smoothie,,,,Smoothie
TXN_9731530,Tea,4,1.5,6,Credit Card,,6/23/2023,Tea,,,,Cake
TXN_2897115,Coffee,3,2,6,Digital Wallet,In-store,6/23/2023,Coffee,,,,Smoothie
TXN_7122708,Smoothie,5,4,20,,Takeaway,6/23/2023,Smoothie,,,,Cookie
TXN_1299959,Smoothie,5,4,20,Cash,,6/23/2023,Smoothie,,,,Smoothie
TXN_2732570,Cookie,3,1,3,Digital Wallet,,6/23/2023,Cookie,,,,Coffee
TXN_2849719,Coffee,5,2,10,Digital Wallet,Takeaway,6/23/2023,Coffee,,,,Smoothie
TXN_9622300,Salad,1,5,5,Cash,Takeaway,6/23/2023,Salad,,,,Tea
TXN_1410102,Salad,1,5,5,Cash,In-store,6/23/2023,Salad,,,,Cookie
TXN_2052609,Cake,4,3,12,Credit Card,Takeaway,6/23/2023,Cake,,,,Smoothie
TXN_2335312,Cake,2,3,6,Digital Wallet,,6/23/2023,Cake,,,,Smoothie
TXN_5417192,Cookie,4,1,4,Cash,In-store,6/23/2023,Cookie,,,,Salad
TXN_2791987,Smoothie,1,4,4,Credit Card,UNKNOWN,6/23/2023,Smoothie,,,,Smoothie
TXN_9759221,Coffee,3,2,6,Cash,Takeaway,6/23/2023,Coffee,,,,Tea
TXN_5223702,Smoothie,4,4,16,Credit Card,,6/23/2023,Smoothie,,,,Smoothie
TXN_4758849,Cake,2,3,6,,,6/23/2023,Cake,,,,Coffee
TXN_2673104,Tea,1,1.5,1.5,,,6/23/2023,Tea,,,,Cake
TXN_6318017,Tea,3,1.5,4.5,Cash,In-store,6/23/2023,Tea,,,,Cookie
TXN_2090061,Smoothie,4,4,16,,,6/23/2023,Smoothie,,,,Tea
TXN_5409951,Coffee,3,2,6,,,6/23/2023,Coffee,,,,Smoothie
TXN_6532832,Cookie,5,1,5,Cash,In-store,6/23/2023,Cookie,,,,Tea
TXN_8388056,Salad,1,5,5,Credit Card,,6/23/2023,Salad,,,,Tea
TXN_6755348,Smoothie,5,4,20,,,6/23/2023,Smoothie,,,,Salad
TXN_4502922,Smoothie,1,4,4,Credit Card,Takeaway,6/23/2023,Smoothie,,,,Cake
TXN_5723229,Cake,5,3,15,Digital Wallet,Takeaway,6/23/2023,Cake,,,,Cookie
TXN_2977905,Smoothie,3,4,12,,,6/23/2023,Smoothie,,,,Salad
TXN_5766532,Smoothie,5,4,20,Cash,In-store,6/23/2023,Smoothie,,,,Salad
TXN_3526255,Smoothie,4,4,16,UNKNOWN,Takeaway,6/23/2023,Smoothie,,,,Cake
TXN_3403173,Salad,1,5,5,,ERROR,6/24/2023,Salad,,,,Smoothie
TXN_9960577,Smoothie,1,4,4,Cash,,6/24/2023,Smoothie,,,,Smoothie
TXN_3110343,Tea,5,1.5,7.5,Digital Wallet,Takeaway,6/24/2023,Tea,,,,Smoothie
TXN_5858988,Cake,1,3,3,Credit Card,Takeaway,6/24/2023,Cake,,,,Cake
TXN_6885561,Smoothie,3,4,12,Digital Wallet,Takeaway,6/24/2023,Smoothie,,,,Smoothie
TXN_5206049,Cookie,3,1,3,Digital Wallet,,6/24/2023,Cookie,,,,Cookie
TXN_8453110,Smoothie,3,4,12,Digital Wallet,UNKNOWN,6/24/2023,Smoothie,,,,Smoothie
TXN_4959129,Cake,2,3,6,Credit Card,In-store,6/24/2023,Cake,,,,Tea
TXN_7903841,Cake,2,3,6,Digital Wallet,,6/24/2023,Cake,,,,Cake
TXN_7451083,Coffee,1,2,2,Digital Wallet,,6/24/2023,Coffee,,,,Cake
TXN_9054741,Cake,1,3,3,Credit Card,Takeaway,6/24/2023,Cake,,,,Smoothie
TXN_7901672,Cookie,1,1,1,,,6/24/2023,Cookie,,,,Smoothie
TXN_6093331,Smoothie,2,4,8,Credit Card,,6/24/2023,Smoothie,,,,Tea
TXN_2851147,Salad,2,5,10,Digital Wallet,In-store,6/24/2023,Salad,,,,Tea
TXN_6347670,Tea,2,1.5,3,Digital Wallet,In-store,6/24/2023,Tea,,,,Cake
TXN_4987205,Tea,2,1.5,3,,Takeaway,6/24/2023,Tea,,,,Cookie
TXN_2536573,Smoothie,2,4,8,Cash,In-store,6/24/2023,Smoothie,,,,Cake
TXN_1995528,Coffee,5,2,10,,In-store,6/24/2023,Coffee,,,,Salad
TXN_8432624,Cake,3,3,9,Cash,Takeaway,6/24/2023,Cake,,,,Tea
TXN_5029453,Smoothie,2,4,8,Digital Wallet,In-store,6/24/2023,Smoothie,,,,Smoothie
TXN_2390146,Coffee,3,2,6,,,6/24/2023,Coffee,,,,Cookie
TXN_3045673,Smoothie,3,4,12,Digital Wallet,,6/24/2023,Smoothie,,,,Smoothie
TXN_5504130,Cake,3,3,9,UNKNOWN,,6/24/2023,Cake,,,,Cake
TXN_2616353,Smoothie,3,4,12,Cash,Takeaway,6/24/2023,Smoothie,,,,Cake
TXN_9696074,Coffee,4,2,8,,Takeaway,6/24/2023,Coffee,,,,Cake
TXN_9830755,Cookie,5,1,5,Digital Wallet,Takeaway,6/24/2023,Cookie,,,,Smoothie
TXN_1899827,Coffee,5,2,10,Credit Card,Takeaway,6/24/2023,Coffee,,,,Cookie
TXN_6996548,Coffee,1,2,2,Credit Card,,6/24/2023,Coffee,,,,Tea
TXN_6643922,Coffee,5,2,10,Digital Wallet,In-store,6/24/2023,Coffee,,,,Salad
TXN_5151780,Salad,4,5,20,Cash,Takeaway,6/24/2023,Salad,,,,Smoothie
TXN_8341520,Smoothie,3,4,12,,Takeaway,6/24/2023,Smoothie,,,,Cake
TXN_3587915,Salad,2,5,10,Digital Wallet,Takeaway,6/24/2023,Salad,,,,Cake
TXN_2996948,Smoothie,3,4,12,,UNKNOWN,6/25/2023,Smoothie,,,,Smoothie
TXN_5753095,Smoothie,4,4,16,,,6/25/2023,Smoothie,,,,Cake
TXN_4134478,Cake,2,3,6,Credit Card,Takeaway,6/25/2023,Cake,,,,Cake
TXN_9587015,Salad,3,5,15,Digital Wallet,In-store,6/25/2023,Salad,,,,Cookie
TXN_5974123,Smoothie,2,4,8,Digital Wallet,UNKNOWN,6/25/2023,Smoothie,,,,Smoothie
TXN_9551638,Salad,3,5,15,Cash,,6/25/2023,Salad,,,,Cake
TXN_2810280,Smoothie,1,4,4,Digital Wallet,Takeaway,6/25/2023,Smoothie,,,,Smoothie
TXN_6039235,Cake,2,3,6,Digital Wallet,,6/25/2023,Cake,,,,Coffee
TXN_4076463,Cookie,3,1,3,Digital Wallet,,6/25/2023,Cookie,,,,Smoothie
TXN_3858791,Cookie,5,1,5,Credit Card,,6/25/2023,Cookie,,,,Cookie
TXN_5650608,Cake,1,3,3,Digital Wallet,,6/25/2023,Cake,,,,Cake
TXN_3075169,Smoothie,2,4,8,Credit Card,In-store,6/25/2023,Smoothie,,,,Coffee
TXN_9038745,Smoothie,3,4,12,ERROR,Takeaway,6/25/2023,Smoothie,,,,Cake
TXN_9580673,Cake,2,3,6,ERROR,In-store,6/25/2023,Cake,,,,Salad
TXN_5251180,Cookie,1,1,1,Digital Wallet,,6/25/2023,Cookie,,,,Cookie
TXN_8562684,Tea,5,1.5,7.5,,Takeaway,6/25/2023,Tea,,,,Smoothie
TXN_7931086,Smoothie,3,4,12,Credit Card,,6/25/2023,Smoothie,,,,Smoothie
TXN_2634805,Cookie,4,1,4,Digital Wallet,Takeaway,6/25/2023,Cookie,,,,Salad
TXN_5914284,Coffee,2,2,4,Credit Card,Takeaway,6/25/2023,Coffee,,,,Cake
TXN_3286168,Smoothie,5,4,20,Digital Wallet,,6/25/2023,Smoothie,,,,Smoothie
TXN_3783903,Tea,4,1.5,6,,,6/25/2023,Tea,,,,Tea
TXN_5963316,Tea,2,1.5,3,Credit Card,Takeaway,6/25/2023,Tea,,,,Salad
TXN_6606514,Cake,1,3,3,Credit Card,In-store,6/25/2023,Cake,,,,Cake
TXN_8201146,Cake,5,3,15,Cash,,6/26/2023,Cake,,,,Coffee
TXN_5373527,Smoothie,2,4,8,,ERROR,6/26/2023,Smoothie,,,,Smoothie
TXN_7216922,Cake,5,3,15,UNKNOWN,,6/26/2023,Cake,,,,Coffee
TXN_8540115,Tea,2,1.5,3,UNKNOWN,,6/26/2023,Tea,,,,Cake
TXN_2694724,Smoothie,2,4,8,Digital Wallet,,6/26/2023,Smoothie,,,,Cake
TXN_3225132,Smoothie,3,4,12,Credit Card,,6/26/2023,Smoothie,,,,Cookie
TXN_2887971,Smoothie,2,4,8,Digital Wallet,UNKNOWN,6/26/2023,Smoothie,,,,Cookie
TXN_4196578,Tea,2,1.5,3,Credit Card,,6/26/2023,Tea,,,,Salad
TXN_5276842,Coffee,2,2,4,Digital Wallet,Takeaway,6/26/2023,Coffee,,,,Cake
TXN_6324818,Salad,5,5,25,,,6/26/2023,Salad,,,,Smoothie
TXN_3279039,Cake,4,3,12,Credit Card,In-store,6/26/2023,Cake,,,,Tea
TXN_6814891,Coffee,1,2,2,Digital Wallet,Takeaway,6/26/2023,Coffee,,,,Smoothie
TXN_2825812,Cake,3,3,9,Cash,Takeaway,6/26/2023,Cake,,,,Cake
TXN_5542033,Smoothie,3,4,12,Digital Wallet,UNKNOWN,6/26/2023,Smoothie,,,,Coffee
TXN_6546131,Coffee,4,2,8,Credit Card,In-store,6/26/2023,Coffee,,,,Cookie
TXN_3622194,Cake,1,3,3,Digital Wallet,,6/26/2023,Cake,,,,Cake
TXN_1811953,Cookie,2,1,2,UNKNOWN,,6/26/2023,Cookie,,,,Coffee
TXN_8724602,Cake,4,3,12,Credit Card,Takeaway,6/26/2023,Cake,,,,Cake
TXN_1823906,Salad,3,5,15,Digital Wallet,In-store,6/26/2023,Salad,,,,Coffee
TXN_5575420,Smoothie,3,4,12,ERROR,In-store,6/26/2023,Smoothie,,,,Cake
TXN_9579637,Tea,4,1.5,6,Digital Wallet,,6/26/2023,Tea,,,,Smoothie
TXN_2867795,Cookie,1,1,1,Credit Card,UNKNOWN,6/26/2023,Cookie,,,,Cookie
TXN_1983422,Cookie,2,1,2,Digital Wallet,In-store,6/26/2023,Cookie,,,,Cake
TXN_8800741,Coffee,4,2,8,,,6/26/2023,Coffee,,,,Smoothie
TXN_8495889,Cake,1,3,3,Cash,Takeaway,6/26/2023,Cake,,,,Coffee
TXN_4834450,Cake,2,3,6,Cash,,6/26/2023,Cake,,,,Cake
TXN_3578141,Cake,5,3,15,,Takeaway,6/27/2023,Cake,,,,Coffee
TXN_8301424,Cake,2,3,6,,ERROR,6/27/2023,Cake,,,,Smoothie
TXN_4387303,Cookie,1,1,1,,,6/27/2023,Cookie,,,,Coffee
TXN_8115752,Smoothie,2,4,8,Digital Wallet,ERROR,6/27/2023,Smoothie,,,,Smoothie
TXN_3653328,Cookie,4,1,4,Digital Wallet,In-store,6/27/2023,Cookie,,,,Smoothie
TXN_3722720,Salad,2,5,10,,In-store,6/27/2023,Salad,,,,Smoothie
TXN_3880417,Cookie,1,1,1,,In-store,6/27/2023,Cookie,,,,Salad
TXN_4275169,Salad,1,5,5,,Takeaway,6/27/2023,Salad,,,,Cake
TXN_3544792,Smoothie,1,4,4,Digital Wallet,,6/27/2023,Smoothie,,,,Smoothie
TXN_5153086,Tea,3,1.5,4.5,Cash,In-store,6/27/2023,Tea,,,,Smoothie
TXN_2687593,Cake,5,3,15,,Takeaway,6/27/2023,Cake,,,,Tea
TXN_5763287,Cake,2,3,6,Credit Card,,6/27/2023,Cake,,,,Salad
TXN_8611918,Salad,3,5,15,Cash,Takeaway,6/27/2023,Salad,,,,Smoothie
TXN_7976001,Cake,4,3,12,Credit Card,In-store,6/27/2023,Cake,,,,Smoothie
TXN_3019996,Smoothie,2,4,8,Cash,,6/27/2023,Smoothie,,,,Coffee
TXN_1702437,Smoothie,4,4,16,Credit Card,Takeaway,6/27/2023,Smoothie,,,,Tea
TXN_1031802,Cookie,4,1,4,ERROR,UNKNOWN,6/27/2023,Cookie,,,,Salad
TXN_1442096,Cookie,3,1,3,Credit Card,In-store,6/27/2023,Cookie,,,,Cake
TXN_9020641,Cake,4,3,12,Credit Card,In-store,6/27/2023,Cake,,,,Smoothie
TXN_4002142,Cake,5,3,15,,,6/27/2023,Cake,,,,Tea
TXN_3937788,Smoothie,1,4,4,Cash,In-store,6/27/2023,Smoothie,,,,Tea
TXN_6016707,Cake,1,3,3,Cash,In-store,6/27/2023,Cake,,,,Tea
TXN_1629218,Coffee,3,2,6,Digital Wallet,,6/27/2023,Coffee,,,,Salad
TXN_9036527,Smoothie,4,4,16,Digital Wallet,,6/27/2023,Smoothie,,,,Cookie
TXN_5447508,Smoothie,3,4,12,Digital Wallet,Takeaway,6/28/2023,Smoothie,,,,Cookie
TXN_4501168,Tea,1,1.5,1.5,,In-store,6/28/2023,Tea,,,,Salad
TXN_4792702,Smoothie,1,4,4,Cash,Takeaway,6/28/2023,Smoothie,,,,Tea
TXN_1062822,Cake,2,3,6,Credit Card,,6/28/2023,Cake,,,,Coffee
TXN_4015634,Tea,2,1.5,3,,,6/28/2023,Tea,,,,Coffee
TXN_7865220,Smoothie,1,4,4,Credit Card,Takeaway,6/28/2023,Smoothie,,,,Smoothie
TXN_5707386,Tea,5,1.5,7.5,,Takeaway,6/28/2023,Tea,,,,Smoothie
TXN_9096951,Smoothie,3,4,12,Cash,Takeaway,6/28/2023,Smoothie,,,,Smoothie
TXN_2548248,Cake,4,3,12,ERROR,Takeaway,6/28/2023,Cake,,,,Tea
TXN_1491670,Cake,5,3,15,Credit Card,Takeaway,6/28/2023,Cake,,,,Salad
TXN_1050083,Cake,5,3,15,Credit Card,Takeaway,6/28/2023,Cake,,,,Smoothie
TXN_3174488,Cookie,4,1,4,Cash,Takeaway,6/28/2023,Cookie,,,,Cake
TXN_7795324,Salad,2,5,10,,,6/28/2023,Salad,,,,Cookie
TXN_1328968,Tea,1,1.5,1.5,,In-store,6/28/2023,Tea,,,,Cake
TXN_4350788,Tea,3,1.5,4.5,,In-store,6/28/2023,Tea,,,,Salad
TXN_9040196,Cake,3,3,9,Cash,UNKNOWN,6/28/2023,Cake,,,,Cake
TXN_1267753,Tea,3,1.5,4.5,Credit Card,,6/28/2023,Tea,,,,Smoothie
TXN_6897608,Coffee,2,2,4,Credit Card,Takeaway,6/28/2023,Coffee,,,,Coffee
TXN_7754382,Smoothie,4,4,16,Credit Card,ERROR,6/28/2023,Smoothie,,,,Cake
TXN_7744874,Coffee,1,2,2,Cash,,6/28/2023,Coffee,,,,Smoothie
TXN_7131251,Tea,2,1.5,3,ERROR,In-store,6/28/2023,Tea,,,,Cake
TXN_2829951,Smoothie,4,4,16,Credit Card,,6/28/2023,Smoothie,,,,Tea
TXN_7179827,Cake,4,3,12,Credit Card,In-store,6/28/2023,Cake,,,,Cake
TXN_4360970,Tea,3,1.5,4.5,Digital Wallet,Takeaway,6/28/2023,Tea,,,,Smoothie
TXN_3902815,Cake,5,3,15,,,6/28/2023,Cake,,,,Smoothie
TXN_2940613,Cake,4,3,12,Cash,,6/28/2023,Cake,,,,Cookie
TXN_7068823,Smoothie,4,4,16,,Takeaway,6/28/2023,Smoothie,,,,Smoothie
TXN_3459152,Cake,3,3,9,Digital Wallet,,6/28/2023,Cake,,,,Smoothie
TXN_4638979,Salad,1,5,5,,,6/28/2023,Salad,,,,Cake
TXN_9945457,Cookie,4,1,4,Cash,,6/28/2023,Cookie,,,,Cake
TXN_8470187,Cake,3,3,9,,Takeaway,6/28/2023,Cake,,,,Salad
TXN_9921392,Coffee,5,2,10,,,6/28/2023,Coffee,,,,Smoothie
TXN_5879154,Salad,2,5,10,ERROR,Takeaway,6/28/2023,Salad,,,,Cake
TXN_7439400,Salad,3,5,15,,Takeaway,6/28/2023,Salad,,,,Smoothie
TXN_4671375,Tea,1,1.5,1.5,,,6/28/2023,Tea,,,,Coffee
TXN_6688524,Coffee,4,2,8,ERROR,,6/29/2023,Coffee,,,,Cake
TXN_1959334,Coffee,3,2,6,,,6/29/2023,Coffee,,,,Smoothie
TXN_6046604,Cookie,5,1,5,Credit Card,,6/29/2023,Cookie,,,,Smoothie
TXN_3173923,Cookie,2,1,2,Digital Wallet,,6/29/2023,Cookie,,,,Tea
TXN_9298053,Cake,5,3,15,Cash,In-store,6/29/2023,Cake,,,,Cookie
TXN_4140167,Coffee,2,2,4,Cash,UNKNOWN,6/29/2023,Coffee,,,,Tea
TXN_8140560,Cake,5,3,15,ERROR,Takeaway,6/29/2023,Cake,,,,Cake
TXN_5339625,Smoothie,5,4,20,Digital Wallet,ERROR,6/29/2023,Smoothie,,,,Smoothie
TXN_9035484,Coffee,2,2,4,Cash,,6/29/2023,Coffee,,,,Tea
TXN_1737731,Smoothie,5,4,20,Digital Wallet,,6/29/2023,Smoothie,,,,Smoothie
TXN_7322436,Smoothie,3,4,12,Digital Wallet,In-store,6/29/2023,Smoothie,,,,Cake
TXN_9550664,Salad,2,5,10,,,6/29/2023,Salad,,,,Cake
TXN_6264390,Smoothie,2,4,8,Cash,,6/29/2023,Smoothie,,,,Cookie
TXN_5898238,Coffee,5,2,10,Credit Card,UNKNOWN,6/29/2023,Coffee,,,,Cake
TXN_3711520,Tea,1,1.5,1.5,,In-store,6/29/2023,Tea,,,,Cookie
TXN_5811955,Salad,2,5,10,Credit Card,Takeaway,6/29/2023,Salad,,,,Smoothie
TXN_7327362,Coffee,5,2,10,Credit Card,In-store,6/29/2023,Coffee,,,,Smoothie
TXN_1633337,Salad,5,5,25,Credit Card,,6/29/2023,Salad,,,,Cake
TXN_3436462,Salad,2,5,10,Credit Card,In-store,6/29/2023,Salad,,,,Cake
TXN_4788388,Cake,3,3,9,,,6/29/2023,Cake,,,,Coffee
TXN_1206585,Tea,2,1.5,3,Cash,,6/29/2023,Tea,,,,Cake
TXN_6729852,Cookie,4,1,4,UNKNOWN,,6/29/2023,Cookie,,,,Coffee
TXN_5926432,Smoothie,4,4,16,Cash,In-store,6/29/2023,Smoothie,,,,Cookie
TXN_2206639,Coffee,4,2,8,Cash,Takeaway,6/29/2023,Coffee,,,,Cake
TXN_5360210,Tea,5,1.5,7.5,Cash,Takeaway,6/29/2023,Tea,,,,Smoothie
TXN_7052672,Cake,1,3,3,ERROR,In-store,6/29/2023,Cake,,,,Cookie
TXN_7568112,Salad,5,5,25,Cash,,6/29/2023,Salad,,,,Cookie
TXN_4256200,Tea,5,1.5,7.5,,,6/29/2023,Tea,,,,Salad
TXN_2666773,Cake,3,3,9,Credit Card,,6/29/2023,Cake,,,,Smoothie
TXN_2423167,Cake,3,3,9,Digital Wallet,Takeaway,6/29/2023,Cake,,,,Smoothie
TXN_4663964,Cookie,4,1,4,Digital Wallet,In-store,6/29/2023,Cookie,,,,Cake
TXN_8605813,Cookie,1,1,1,,,6/30/2023,Cookie,,,,Salad
TXN_9472241,Salad,3,5,15,Cash,Takeaway,6/30/2023,Salad,,,,Salad
TXN_6962242,Cake,1,3,3,Digital Wallet,Takeaway,6/30/2023,Cake,,,,Smoothie
TXN_8668901,Cake,2,3,6,Credit Card,Takeaway,6/30/2023,Cake,,,,Cake
TXN_1183212,Cake,4,3,12,,In-store,6/30/2023,Cake,,,,Coffee
TXN_4868913,Cake,4,3,12,Cash,,6/30/2023,Cake,,,,Salad
TXN_4084052,Cake,2,3,6,Digital Wallet,In-store,6/30/2023,Cake,,,,Coffee
TXN_2661443,Cake,2,3,6,Credit Card,,6/30/2023,Cake,,,,Cake
TXN_9813938,Smoothie,5,4,20,Cash,,6/30/2023,Smoothie,,,,Cake
TXN_8293691,Coffee,4,2,8,,,6/30/2023,Coffee,,,,Cookie
TXN_7827797,Salad,3,5,15,,Takeaway,6/30/2023,Salad,,,,Cake
TXN_8010863,Coffee,2,2,4,,,6/30/2023,Coffee,,,,Tea
TXN_1165779,Cookie,4,1,4,Digital Wallet,Takeaway,6/30/2023,Cookie,,,,Smoothie
TXN_2485272,Tea,4,1.5,6,Digital Wallet,Takeaway,6/30/2023,Tea,,,,Salad
TXN_5808539,Smoothie,1,4,4,,Takeaway,6/30/2023,Smoothie,,,,Smoothie
TXN_6613909,Cake,4,3,12,Credit Card,In-store,6/30/2023,Cake,,,,Smoothie
TXN_5331924,Smoothie,2,4,8,Cash,Takeaway,6/30/2023,Smoothie,,,,Smoothie
TXN_8361821,Tea,5,1.5,7.5,Cash,In-store,6/30/2023,Tea,,,,Tea
TXN_7326827,Smoothie,1,4,4,,In-store,6/30/2023,Smoothie,,,,Coffee
TXN_2723755,Cake,3,3,9,Cash,,6/30/2023,Cake,,,,Cake
TXN_6718205,Smoothie,2,4,8,Digital Wallet,Takeaway,6/30/2023,Smoothie,,,,Cookie
TXN_4563526,Smoothie,4,4,16,Credit Card,,6/30/2023,Smoothie,,,,Cake
TXN_7530692,Coffee,1,2,2,Credit Card,,6/30/2023,Coffee,,,,Smoothie
TXN_3214521,Tea,4,1.5,6,,,6/30/2023,Tea,,,,Cookie
TXN_5488764,Coffee,4,2,8,Digital Wallet,Takeaway,6/30/2023,Coffee,,,,Tea
TXN_5729112,Coffee,1,2,2,Credit Card,,6/30/2023,Coffee,,,,Cake
TXN_4750383,Coffee,2,2,4,Cash,,6/30/2023,Coffee,,,,Salad
TXN_5560669,Salad,5,5,25,Credit Card,,6/30/2023,Salad,,,,Tea
TXN_3303518,Cake,4,3,12,,In-store,6/30/2023,Cake,,,,Smoothie
TXN_2735598,Tea,5,1.5,7.5,Credit Card,Takeaway,6/30/2023,Tea,,,,Salad
TXN_9567915,Cake,1,3,3,Digital Wallet,Takeaway,6/30/2023,Cake,,,,Cake
TXN_3745153,Smoothie,4,4,16,Digital Wallet,In-store,6/30/2023,Smoothie,,,,Salad
TXN_5437961,Smoothie,3,4,12,,In-store,6/30/2023,Smoothie,,,,Smoothie
TXN_3713880,Salad,5,5,25,,In-store,6/30/2023,Salad,,,,Cake
TXN_9648941,Coffee,2,2,4,Cash,Takeaway,6/30/2023,Coffee,,,,Smoothie
TXN_2119373,Salad,4,5,20,Credit Card,In-store,6/30/2023,Salad,,,,Cake
TXN_4876440,Cookie,3,1,3,,Takeaway,7/1/2023,Cookie,,,,Tea
TXN_2915281,Cookie,1,1,1,Digital Wallet,In-store,7/1/2023,Cookie,,,,Salad
TXN_3736798,Coffee,4,2,8,Digital Wallet,In-store,7/1/2023,Coffee,,,,Cake
TXN_3001647,Salad,1,5,5,,,7/1/2023,Salad,,,,Salad
TXN_6132959,Salad,5,5,25,Digital Wallet,,7/1/2023,Salad,,,,Salad
TXN_8031804,Coffee,4,2,8,Credit Card,,7/1/2023,Coffee,,,,Cake
TXN_2901304,Cookie,3,1,3,,ERROR,7/1/2023,Cookie,,,,Tea
TXN_6083650,Coffee,2,2,4,Digital Wallet,Takeaway,7/1/2023,Coffee,,,,Tea
TXN_5839300,Cake,1,3,3,Credit Card,UNKNOWN,7/1/2023,Cake,,,,Cake
TXN_4341126,Cake,2,3,6,Cash,,7/1/2023,Cake,,,,Salad
TXN_8487216,Tea,1,1.5,1.5,Cash,,7/1/2023,Tea,,,,Cookie
TXN_3653560,Coffee,4,2,8,Digital Wallet,Takeaway,7/1/2023,Coffee,,,,Salad
TXN_8271278,Tea,1,1.5,1.5,,,7/1/2023,Tea,,,,Coffee
TXN_5635779,Cake,5,3,15,Cash,In-store,7/1/2023,Cake,,,,Cookie
TXN_3843943,Tea,5,1.5,7.5,,Takeaway,7/1/2023,Tea,,,,Tea
TXN_6118079,Coffee,1,2,2,UNKNOWN,Takeaway,7/1/2023,Coffee,,,,Smoothie
TXN_2203547,Cake,3,3,9,,In-store,7/1/2023,Cake,,,,Tea
TXN_7021592,Salad,4,5,20,Credit Card,In-store,7/1/2023,Salad,,,,Tea
TXN_1749930,Salad,5,5,25,UNKNOWN,In-store,7/1/2023,Salad,,,,Cake
TXN_4062737,Cake,3,3,9,Cash,In-store,7/2/2023,Cake,,,,Smoothie
TXN_5523450,Salad,5,5,25,Credit Card,Takeaway,7/2/2023,Salad,,,,Tea
TXN_2814363,Tea,2,1.5,3,,,7/2/2023,Tea,,,,Salad
TXN_3150792,Coffee,5,2,10,Cash,,7/2/2023,Coffee,,,,Smoothie
TXN_1697018,Cake,4,3,12,Digital Wallet,In-store,7/2/2023,Cake,,,,Cake
TXN_1961595,Smoothie,5,4,20,Digital Wallet,In-store,7/2/2023,Smoothie,,,,Tea
TXN_6714931,Cake,3,3,9,,,7/2/2023,Cake,,,,Smoothie
TXN_8792638,Tea,3,1.5,4.5,Credit Card,Takeaway,7/2/2023,Tea,,,,Cookie
TXN_8121601,Cake,4,3,12,ERROR,In-store,7/2/2023,Cake,,,,Smoothie
TXN_2824366,Smoothie,4,4,16,ERROR,In-store,7/2/2023,Smoothie,,,,Salad
TXN_6293225,Cake,4,3,12,Cash,UNKNOWN,7/2/2023,Cake,,,,Coffee
TXN_3717307,Cookie,1,1,1,Credit Card,In-store,7/2/2023,Cookie,,,,Smoothie
TXN_6262910,Cake,4,3,12,Cash,Takeaway,7/2/2023,Cake,,,,Smoothie
TXN_5183249,Smoothie,1,4,4,,In-store,7/2/2023,Smoothie,,,,Cake
TXN_4823513,Cookie,5,1,5,Cash,Takeaway,7/2/2023,Cookie,,,,Smoothie
TXN_1958614,Smoothie,2,4,8,Digital Wallet,,7/2/2023,Smoothie,,,,Salad
TXN_8872103,Smoothie,3,4,12,Digital Wallet,In-store,7/2/2023,Smoothie,,,,Smoothie
TXN_4406290,Coffee,5,2,10,,In-store,7/2/2023,Coffee,,,,Cookie
TXN_2501656,Cake,5,3,15,Digital Wallet,Takeaway,7/2/2023,Cake,,,,Cake
TXN_4216821,Tea,2,1.5,3,,,7/2/2023,Tea,,,,Smoothie
TXN_1645743,Cookie,4,1,4,Digital Wallet,Takeaway,7/2/2023,Cookie,,,,Smoothie
TXN_5639485,Cookie,3,1,3,Credit Card,,7/2/2023,Cookie,,,,Tea
TXN_7153455,Coffee,4,2,8,Digital Wallet,Takeaway,7/2/2023,Coffee,,,,Cookie
TXN_9871036,Smoothie,1,4,4,,Takeaway,7/2/2023,Smoothie,,,,Salad
TXN_6972491,Smoothie,1,4,4,,Takeaway,7/2/2023,Smoothie,,,,Smoothie
TXN_2180562,Salad,2,5,10,,Takeaway,7/2/2023,Salad,,,,Coffee
TXN_8410376,Coffee,4,2,8,Digital Wallet,,7/2/2023,Coffee,,,,Cake
TXN_4678948,Cake,3,3,9,UNKNOWN,Takeaway,7/2/2023,Cake,,,,Cake
TXN_4948026,Tea,4,1.5,6,Digital Wallet,In-store,7/2/2023,Tea,,,,Smoothie
TXN_4138399,Cookie,5,1,5,Credit Card,Takeaway,7/3/2023,Cookie,,,,Tea
TXN_9104781,Smoothie,2,4,8,UNKNOWN,ERROR,7/3/2023,Smoothie,,,,Smoothie
TXN_4674417,Cookie,5,1,5,Digital Wallet,Takeaway,7/3/2023,Cookie,,,,Smoothie
TXN_3390882,Smoothie,3,4,12,Credit Card,In-store,7/3/2023,Smoothie,,,,Salad
TXN_5827969,Salad,5,5,25,Digital Wallet,,7/3/2023,Salad,,,,Salad
TXN_7689696,Smoothie,5,4,20,Digital Wallet,Takeaway,7/3/2023,Smoothie,,,,Cake
TXN_9774186,Tea,3,1.5,4.5,,,7/3/2023,Tea,,,,Tea
TXN_8279992,Cake,5,3,15,ERROR,,7/3/2023,Cake,,,,Cake
TXN_5221688,Coffee,2,2,4,Cash,,7/3/2023,Coffee,,,,Salad
TXN_6994354,Salad,5,5,25,,Takeaway,7/3/2023,Salad,,,,Smoothie
TXN_4271502,Cake,2,3,6,,,7/3/2023,Cake,,,,Smoothie
TXN_6975499,Coffee,1,2,2,Digital Wallet,In-store,7/3/2023,Coffee,,,,Cake
TXN_9263030,Smoothie,5,4,20,Cash,Takeaway,7/3/2023,Smoothie,,,,Coffee
TXN_6806968,Cookie,4,1,4,Cash,Takeaway,7/3/2023,Cookie,,,,Cake
TXN_1293057,Tea,2,1.5,3,Digital Wallet,,7/3/2023,Tea,,,,Tea
TXN_4807899,Coffee,5,2,10,Digital Wallet,Takeaway,7/3/2023,Coffee,,,,Cake
TXN_3758861,Smoothie,3,4,12,Credit Card,ERROR,7/3/2023,Smoothie,,,,Cookie
TXN_1888294,Cake,3,3,9,Cash,,7/3/2023,Cake,,,,Coffee
TXN_8423155,Coffee,1,2,2,,Takeaway,7/3/2023,Coffee,,,,Smoothie
TXN_3291988,Cake,2,3,6,Credit Card,,7/3/2023,Cake,,,,Cake
TXN_8435360,Tea,3,1.5,4.5,Credit Card,In-store,7/3/2023,Tea,,,,Tea
TXN_2031459,Cake,3,3,9,Cash,Takeaway,7/4/2023,Cake,,,,Coffee
TXN_1105589,Coffee,5,2,10,Cash,Takeaway,7/4/2023,Coffee,,,,Tea
TXN_1223805,Cake,3,3,9,UNKNOWN,In-store,7/4/2023,Cake,,,,Coffee
TXN_3741325,Smoothie,5,4,20,Digital Wallet,,7/4/2023,Smoothie,,,,Tea
TXN_1635631,Cookie,4,1,4,Credit Card,,7/4/2023,Cookie,,,,Salad
TXN_2797077,Salad,2,5,10,,Takeaway,7/4/2023,Salad,,,,Smoothie
TXN_5910268,Salad,4,5,20,,Takeaway,7/4/2023,Salad,,,,Coffee
TXN_2172960,Smoothie,1,4,4,Digital Wallet,,7/4/2023,Smoothie,,,,Tea
TXN_1672632,Salad,3,5,15,Digital Wallet,,7/4/2023,Salad,,,,Cake
TXN_5297995,Tea,5,1.5,7.5,,In-store,7/4/2023,Tea,,,,Smoothie
TXN_2881529,Cake,1,3,3,,In-store,7/4/2023,Cake,,,,Coffee
TXN_6665881,Cake,2,3,6,Credit Card,,7/4/2023,Cake,,,,Tea
TXN_5347338,Cake,4,3,12,Digital Wallet,Takeaway,7/4/2023,Cake,,,,Smoothie
TXN_9544977,Cookie,4,1,4,,In-store,7/4/2023,Cookie,,,,Cake
TXN_6091543,Coffee,3,2,6,,In-store,7/4/2023,Coffee,,,,Smoothie
TXN_4374963,Cake,1,3,3,Cash,In-store,7/4/2023,Cake,,,,Smoothie
TXN_7746634,Cake,5,3,15,Digital Wallet,In-store,7/4/2023,Cake,,,,Smoothie
TXN_4209626,Smoothie,5,4,20,Credit Card,,7/4/2023,Smoothie,,,,Cookie
TXN_5746800,Coffee,4,2,8,Credit Card,Takeaway,7/4/2023,Coffee,,,,Coffee
TXN_7928378,Smoothie,3,4,12,Cash,,7/4/2023,Smoothie,,,,Cookie
TXN_7071783,Cookie,4,1,4,Cash,,7/4/2023,Cookie,,,,Coffee
TXN_8260297,Salad,2,5,10,Cash,In-store,7/4/2023,Salad,,,,Tea
TXN_6838411,Coffee,1,2,2,Cash,,7/4/2023,Coffee,,,,Smoothie
TXN_4573576,Cake,2,3,6,Cash,In-store,7/5/2023,Cake,,,,Salad
TXN_5007619,Cake,5,3,15,Credit Card,In-store,7/5/2023,Cake,,,,Cookie
TXN_1104849,Smoothie,4,4,16,Digital Wallet,Takeaway,7/5/2023,Smoothie,,,,Coffee
TXN_6223786,Cake,5,3,15,Cash,,7/5/2023,Cake,,,,Smoothie
TXN_5062280,Smoothie,4,4,16,Credit Card,,7/5/2023,Smoothie,,,,Smoothie
TXN_7125392,Cookie,4,1,4,Digital Wallet,Takeaway,7/5/2023,Cookie,,,,Smoothie
TXN_6087494,Cake,5,3,15,Credit Card,,7/5/2023,Cake,,,,Smoothie
TXN_5672156,Cookie,2,1,2,Credit Card,In-store,7/5/2023,Cookie,,,,Smoothie
TXN_2833327,Coffee,3,2,6,Cash,,7/5/2023,Coffee,,,,Cake
TXN_8073173,Tea,5,1.5,7.5,Cash,,7/5/2023,Tea,,,,Cake
TXN_2345332,Tea,3,1.5,4.5,,In-store,7/5/2023,Tea,,,,Smoothie
TXN_5804346,Tea,1,1.5,1.5,Credit Card,,7/5/2023,Tea,,,,Tea
TXN_4060160,Coffee,4,2,8,,In-store,7/5/2023,Coffee,,,,Smoothie
TXN_3232043,Tea,2,1.5,3,,In-store,7/5/2023,Tea,,,,Salad
TXN_7440057,Cake,1,3,3,Credit Card,,7/5/2023,Cake,,,,Cake
TXN_9894831,Cake,5,3,15,ERROR,,7/5/2023,Cake,,,,Smoothie
TXN_8240436,Salad,5,5,25,,In-store,7/5/2023,Salad,,,,Tea
TXN_1088497,Smoothie,1,4,4,Digital Wallet,Takeaway,7/5/2023,Smoothie,,,,Salad
TXN_1559521,Coffee,5,2,10,UNKNOWN,In-store,7/5/2023,Coffee,,,,Cake
TXN_4688236,Coffee,4,2,8,Cash,In-store,7/5/2023,Coffee,,,,Cake
TXN_6232398,Cake,2,3,6,Cash,In-store,7/5/2023,Cake,,,,Smoothie
TXN_7664606,Cookie,2,1,2,Digital Wallet,ERROR,7/5/2023,Cookie,,,,Smoothie
TXN_2489067,Cake,2,3,6,,Takeaway,7/5/2023,Cake,,,,Cookie
TXN_2357107,Smoothie,1,4,4,,In-store,7/5/2023,Smoothie,,,,Cake
TXN_1132293,Tea,4,1.5,6,ERROR,,7/5/2023,Tea,,,,Cake
TXN_9247075,Salad,3,5,15,,In-store,7/5/2023,Salad,,,,Coffee
TXN_9548077,Tea,2,1.5,3,Cash,In-store,7/5/2023,Tea,,,,Smoothie
TXN_3534588,Salad,1,5,5,Cash,ERROR,7/5/2023,Salad,,,,Cookie
TXN_2739140,Smoothie,4,4,16,UNKNOWN,In-store,7/5/2023,Smoothie,,,,Tea
TXN_2052395,Smoothie,3,4,12,Credit Card,In-store,7/6/2023,Smoothie,,,,Cookie
TXN_7216161,Tea,4,1.5,6,Credit Card,UNKNOWN,7/6/2023,Tea,,,,Coffee
TXN_1923349,Tea,4,1.5,6,,,7/6/2023,Tea,,,,Smoothie
TXN_9196116,Cake,2,3,6,,In-store,7/6/2023,Cake,,,,Salad
TXN_7276927,Coffee,5,2,10,Cash,Takeaway,7/6/2023,Coffee,,,,Coffee
TXN_5406758,Salad,5,5,25,,Takeaway,7/6/2023,Salad,,,,Cookie
TXN_5027125,Salad,3,5,15,Cash,In-store,7/6/2023,Salad,,,,Smoothie
TXN_4200340,Cake,5,3,15,Cash,Takeaway,7/6/2023,Cake,,,,Smoothie
TXN_6149748,Salad,3,5,15,Credit Card,,7/6/2023,Salad,,,,Cake
TXN_4268167,Smoothie,4,4,16,,,7/6/2023,Smoothie,,,,Tea
TXN_5311814,Tea,4,1.5,6,Digital Wallet,,7/6/2023,Tea,,,,Cake
TXN_9257475,Cake,4,3,12,Digital Wallet,,7/6/2023,Cake,,,,Cake
TXN_8736069,Tea,5,1.5,7.5,Cash,Takeaway,7/6/2023,Tea,,,,Cake
TXN_6045577,Coffee,3,2,6,Credit Card,,7/6/2023,Coffee,,,,Cake
TXN_1034651,Smoothie,3,4,12,,Takeaway,7/6/2023,Smoothie,,,,Smoothie
TXN_6064400,Smoothie,5,4,20,,,7/6/2023,Smoothie,,,,Cookie
TXN_1217810,Cookie,1,1,1,Digital Wallet,,7/6/2023,Cookie,,,,Cake
TXN_6740691,Tea,1,1.5,1.5,Cash,ERROR,7/6/2023,Tea,,,,Smoothie
TXN_1792405,Tea,3,1.5,4.5,Digital Wallet,Takeaway,7/6/2023,Tea,,,,Cake
TXN_5456362,Smoothie,4,4,16,Credit Card,,7/6/2023,Smoothie,,,,Cookie
TXN_8014645,Cake,2,3,6,Cash,Takeaway,7/6/2023,Cake,,,,Cookie
TXN_8639973,Cookie,5,1,5,,,7/6/2023,Cookie,,,,Cake
TXN_2210925,Cake,4,3,12,Cash,In-store,7/6/2023,Cake,,,,Coffee
TXN_1213938,Salad,5,5,25,Digital Wallet,Takeaway,7/6/2023,Salad,,,,Salad
TXN_4071743,Coffee,5,2,10,,Takeaway,7/6/2023,Coffee,,,,Cake
TXN_7328294,Cake,2,3,6,Cash,,7/7/2023,Cake,,,,Tea
TXN_2485183,Smoothie,5,4,20,Cash,In-store,7/7/2023,Smoothie,,,,Tea
TXN_6727029,Tea,2,1.5,3,,Takeaway,7/7/2023,Tea,,,,Cake
TXN_6313325,Cookie,5,1,5,ERROR,,7/7/2023,Cookie,,,,Cake
TXN_6086709,Cake,5,3,15,,ERROR,7/7/2023,Cake,,,,Cookie
TXN_7681072,Cookie,1,1,1,Credit Card,Takeaway,7/7/2023,Cookie,,,,Cake
TXN_2935871,Cookie,4,1,4,Cash,Takeaway,7/7/2023,Cookie,,,,Cake
TXN_7009420,Smoothie,5,4,20,UNKNOWN,Takeaway,7/7/2023,Smoothie,,,,Cake
TXN_8384806,Smoothie,3,4,12,,Takeaway,7/7/2023,Smoothie,,,,Smoothie
TXN_7334272,Smoothie,2,4,8,Credit Card,Takeaway,7/7/2023,Smoothie,,,,Salad
TXN_6655437,Cake,1,3,3,ERROR,,7/7/2023,Cake,,,,Salad
TXN_2756336,Smoothie,3,4,12,Credit Card,Takeaway,7/7/2023,Smoothie,,,,Coffee
TXN_7765640,Coffee,1,2,2,Credit Card,,7/7/2023,Coffee,,,,Cookie
TXN_2672126,Cookie,3,1,3,Cash,,7/7/2023,Cookie,,,,Cake
TXN_7666945,Tea,5,1.5,7.5,,,7/7/2023,Tea,,,,Smoothie
TXN_4613595,Salad,3,5,15,Credit Card,Takeaway,7/7/2023,Salad,,,,Cake
TXN_1873852,Cake,3,3,9,Digital Wallet,Takeaway,7/7/2023,Cake,,,,Salad
TXN_9970964,Smoothie,2,4,8,Credit Card,Takeaway,7/7/2023,Smoothie,,,,Cookie
TXN_5433982,Salad,5,5,25,Digital Wallet,,7/7/2023,Salad,,,,Cake
TXN_7910572,Smoothie,4,4,16,,Takeaway,7/7/2023,Smoothie,,,,Smoothie
TXN_4346813,Salad,5,5,25,,ERROR,7/7/2023,Salad,,,,Smoothie
TXN_4525646,Cake,3,3,9,Credit Card,,7/7/2023,Cake,,,,Cake
TXN_5336876,Smoothie,3,4,12,Credit Card,,7/7/2023,Smoothie,,,,Cake
TXN_9718216,Cake,4,3,12,,UNKNOWN,7/7/2023,Cake,,,,Smoothie
TXN_9679675,Coffee,1,2,2,Cash,,7/7/2023,Coffee,,,,Coffee
TXN_8958593,Cake,5,3,15,Digital Wallet,In-store,7/8/2023,Cake,,,,Cake
TXN_3383926,Cake,3,3,9,Cash,Takeaway,7/8/2023,Cake,,,,Salad
TXN_9625287,Cake,2,3,6,Cash,In-store,7/8/2023,Cake,,,,Coffee
TXN_1235969,Cookie,1,1,1,Digital Wallet,,7/8/2023,Cookie,,,,Smoothie
TXN_1395083,Cake,1,3,3,Cash,In-store,7/8/2023,Cake,,,,Smoothie
TXN_5379179,Cookie,2,1,2,Digital Wallet,,7/8/2023,Cookie,,,,Cake
TXN_4493661,Smoothie,1,4,4,Cash,,7/8/2023,Smoothie,,,,Tea
TXN_9657636,Cake,1,3,3,Cash,Takeaway,7/8/2023,Cake,,,,Tea
TXN_3067854,Cake,1,3,3,Credit Card,,7/8/2023,Cake,,,,Smoothie
TXN_3465980,Cookie,4,1,4,Cash,Takeaway,7/8/2023,Cookie,,,,Cake
TXN_9105544,Tea,3,1.5,4.5,,In-store,7/8/2023,Tea,,,,Coffee
TXN_3730077,Cookie,2,1,2,Credit Card,,7/8/2023,Cookie,,,,Cake
TXN_8916290,Salad,5,5,25,Digital Wallet,,7/8/2023,Salad,,,,Cake
TXN_1058927,Smoothie,4,4,16,Cash,,7/8/2023,Smoothie,,,,Cookie
TXN_2409052,Smoothie,1,4,4,Credit Card,In-store,7/8/2023,Smoothie,,,,Smoothie
TXN_4977130,Smoothie,1,4,4,Digital Wallet,In-store,7/8/2023,Smoothie,,,,Tea
TXN_7531403,Smoothie,2,4,8,Cash,In-store,7/8/2023,Smoothie,,,,Smoothie
TXN_7786787,Tea,1,1.5,1.5,Credit Card,Takeaway,7/8/2023,Tea,,,,Salad
TXN_3725152,Coffee,5,2,10,,,7/8/2023,Coffee,,,,Coffee
TXN_3321395,Tea,1,1.5,1.5,Digital Wallet,Takeaway,7/8/2023,Tea,,,,Smoothie
TXN_5746203,Tea,5,1.5,7.5,Cash,,7/8/2023,Tea,,,,Cookie
TXN_3486548,Tea,1,1.5,1.5,Digital Wallet,,7/8/2023,Tea,,,,Cookie
TXN_6494850,Coffee,2,2,4,Cash,,7/8/2023,Coffee,,,,Cake
TXN_7262554,Salad,3,5,15,Credit Card,,7/8/2023,Salad,,,,Cookie
TXN_7631505,Smoothie,4,4,16,Cash,In-store,7/8/2023,Smoothie,,,,Tea
TXN_1012349,Cake,4,3,12,Cash,In-store,7/8/2023,Cake,,,,Smoothie
TXN_5401244,Salad,1,5,5,Credit Card,In-store,7/8/2023,Salad,,,,Cookie
TXN_1452931,Tea,1,1.5,1.5,Digital Wallet,,7/8/2023,Tea,,,,Cake
TXN_7433461,Cookie,2,1,2,Digital Wallet,,7/9/2023,Cookie,,,,Cake
TXN_6910030,Coffee,4,2,8,Digital Wallet,Takeaway,7/9/2023,Coffee,,,,Salad
TXN_3628056,Cake,4,3,12,Cash,In-store,7/9/2023,Cake,,,,Cake
TXN_8285304,Cookie,1,1,1,Cash,,7/9/2023,Cookie,,,,Cookie
TXN_4411172,Smoothie,4,4,16,Cash,,7/9/2023,Smoothie,,,,Cake
TXN_5348915,Cake,1,3,3,Digital Wallet,Takeaway,7/9/2023,Cake,,,,Salad
TXN_5882566,Cake,1,3,3,,Takeaway,7/9/2023,Cake,,,,Cookie
TXN_8106538,Coffee,3,2,6,Digital Wallet,,7/9/2023,Coffee,,,,Smoothie
TXN_5875188,Salad,3,5,15,Digital Wallet,In-store,7/9/2023,Salad,,,,Coffee
TXN_3072565,Cake,3,3,9,Credit Card,,7/9/2023,Cake,,,,Coffee
TXN_3982146,Coffee,3,2,6,,In-store,7/9/2023,Coffee,,,,Smoothie
TXN_4246000,Cookie,2,1,2,Credit Card,Takeaway,7/9/2023,Cookie,,,,Smoothie
TXN_6349916,Salad,1,5,5,Cash,,7/9/2023,Salad,,,,Cake
TXN_4677478,Cake,4,3,12,,In-store,7/9/2023,Cake,,,,Cookie
TXN_2911863,Smoothie,2,4,8,Credit Card,Takeaway,7/9/2023,Smoothie,,,,Smoothie
TXN_4224350,Tea,2,1.5,3,,In-store,7/9/2023,Tea,,,,Smoothie
TXN_5806624,Cookie,5,1,5,Credit Card,In-store,7/9/2023,Cookie,,,,Salad
TXN_3422774,Smoothie,2,4,8,Digital Wallet,In-store,7/9/2023,Smoothie,,,,Salad
TXN_8886791,Tea,2,1.5,3,Cash,,7/9/2023,Tea,,,,Tea
TXN_9738339,Cake,1,3,3,UNKNOWN,In-store,7/9/2023,Cake,,,,Smoothie
TXN_4336844,Smoothie,4,4,16,,,7/9/2023,Smoothie,,,,Cake
TXN_8587529,Cookie,2,1,2,Credit Card,Takeaway,7/9/2023,Cookie,,,,Cake
TXN_3587916,Salad,3,5,15,Cash,In-store,7/9/2023,Salad,,,,Smoothie
TXN_4668931,Cake,3,3,9,Cash,In-store,7/9/2023,Cake,,,,Coffee
TXN_3883425,Smoothie,5,4,20,Digital Wallet,UNKNOWN,7/9/2023,Smoothie,,,,Smoothie
TXN_3494565,Smoothie,2,4,8,ERROR,,7/10/2023,Smoothie,,,,Salad
TXN_7852990,Smoothie,5,4,20,Digital Wallet,Takeaway,7/10/2023,Smoothie,,,,Cookie
TXN_1972584,Smoothie,5,4,20,Digital Wallet,,7/10/2023,Smoothie,,,,Tea
TXN_4005014,Smoothie,1,4,4,Digital Wallet,Takeaway,7/10/2023,Smoothie,,,,Smoothie
TXN_9140598,Cake,1,3,3,Digital Wallet,Takeaway,7/10/2023,Cake,,,,Cake
TXN_6921057,Smoothie,4,4,16,Digital Wallet,Takeaway,7/10/2023,Smoothie,,,,Tea
TXN_9702662,Smoothie,4,4,16,,Takeaway,7/10/2023,Smoothie,,,,Tea
TXN_2801651,Cake,4,3,12,Digital Wallet,Takeaway,7/10/2023,Cake,,,,Coffee
TXN_8577850,Tea,3,1.5,4.5,,,7/10/2023,Tea,,,,Smoothie
TXN_2792107,Cake,1,3,3,,ERROR,7/10/2023,Cake,,,,Salad
TXN_9317529,Cake,4,3,12,Credit Card,,7/10/2023,Cake,,,,Cookie
TXN_7805508,Smoothie,5,4,20,,In-store,7/10/2023,Smoothie,,,,Tea
TXN_3483911,Salad,1,5,5,Digital Wallet,Takeaway,7/10/2023,Salad,,,,Cake
TXN_1571874,Cake,1,3,3,Digital Wallet,ERROR,7/10/2023,Cake,,,,Salad
TXN_4451380,Cookie,3,1,3,Digital Wallet,In-store,7/10/2023,Cookie,,,,Salad
TXN_2879791,Smoothie,1,4,4,,,7/10/2023,Smoothie,,,,Cookie
TXN_8842592,Cookie,5,1,5,ERROR,,7/10/2023,Cookie,,,,Smoothie
TXN_6543164,Tea,2,1.5,3,Digital Wallet,ERROR,7/10/2023,Tea,,,,Smoothie
TXN_7622855,Smoothie,2,4,8,Credit Card,,7/10/2023,Smoothie,,,,Cake
TXN_5584275,Smoothie,1,4,4,Credit Card,In-store,7/10/2023,Smoothie,,,,Cake
TXN_4630658,Smoothie,1,4,4,Cash,Takeaway,7/10/2023,Smoothie,,,,Coffee
TXN_6347482,Tea,2,1.5,3,Digital Wallet,,7/10/2023,Tea,,,,Smoothie
TXN_6598343,Cake,4,3,12,,,7/10/2023,Cake,,,,Smoothie
TXN_6881662,Salad,2,5,10,Digital Wallet,Takeaway,7/10/2023,Salad,,,,Salad
TXN_4060332,Smoothie,3,4,12,Credit Card,Takeaway,7/10/2023,Smoothie,,,,Coffee
TXN_9506595,Tea,3,1.5,4.5,Cash,In-store,7/10/2023,Tea,,,,Smoothie
TXN_4976485,Salad,5,5,25,UNKNOWN,Takeaway,7/10/2023,Salad,,,,Salad
TXN_7229543,Cake,1,3,3,Credit Card,UNKNOWN,7/10/2023,Cake,,,,Smoothie
TXN_7623634,Cake,2,3,6,Credit Card,In-store,7/11/2023,Cake,,,,Salad
TXN_3286932,Cookie,1,1,1,Digital Wallet,Takeaway,7/11/2023,Cookie,,,,Smoothie
TXN_8536115,Cake,1,3,3,Credit Card,Takeaway,7/11/2023,Cake,,,,Cookie
TXN_9277146,Cake,5,3,15,Credit Card,,7/11/2023,Cake,,,,Smoothie
TXN_3691087,Cookie,4,1,4,,,7/11/2023,Cookie,,,,Smoothie
TXN_9859715,Smoothie,5,4,20,,,7/11/2023,Smoothie,,,,Salad
TXN_8456072,Smoothie,1,4,4,,In-store,7/11/2023,Smoothie,,,,Coffee
TXN_8090925,Cookie,3,1,3,Digital Wallet,In-store,7/11/2023,Cookie,,,,Smoothie
TXN_1432682,Tea,1,1.5,1.5,,UNKNOWN,7/11/2023,Tea,,,,Smoothie
TXN_9059245,Smoothie,1,4,4,Cash,,7/11/2023,Smoothie,,,,Cake
TXN_3999862,Tea,4,1.5,6,,In-store,7/11/2023,Tea,,,,Coffee
TXN_8866088,Tea,4,1.5,6,Digital Wallet,Takeaway,7/11/2023,Tea,,,,Cookie
TXN_5453217,Coffee,1,2,2,Credit Card,In-store,7/11/2023,Coffee,,,,Coffee
TXN_8127433,Smoothie,3,4,12,,Takeaway,7/11/2023,Smoothie,,,,Tea
TXN_6440555,Smoothie,1,4,4,Cash,In-store,7/11/2023,Smoothie,,,,Smoothie
TXN_7057481,Smoothie,3,4,12,Cash,In-store,7/11/2023,Smoothie,,,,Cookie
TXN_5297746,Coffee,3,2,6,Credit Card,In-store,7/11/2023,Coffee,,,,Cake
TXN_5100941,Cookie,5,1,5,Digital Wallet,,7/11/2023,Cookie,,,,Tea
TXN_4967446,Smoothie,1,4,4,ERROR,In-store,7/11/2023,Smoothie,,,,Cake
TXN_1909796,Smoothie,2,4,8,,Takeaway,7/12/2023,Smoothie,,,,Salad
TXN_7050740,Cake,1,3,3,Cash,Takeaway,7/12/2023,Cake,,,,Cake
TXN_9266394,Cookie,2,1,2,Credit Card,In-store,7/12/2023,Cookie,,,,Coffee
TXN_4109764,Cake,3,3,9,Credit Card,UNKNOWN,7/12/2023,Cake,,,,Cake
TXN_4779440,Cookie,1,1,1,,,7/12/2023,Cookie,,,,Salad
TXN_8831924,Coffee,3,2,6,Digital Wallet,In-store,7/12/2023,Coffee,,,,Cookie
TXN_5330930,Cake,1,3,3,,In-store,7/12/2023,Cake,,,,Smoothie
TXN_2864420,Smoothie,1,4,4,,,7/12/2023,Smoothie,,,,Cake
TXN_7477271,Tea,5,1.5,7.5,,Takeaway,7/12/2023,Tea,,,,Salad
TXN_3555821,Smoothie,3,4,12,,In-store,7/12/2023,Smoothie,,,,Cake
TXN_8774692,Tea,5,1.5,7.5,Digital Wallet,,7/12/2023,Tea,,,,Cake
TXN_2155393,Cake,2,3,6,Digital Wallet,In-store,7/12/2023,Cake,,,,Smoothie
TXN_6064301,Cookie,1,1,1,Credit Card,Takeaway,7/12/2023,Cookie,,,,Cookie
TXN_5342900,Cake,5,3,15,Cash,,7/12/2023,Cake,,,,Smoothie
TXN_9090433,Cookie,2,1,2,Cash,ERROR,7/12/2023,Cookie,,,,Tea
TXN_4522292,Cookie,1,1,1,Digital Wallet,In-store,7/12/2023,Cookie,,,,Smoothie
TXN_5424622,Tea,4,1.5,6,,In-store,7/12/2023,Tea,,,,Smoothie
TXN_5280256,Cookie,5,1,5,,In-store,7/12/2023,Cookie,,,,Smoothie
TXN_6204081,Cake,1,3,3,Digital Wallet,Takeaway,7/12/2023,Cake,,,,Tea
TXN_1767201,Salad,5,5,25,Credit Card,UNKNOWN,7/12/2023,Salad,,,,Smoothie
TXN_7979028,Smoothie,3,4,12,Cash,Takeaway,7/12/2023,Smoothie,,,,Coffee
TXN_1322520,Salad,5,5,25,Cash,,7/12/2023,Salad,,,,Tea
TXN_8392086,Smoothie,4,4,16,,,7/12/2023,Smoothie,,,,Cake
TXN_8992377,Cake,4,3,12,Credit Card,Takeaway,7/12/2023,Cake,,,,Smoothie
TXN_2585392,Salad,4,5,20,,,7/12/2023,Salad,,,,Cake
TXN_7754136,Cookie,1,1,1,Credit Card,In-store,7/12/2023,Cookie,,,,Cookie
TXN_5094936,Coffee,4,2,8,,In-store,7/12/2023,Coffee,,,,Cake
TXN_2561471,Smoothie,1,4,4,,In-store,7/12/2023,Smoothie,,,,Tea
TXN_5201123,Salad,2,5,10,Digital Wallet,Takeaway,7/12/2023,Salad,,,,Coffee
TXN_8690361,Smoothie,3,4,12,,,7/12/2023,Smoothie,,,,Smoothie
TXN_9906002,Smoothie,3,4,12,Digital Wallet,In-store,7/13/2023,Smoothie,,,,Smoothie
TXN_5412834,Smoothie,4,4,16,Cash,Takeaway,7/13/2023,Smoothie,,,,Tea
TXN_6787560,Cake,3,3,9,,,7/13/2023,Cake,,,,Cake
TXN_3670939,Tea,3,1.5,4.5,Cash,,7/13/2023,Tea,,,,Coffee
TXN_9551491,Salad,1,5,5,,,7/13/2023,Salad,,,,Smoothie
TXN_1719440,Cookie,5,1,5,Digital Wallet,Takeaway,7/13/2023,Cookie,,,,Smoothie
TXN_3808895,Salad,2,5,10,Cash,In-store,7/13/2023,Salad,,,,Tea
TXN_8540553,Cake,1,3,3,,In-store,7/13/2023,Cake,,,,Salad
TXN_9827492,Tea,3,1.5,4.5,,,7/13/2023,Tea,,,,Salad
TXN_1715684,Smoothie,1,4,4,UNKNOWN,In-store,7/13/2023,Smoothie,,,,Cake
TXN_9428611,Salad,4,5,20,Digital Wallet,,7/13/2023,Salad,,,,Cake
TXN_7800576,Smoothie,4,4,16,ERROR,,7/13/2023,Smoothie,,,,Cookie
TXN_2462604,Tea,5,1.5,7.5,Credit Card,,7/13/2023,Tea,,,,Salad
TXN_6403951,Tea,3,1.5,4.5,Credit Card,Takeaway,7/13/2023,Tea,,,,Salad
TXN_7466297,Cookie,1,1,1,Digital Wallet,,7/13/2023,Cookie,,,,Coffee
TXN_6853830,Tea,5,1.5,7.5,,In-store,7/13/2023,Tea,,,,Coffee
TXN_9061471,Cake,1,3,3,Digital Wallet,Takeaway,7/13/2023,Cake,,,,Salad
TXN_4247602,Salad,5,5,25,Credit Card,Takeaway,7/13/2023,Salad,,,,Smoothie
TXN_2849095,Coffee,3,2,6,Digital Wallet,In-store,7/13/2023,Coffee,,,,Cookie
TXN_1661682,Smoothie,5,4,20,Digital Wallet,,7/13/2023,Smoothie,,,,Cake
TXN_2181545,Cake,4,3,12,Credit Card,Takeaway,7/14/2023,Cake,,,,Smoothie
TXN_8377564,Cake,5,3,15,,In-store,7/14/2023,Cake,,,,Cake
TXN_3544789,Tea,4,1.5,6,UNKNOWN,In-store,7/14/2023,Tea,,,,Cookie
TXN_6849113,Cookie,1,1,1,Credit Card,,7/14/2023,Cookie,,,,Coffee
TXN_9292230,Tea,4,1.5,6,Credit Card,In-store,7/14/2023,Tea,,,,Cake
TXN_1755661,Salad,5,5,25,,In-store,7/14/2023,Salad,,,,Cookie
TXN_5836079,Coffee,1,2,2,Digital Wallet,,7/14/2023,Coffee,,,,Smoothie
TXN_9783697,Smoothie,1,4,4,Digital Wallet,Takeaway,7/14/2023,Smoothie,,,,Coffee
TXN_5889049,Cookie,2,1,2,,In-store,7/14/2023,Cookie,,,,Cake
TXN_8933027,Cake,5,3,15,Credit Card,,7/14/2023,Cake,,,,Cookie
TXN_7705748,Cake,3,3,9,Digital Wallet,,7/14/2023,Cake,,,,Cake
TXN_8620592,Smoothie,2,4,8,,In-store,7/14/2023,Smoothie,,,,Salad
TXN_2188356,Tea,1,1.5,1.5,,In-store,7/14/2023,Tea,,,,Smoothie
TXN_5726114,Smoothie,3,4,12,Digital Wallet,Takeaway,7/14/2023,Smoothie,,,,Cake
TXN_2761204,Cake,3,3,9,Cash,,7/14/2023,Cake,,,,Tea
TXN_4876685,Tea,1,1.5,1.5,Digital Wallet,Takeaway,7/14/2023,Tea,,,,Smoothie
TXN_5970304,Salad,4,5,20,Credit Card,,7/14/2023,Salad,,,,Coffee
TXN_6533267,Tea,3,1.5,4.5,Cash,In-store,7/14/2023,Tea,,,,Cookie
TXN_4877601,Cookie,2,1,2,UNKNOWN,ERROR,7/14/2023,Cookie,,,,Cake
TXN_1342359,Cake,4,3,12,Cash,Takeaway,7/14/2023,Cake,,,,Salad
TXN_8803798,Smoothie,4,4,16,,,7/14/2023,Smoothie,,,,Cake
TXN_4650834,Salad,3,5,15,Digital Wallet,Takeaway,7/14/2023,Salad,,,,Cake
TXN_5713298,Smoothie,2,4,8,Credit Card,,7/14/2023,Smoothie,,,,Coffee
TXN_9824238,Tea,5,1.5,7.5,Cash,In-store,7/14/2023,Tea,,,,Salad
TXN_6498163,Smoothie,5,4,20,,In-store,7/15/2023,Smoothie,,,,Cookie
TXN_1916339,Cake,1,3,3,Cash,In-store,7/15/2023,Cake,,,,Cake
TXN_1109715,Cake,1,3,3,UNKNOWN,In-store,7/15/2023,Cake,,,,Cake
TXN_1018880,Smoothie,5,4,20,Digital Wallet,,7/15/2023,Smoothie,,,,Coffee
TXN_2634410,Smoothie,3,4,12,,ERROR,7/15/2023,Smoothie,,,,Tea
TXN_9063887,Cake,5,3,15,ERROR,Takeaway,7/15/2023,Cake,,,,Cookie
TXN_7946450,Smoothie,1,4,4,Credit Card,In-store,7/15/2023,Smoothie,,,,Coffee
TXN_9861782,Smoothie,4,4,16,Credit Card,In-store,7/15/2023,Smoothie,,,,Salad
TXN_4620647,Coffee,1,2,2,Digital Wallet,UNKNOWN,7/15/2023,Coffee,,,,Smoothie
TXN_8558404,Salad,4,5,20,Digital Wallet,In-store,7/15/2023,Salad,,,,Coffee
TXN_3679126,Cookie,1,1,1,Cash,,7/15/2023,Cookie,,,,Coffee
TXN_7386089,Smoothie,2,4,8,,In-store,7/15/2023,Smoothie,,,,Tea
TXN_2027203,Coffee,3,2,6,Credit Card,,7/15/2023,Coffee,,,,Smoothie
TXN_5901182,Smoothie,5,4,20,Digital Wallet,In-store,7/15/2023,Smoothie,,,,Cake
TXN_9791421,Smoothie,1,4,4,Cash,Takeaway,7/15/2023,Smoothie,,,,Cookie
TXN_7704229,Coffee,4,2,8,Cash,,7/15/2023,Coffee,,,,Salad
TXN_5348750,Salad,5,5,25,Credit Card,,7/15/2023,Salad,,,,Tea
TXN_1332623,Cookie,2,1,2,,Takeaway,7/15/2023,Cookie,,,,Smoothie
TXN_3212505,Smoothie,3,4,12,Credit Card,,7/15/2023,Smoothie,,,,Smoothie
TXN_4831311,Coffee,2,2,4,Cash,Takeaway,7/15/2023,Coffee,,,,Smoothie
TXN_1935119,Coffee,4,2,8,Credit Card,Takeaway,7/15/2023,Coffee,,,,Coffee
TXN_4192665,Coffee,1,2,2,Cash,,7/15/2023,Coffee,,,,Cake
TXN_2038871,Tea,2,1.5,3,,Takeaway,7/15/2023,Tea,,,,Smoothie
TXN_7565894,Salad,1,5,5,Cash,Takeaway,7/15/2023,Salad,,,,Cookie
TXN_8340038,Tea,1,1.5,1.5,Digital Wallet,In-store,7/15/2023,Tea,,,,Smoothie
TXN_1706896,Smoothie,3,4,12,Cash,,7/15/2023,Smoothie,,,,Cookie
TXN_9053365,Cookie,1,1,1,Digital Wallet,In-store,7/15/2023,Cookie,,,,Salad
TXN_6420335,Coffee,1,2,2,Cash,Takeaway,7/16/2023,Coffee,,,,Tea
TXN_1794862,Cake,2,3,6,Cash,,7/16/2023,Cake,,,,Coffee
TXN_1872922,Smoothie,5,4,20,,In-store,7/16/2023,Smoothie,,,,Cake
TXN_6364938,Coffee,3,2,6,Digital Wallet,In-store,7/16/2023,Coffee,,,,Cookie
TXN_3680047,Salad,5,5,25,,,7/16/2023,Salad,,,,Smoothie
TXN_4205369,Salad,5,5,25,,Takeaway,7/16/2023,Salad,,,,Salad
TXN_8611913,Tea,5,1.5,7.5,Digital Wallet,In-store,7/16/2023,Tea,,,,Cake
TXN_4892303,Smoothie,4,4,16,,ERROR,7/16/2023,Smoothie,,,,Cake
TXN_5327102,Cookie,2,1,2,,,7/16/2023,Cookie,,,,Smoothie
TXN_1678985,Cake,2,3,6,Cash,In-store,7/16/2023,Cake,,,,Coffee
TXN_5293518,Smoothie,3,4,12,,In-store,7/16/2023,Smoothie,,,,Coffee
TXN_1811734,Coffee,4,2,8,,,7/16/2023,Coffee,,,,Smoothie
TXN_4343848,Cookie,5,1,5,Credit Card,Takeaway,7/16/2023,Cookie,,,,Cookie
TXN_2311186,Smoothie,3,4,12,Digital Wallet,ERROR,7/16/2023,Smoothie,,,,Cake
TXN_1736630,Tea,5,1.5,7.5,Credit Card,,7/16/2023,Tea,,,,Tea
TXN_4265056,Cake,1,3,3,Cash,,7/16/2023,Cake,,,,Salad
TXN_7420434,Coffee,4,2,8,Credit Card,Takeaway,7/16/2023,Coffee,,,,Salad
TXN_7732813,Tea,2,1.5,3,Credit Card,Takeaway,7/16/2023,Tea,,,,Smoothie
TXN_2855149,Smoothie,2,4,8,Cash,In-store,7/16/2023,Smoothie,,,,Coffee
TXN_1585329,Smoothie,4,4,16,Credit Card,,7/16/2023,Smoothie,,,,Smoothie
TXN_2361290,Salad,4,5,20,Cash,,7/16/2023,Salad,,,,Smoothie
TXN_3966911,Tea,3,1.5,4.5,Credit Card,,7/16/2023,Tea,,,,Tea
TXN_1079241,Cake,3,3,9,Digital Wallet,Takeaway,7/16/2023,Cake,,,,Smoothie
TXN_6297375,Coffee,5,2,10,,,7/16/2023,Coffee,,,,Coffee
TXN_5499117,Salad,4,5,20,Digital Wallet,UNKNOWN,7/16/2023,Salad,,,,Smoothie
TXN_1569729,Smoothie,5,4,20,Cash,Takeaway,7/16/2023,Smoothie,,,,Tea
TXN_6568307,Coffee,1,2,2,Cash,In-store,7/16/2023,Coffee,,,,Cake
TXN_6855453,Cake,4,3,12,,In-store,7/17/2023,Cake,,,,Smoothie
TXN_7837381,Smoothie,5,4,20,,Takeaway,7/17/2023,Smoothie,,,,Cake
TXN_7027905,Smoothie,1,4,4,Credit Card,In-store,7/17/2023,Smoothie,,,,Salad
TXN_7867311,Smoothie,2,4,8,,,7/17/2023,Smoothie,,,,Cake
TXN_1572930,Coffee,3,2,6,,In-store,7/17/2023,Coffee,,,,Cake
TXN_2127588,Cake,4,3,12,Cash,In-store,7/17/2023,Cake,,,,Coffee
TXN_1667192,Cake,4,3,12,UNKNOWN,Takeaway,7/17/2023,Cake,,,,Tea
TXN_3174336,Cookie,1,1,1,,,7/17/2023,Cookie,,,,Smoothie
TXN_6608817,Smoothie,5,4,20,Credit Card,Takeaway,7/17/2023,Smoothie,,,,Cookie
TXN_1895899,Smoothie,4,4,16,Credit Card,In-store,7/17/2023,Smoothie,,,,Cake
TXN_4762520,Smoothie,1,4,4,Cash,Takeaway,7/17/2023,Smoothie,,,,Cookie
TXN_1075446,Cookie,4,1,4,Credit Card,,7/17/2023,Cookie,,,,Smoothie
TXN_3241422,Salad,2,5,10,Cash,Takeaway,7/17/2023,Salad,,,,Tea
TXN_4071945,Cake,1,3,3,Cash,,7/17/2023,Cake,,,,Cake
TXN_7824739,Cookie,3,1,3,Digital Wallet,,7/17/2023,Cookie,,,,Salad
TXN_4284507,Smoothie,4,4,16,,UNKNOWN,7/17/2023,Smoothie,,,,Salad
TXN_4382802,Smoothie,1,4,4,Digital Wallet,Takeaway,7/17/2023,Smoothie,,,,Cake
TXN_4816652,Smoothie,1,4,4,UNKNOWN,UNKNOWN,7/17/2023,Smoothie,,,,Salad
TXN_7657615,Cake,3,3,9,Credit Card,,7/17/2023,Cake,,,,Cake
TXN_7992512,Smoothie,5,4,20,Credit Card,In-store,7/17/2023,Smoothie,,,,Coffee
TXN_1755817,Salad,5,5,25,Digital Wallet,Takeaway,7/17/2023,Salad,,,,Coffee
TXN_8065852,Smoothie,1,4,4,Credit Card,In-store,7/17/2023,Smoothie,,,,Smoothie
TXN_3886177,Cake,3,3,9,,Takeaway,7/17/2023,Cake,,,,Cake
TXN_9431971,Smoothie,1,4,4,Credit Card,ERROR,7/17/2023,Smoothie,,,,Smoothie
TXN_9327861,Tea,5,1.5,7.5,Credit Card,In-store,7/17/2023,Tea,,,,Coffee
TXN_5666369,Cake,2,3,6,Digital Wallet,In-store,7/17/2023,Cake,,,,Smoothie
TXN_6319728,Coffee,2,2,4,Credit Card,In-store,7/18/2023,Coffee,,,,Tea
TXN_3854285,Salad,3,5,15,Cash,Takeaway,7/18/2023,Salad,,,,Salad
TXN_7948095,Salad,5,5,25,,Takeaway,7/18/2023,Salad,,,,Smoothie
TXN_5080213,Coffee,1,2,2,Digital Wallet,,7/18/2023,Coffee,,,,Coffee
TXN_5856820,Tea,2,1.5,3,Credit Card,Takeaway,7/18/2023,Tea,,,,Cake
TXN_9117434,Cake,1,3,3,UNKNOWN,In-store,7/18/2023,Cake,,,,Tea
TXN_1854102,Coffee,2,2,4,Digital Wallet,Takeaway,7/18/2023,Coffee,,,,Salad
TXN_2564219,Salad,1,5,5,Digital Wallet,Takeaway,7/18/2023,Salad,,,,Smoothie
TXN_4543880,Salad,3,5,15,Cash,,7/18/2023,Salad,,,,Cake
TXN_8279865,Cake,1,3,3,Cash,,7/18/2023,Cake,,,,Coffee
TXN_3482117,Smoothie,2,4,8,,,7/18/2023,Smoothie,,,,Salad
TXN_1244299,Smoothie,2,4,8,Cash,Takeaway,7/18/2023,Smoothie,,,,Cookie
TXN_1269252,Cake,1,3,3,Digital Wallet,Takeaway,7/18/2023,Cake,,,,Cake
TXN_8843108,Cake,5,3,15,,,7/18/2023,Cake,,,,Cake
TXN_5241723,Coffee,3,2,6,Cash,,7/18/2023,Coffee,,,,Cake
TXN_9944141,Cake,5,3,15,Credit Card,Takeaway,7/18/2023,Cake,,,,Salad
TXN_8131533,Cake,1,3,3,Cash,In-store,7/18/2023,Cake,,,,Smoothie
TXN_3431892,Cake,2,3,6,,In-store,7/18/2023,Cake,,,,Cookie
TXN_1489194,Coffee,3,2,6,Digital Wallet,Takeaway,7/18/2023,Coffee,,,,Smoothie
TXN_2017793,Tea,3,1.5,4.5,Digital Wallet,,7/18/2023,Tea,,,,Smoothie
TXN_9983518,Tea,2,1.5,3,Credit Card,In-store,7/18/2023,Tea,,,,Coffee
TXN_8860052,Cake,5,3,15,Credit Card,Takeaway,7/18/2023,Cake,,,,Salad
TXN_9072817,Cookie,5,1,5,,Takeaway,7/18/2023,Cookie,,,,Coffee
TXN_5666241,Cookie,4,1,4,,Takeaway,7/18/2023,Cookie,,,,Smoothie
TXN_7202898,Cookie,4,1,4,ERROR,ERROR,7/18/2023,Cookie,,,,Smoothie
TXN_3645674,Tea,4,1.5,6,Cash,Takeaway,7/18/2023,Tea,,,,Cookie
TXN_3706457,Tea,5,1.5,7.5,Credit Card,Takeaway,7/18/2023,Tea,,,,Coffee
TXN_4271903,Cookie,4,1,4,Credit Card,In-store,7/19/2023,Cookie,,,,Tea
TXN_2484241,Cake,3,3,9,Digital Wallet,,7/19/2023,Cake,,,,Cookie
TXN_6269119,Cake,2,3,6,Digital Wallet,Takeaway,7/19/2023,Cake,,,,Tea
TXN_5788769,Cake,1,3,3,Cash,In-store,7/19/2023,Cake,,,,Tea
TXN_7800236,Salad,3,5,15,Digital Wallet,UNKNOWN,7/19/2023,Salad,,,,Smoothie
TXN_8284910,Smoothie,1,4,4,Cash,In-store,7/19/2023,Smoothie,,,,Cake
TXN_9202496,Cake,5,3,15,Credit Card,In-store,7/19/2023,Cake,,,,Cake
TXN_1843989,Cookie,5,1,5,,Takeaway,7/19/2023,Cookie,,,,Coffee
TXN_5458161,Smoothie,1,4,4,Digital Wallet,Takeaway,7/19/2023,Smoothie,,,,Tea
TXN_8510436,Cake,1,3,3,Digital Wallet,In-store,7/19/2023,Cake,,,,Tea
TXN_1892454,Cake,1,3,3,UNKNOWN,,7/19/2023,Cake,,,,Tea
TXN_1205610,Cookie,2,1,2,,In-store,7/19/2023,Cookie,,,,Salad
TXN_3642052,Cake,1,3,3,,Takeaway,7/19/2023,Cake,,,,Smoothie
TXN_9496791,Salad,4,5,20,Credit Card,In-store,7/19/2023,Salad,,,,Salad
TXN_8916446,Cookie,2,1,2,Cash,ERROR,7/19/2023,Cookie,,,,Cookie
TXN_9362958,Cake,1,3,3,Cash,In-store,7/19/2023,Cake,,,,Smoothie
TXN_5679935,Coffee,2,2,4,Credit Card,,7/19/2023,Coffee,,,,Tea
TXN_8477945,Cookie,4,1,4,,In-store,7/19/2023,Cookie,,,,Smoothie
TXN_6325639,Cake,3,3,9,UNKNOWN,In-store,7/19/2023,Cake,,,,Coffee
TXN_1560873,Cookie,2,1,2,UNKNOWN,Takeaway,7/19/2023,Cookie,,,,Cookie
TXN_3693990,Cookie,2,1,2,,In-store,7/19/2023,Cookie,,,,Cake
TXN_5065748,Cake,5,3,15,Credit Card,In-store,7/19/2023,Cake,,,,Smoothie
TXN_2749862,Salad,4,5,20,Digital Wallet,,7/19/2023,Salad,,,,Smoothie
TXN_4887189,Smoothie,3,4,12,Cash,Takeaway,7/19/2023,Smoothie,,,,Tea
TXN_5542500,Smoothie,3,4,12,Credit Card,,7/19/2023,Smoothie,,,,Smoothie
TXN_1427485,Coffee,3,2,6,Credit Card,,7/19/2023,Coffee,,,,Cookie
TXN_8818168,Cake,4,3,12,Digital Wallet,,7/20/2023,Cake,,,,Cake
TXN_9497634,Cake,3,3,9,Cash,,7/20/2023,Cake,,,,Cake
TXN_6129205,Smoothie,5,4,20,Cash,In-store,7/20/2023,Smoothie,,,,Coffee
TXN_6802372,Cake,3,3,9,,In-store,7/20/2023,Cake,,,,Cake
TXN_6009395,Smoothie,4,4,16,Cash,In-store,7/20/2023,Smoothie,,,,Salad
TXN_5485774,Coffee,2,2,4,Credit Card,,7/20/2023,Coffee,,,,Salad
TXN_2468359,Salad,2,5,10,,,7/20/2023,Salad,,,,Smoothie
TXN_6012446,Smoothie,4,4,16,Cash,Takeaway,7/20/2023,Smoothie,,,,Smoothie
TXN_9284099,Cake,2,3,6,Digital Wallet,In-store,7/20/2023,Cake,,,,Smoothie
TXN_5647773,Salad,2,5,10,,In-store,7/20/2023,Salad,,,,Smoothie
TXN_7416880,Cake,1,3,3,Credit Card,In-store,7/20/2023,Cake,,,,Tea
TXN_3459927,Cookie,5,1,5,Digital Wallet,In-store,7/20/2023,Cookie,,,,Smoothie
TXN_6674257,Smoothie,3,4,12,Cash,Takeaway,7/20/2023,Smoothie,,,,Cake
TXN_4956012,Smoothie,1,4,4,,In-store,7/20/2023,Smoothie,,,,Coffee
TXN_1467546,Cookie,3,1,3,,Takeaway,7/20/2023,Cookie,,,,Coffee
TXN_6738137,Coffee,4,2,8,,,7/20/2023,Coffee,,,,Cookie
TXN_9921708,Cake,1,3,3,Cash,Takeaway,7/20/2023,Cake,,,,Cookie
TXN_9597063,Coffee,2,2,4,Digital Wallet,In-store,7/20/2023,Coffee,,,,Coffee
TXN_3238759,Smoothie,5,4,20,Digital Wallet,In-store,7/20/2023,Smoothie,,,,Salad
TXN_2559020,Cake,1,3,3,Digital Wallet,Takeaway,7/20/2023,Cake,,,,Cake
TXN_6283718,Smoothie,3,4,12,Digital Wallet,Takeaway,7/20/2023,Smoothie,,,,Salad
TXN_5750248,Salad,4,5,20,Digital Wallet,In-store,7/20/2023,Salad,,,,Salad
TXN_4096757,Salad,5,5,25,Credit Card,In-store,7/20/2023,Salad,,,,Tea
TXN_2201248,Tea,1,1.5,1.5,Cash,Takeaway,7/20/2023,Tea,,,,Tea
TXN_5351447,Salad,4,5,20,,,7/20/2023,Salad,,,,Smoothie
TXN_7353699,Tea,5,1.5,7.5,Digital Wallet,,7/20/2023,Tea,,,,Cookie
TXN_4579086,Cake,2,3,6,Credit Card,In-store,7/20/2023,Cake,,,,Coffee
TXN_2271705,Tea,5,1.5,7.5,,,7/20/2023,Tea,,,,Cake
TXN_6482416,Coffee,1,2,2,,UNKNOWN,7/20/2023,Coffee,,,,Smoothie
TXN_9933628,Smoothie,5,4,20,Cash,In-store,7/20/2023,Smoothie,,,,Cake
TXN_3629351,Cake,1,3,3,Digital Wallet,,7/21/2023,Cake,,,,Smoothie
TXN_1282260,Smoothie,5,4,20,Digital Wallet,UNKNOWN,7/21/2023,Smoothie,,,,Smoothie
TXN_9691018,Smoothie,2,4,8,Digital Wallet,UNKNOWN,7/21/2023,Smoothie,,,,Smoothie
TXN_8186625,Cookie,1,1,1,Digital Wallet,Takeaway,7/21/2023,Cookie,,,,Cake
TXN_4084548,Salad,2,5,10,Cash,In-store,7/21/2023,Salad,,,,Tea
TXN_1454730,Coffee,5,2,10,,Takeaway,7/21/2023,Coffee,,,,Smoothie
TXN_6112765,Coffee,2,2,4,Credit Card,Takeaway,7/21/2023,Coffee,,,,Cake
TXN_9207050,Cookie,5,1,5,Digital Wallet,In-store,7/21/2023,Cookie,,,,Smoothie
TXN_1533790,Cake,4,3,12,Digital Wallet,Takeaway,7/21/2023,Cake,,,,Coffee
TXN_6496099,Coffee,5,2,10,Digital Wallet,,7/21/2023,Coffee,,,,Cookie
TXN_4076631,Cake,4,3,12,Cash,In-store,7/21/2023,Cake,,,,Coffee
TXN_8680875,Tea,2,1.5,3,Cash,Takeaway,7/21/2023,Tea,,,,Cake
TXN_9643918,Cookie,3,1,3,Credit Card,In-store,7/21/2023,Cookie,,,,Cake
TXN_7792223,Smoothie,3,4,12,Credit Card,,7/21/2023,Smoothie,,,,Cake
TXN_6853142,Smoothie,3,4,12,Cash,ERROR,7/21/2023,Smoothie,,,,Smoothie
TXN_3086676,Cake,2,3,6,Cash,UNKNOWN,7/21/2023,Cake,,,,Salad
TXN_6373380,Coffee,4,2,8,Cash,In-store,7/21/2023,Coffee,,,,Smoothie
TXN_1495371,Smoothie,2,4,8,Credit Card,Takeaway,7/21/2023,Smoothie,,,,Tea
TXN_4413776,Coffee,5,2,10,Cash,Takeaway,7/21/2023,Coffee,,,,Cookie
TXN_2156128,Smoothie,1,4,4,Digital Wallet,In-store,7/21/2023,Smoothie,,,,Smoothie
TXN_1523626,Cake,4,3,12,UNKNOWN,Takeaway,7/21/2023,Cake,,,,Salad
TXN_8030379,Salad,4,5,20,Cash,In-store,7/21/2023,Salad,,,,Cake
TXN_6142529,Tea,5,1.5,7.5,Credit Card,In-store,7/21/2023,Tea,,,,Smoothie
TXN_4699911,Coffee,2,2,4,Digital Wallet,Takeaway,7/21/2023,Coffee,,,,Salad
TXN_5188872,Cake,3,3,9,,In-store,7/21/2023,Cake,,,,Smoothie
TXN_1828494,Cake,2,3,6,Digital Wallet,Takeaway,7/21/2023,Cake,,,,Coffee
TXN_6732833,Salad,1,5,5,Digital Wallet,In-store,7/21/2023,Salad,,,,Smoothie
TXN_2193333,Coffee,4,2,8,,Takeaway,7/21/2023,Coffee,,,,Tea
TXN_9339037,Cookie,2,1,2,,Takeaway,7/21/2023,Cookie,,,,Cake
TXN_3182191,Cake,5,3,15,Digital Wallet,,7/21/2023,Cake,,,,Cake
TXN_9162014,Cake,1,3,3,Cash,,7/21/2023,Cake,,,,Cake
TXN_1556609,Smoothie,1,4,4,Digital Wallet,,7/21/2023,Smoothie,,,,Tea
TXN_4775220,Cake,3,3,9,,Takeaway,7/21/2023,Cake,,,,Cake
TXN_6014389,Cookie,5,1,5,Credit Card,In-store,7/21/2023,Cookie,,,,Cookie
TXN_8977555,Cake,2,3,6,Cash,,7/21/2023,Cake,,,,Cookie
TXN_7661094,Salad,4,5,20,Cash,,7/21/2023,Salad,,,,Coffee
TXN_7910956,Coffee,5,2,10,Digital Wallet,In-store,7/21/2023,Coffee,,,,Salad
TXN_8807429,Cookie,4,1,4,Digital Wallet,,7/21/2023,Cookie,,,,Tea
TXN_5422843,Smoothie,2,4,8,Cash,In-store,7/21/2023,Smoothie,,,,Cake
TXN_8129834,Salad,1,5,5,Cash,,7/22/2023,Salad,,,,Salad
TXN_3397609,Smoothie,2,4,8,Digital Wallet,In-store,7/22/2023,Smoothie,,,,Coffee
TXN_8034156,Smoothie,1,4,4,Cash,In-store,7/22/2023,Smoothie,,,,Smoothie
TXN_7679707,Tea,1,1.5,1.5,Credit Card,In-store,7/22/2023,Tea,,,,Cake
TXN_5614488,Smoothie,1,4,4,Credit Card,Takeaway,7/22/2023,Smoothie,,,,Cake
TXN_9769410,Salad,1,5,5,Cash,In-store,7/22/2023,Salad,,,,Cookie
TXN_1437275,Coffee,3,2,6,Credit Card,,7/22/2023,Coffee,,,,Cake
TXN_8616276,Tea,2,1.5,3,Digital Wallet,Takeaway,7/22/2023,Tea,,,,Smoothie
TXN_9638367,Coffee,1,2,2,UNKNOWN,,7/22/2023,Coffee,,,,Salad
TXN_1702434,Smoothie,3,4,12,Digital Wallet,,7/22/2023,Smoothie,,,,Tea
TXN_2446874,Cake,4,3,12,Credit Card,,7/22/2023,Cake,,,,Smoothie
TXN_6577619,Salad,3,5,15,Credit Card,In-store,7/22/2023,Salad,,,,Tea
TXN_4972634,Smoothie,5,4,20,Credit Card,In-store,7/22/2023,Smoothie,,,,Cake
TXN_6866644,Smoothie,1,4,4,,,7/22/2023,Smoothie,,,,Cake
TXN_2169664,Smoothie,1,4,4,Cash,,7/23/2023,Smoothie,,,,Smoothie
TXN_5787508,Cake,3,3,9,Credit Card,Takeaway,7/23/2023,Cake,,,,Cake
TXN_7940202,Smoothie,1,4,4,Digital Wallet,,7/23/2023,Smoothie,,,,Salad
TXN_4135454,Smoothie,4,4,16,,In-store,7/23/2023,Smoothie,,,,Coffee
TXN_4798534,Salad,5,5,25,Digital Wallet,Takeaway,7/23/2023,Salad,,,,Cake
TXN_3359704,Salad,3,5,15,Digital Wallet,In-store,7/23/2023,Salad,,,,Cake
TXN_8715515,Cake,5,3,15,Credit Card,Takeaway,7/23/2023,Cake,,,,Smoothie
TXN_1622411,Salad,2,5,10,UNKNOWN,Takeaway,7/23/2023,Salad,,,,Smoothie
TXN_6853678,Cookie,4,1,4,Digital Wallet,,7/23/2023,Cookie,,,,Smoothie
TXN_3160090,Salad,1,5,5,,Takeaway,7/23/2023,Salad,,,,Coffee
TXN_8941438,Cake,4,3,12,Digital Wallet,,7/23/2023,Cake,,,,Coffee
TXN_4814965,Salad,2,5,10,Digital Wallet,,7/23/2023,Salad,,,,Coffee
TXN_2445017,Tea,5,1.5,7.5,,Takeaway,7/23/2023,Tea,,,,Coffee
TXN_3982257,Coffee,2,2,4,Digital Wallet,,7/23/2023,Coffee,,,,Cake
TXN_6748199,Salad,2,5,10,Cash,,7/23/2023,Salad,,,,Coffee
TXN_7442492,Salad,5,5,25,Credit Card,Takeaway,7/23/2023,Salad,,,,Cake
TXN_4214066,Cake,2,3,6,,In-store,7/23/2023,Cake,,,,Cake
TXN_9522690,Cookie,4,1,4,Credit Card,In-store,7/23/2023,Cookie,,,,Smoothie
TXN_3646359,Salad,2,5,10,Credit Card,,7/23/2023,Salad,,,,Coffee
TXN_6027923,Salad,1,5,5,Digital Wallet,Takeaway,7/23/2023,Salad,,,,Coffee
TXN_6179190,Coffee,1,2,2,,Takeaway,7/23/2023,Coffee,,,,Tea
TXN_1464694,Smoothie,1,4,4,,In-store,7/23/2023,Smoothie,,,,Cake
TXN_8850815,Smoothie,5,4,20,,,7/23/2023,Smoothie,,,,Tea
TXN_9525078,Salad,5,5,25,ERROR,Takeaway,7/23/2023,Salad,,,,Tea
TXN_3377626,Cookie,5,1,5,Cash,In-store,7/23/2023,Cookie,,,,Smoothie
TXN_8010562,Smoothie,1,4,4,Cash,,7/23/2023,Smoothie,,,,Cookie
TXN_7125395,Salad,1,5,5,Cash,Takeaway,7/23/2023,Salad,,,,Salad
TXN_6403012,Cake,5,3,15,Cash,In-store,7/23/2023,Cake,,,,Tea
TXN_4498370,Smoothie,4,4,16,ERROR,,7/24/2023,Smoothie,,,,Cookie
TXN_8776606,Salad,4,5,20,Digital Wallet,Takeaway,7/24/2023,Salad,,,,Salad
TXN_2178735,Cake,3,3,9,Credit Card,Takeaway,7/24/2023,Cake,,,,Smoothie
TXN_2156218,Smoothie,2,4,8,Digital Wallet,In-store,7/24/2023,Smoothie,,,,Tea
TXN_5985451,Smoothie,2,4,8,,,7/24/2023,Smoothie,,,,Cookie
TXN_5072156,Tea,3,1.5,4.5,Digital Wallet,Takeaway,7/24/2023,Tea,,,,Salad
TXN_7510766,Coffee,3,2,6,,In-store,7/24/2023,Coffee,,,,Salad
TXN_2886223,Smoothie,5,4,20,Credit Card,,7/24/2023,Smoothie,,,,Cake
TXN_1228652,Salad,1,5,5,Cash,In-store,7/24/2023,Salad,,,,Cake
TXN_4219548,Coffee,5,2,10,,Takeaway,7/24/2023,Coffee,,,,Smoothie
TXN_3353615,Coffee,4,2,8,Credit Card,Takeaway,7/24/2023,Coffee,,,,Cookie
TXN_8345092,Smoothie,1,4,4,Credit Card,ERROR,7/24/2023,Smoothie,,,,Smoothie
TXN_5067216,Salad,4,5,20,,Takeaway,7/24/2023,Salad,,,,Cake
TXN_7952153,Smoothie,2,4,8,Digital Wallet,,7/24/2023,Smoothie,,,,Cookie
TXN_1303984,Salad,4,5,20,Digital Wallet,,7/24/2023,Salad,,,,Smoothie
TXN_1231531,Coffee,5,2,10,Digital Wallet,In-store,7/24/2023,Coffee,,,,Smoothie
TXN_7430227,Cake,3,3,9,Cash,In-store,7/24/2023,Cake,,,,Salad
TXN_2601923,Cake,4,3,12,Cash,Takeaway,7/24/2023,Cake,,,,Tea
TXN_1650385,Smoothie,1,4,4,ERROR,,7/24/2023,Smoothie,,,,Salad
TXN_2257337,Cookie,4,1,4,Cash,ERROR,7/24/2023,Cookie,,,,Cookie
TXN_7144740,Cake,4,3,12,,,7/24/2023,Cake,,,,Coffee
TXN_1950008,Smoothie,4,4,16,Digital Wallet,In-store,7/24/2023,Smoothie,,,,Salad
TXN_9872258,Cake,4,3,12,Cash,Takeaway,7/24/2023,Cake,,,,Salad
TXN_6748374,Salad,1,5,5,Credit Card,Takeaway,7/24/2023,Salad,,,,Smoothie
TXN_3994585,Cake,3,3,9,Digital Wallet,In-store,7/24/2023,Cake,,,,Salad
TXN_7621512,Salad,4,5,20,Digital Wallet,In-store,7/24/2023,Salad,,,,Cake
TXN_4039864,Cake,2,3,6,Cash,In-store,7/24/2023,Cake,,,,Smoothie
TXN_4064310,Tea,4,1.5,6,Cash,Takeaway,7/24/2023,Tea,,,,Tea
TXN_4023091,Smoothie,3,4,12,Credit Card,,7/24/2023,Smoothie,,,,Tea
TXN_1701798,Coffee,2,2,4,Cash,Takeaway,7/24/2023,Coffee,,,,Coffee
TXN_8697749,Cookie,3,1,3,,Takeaway,7/24/2023,Cookie,,,,Cake
TXN_6405088,Cake,1,3,3,,In-store,7/24/2023,Cake,,,,Cookie
TXN_5561958,Smoothie,4,4,16,Digital Wallet,,7/24/2023,Smoothie,,,,Smoothie
TXN_8013818,Tea,2,1.5,3,,UNKNOWN,7/24/2023,Tea,,,,Smoothie
TXN_6704173,Smoothie,2,4,8,Credit Card,,7/24/2023,Smoothie,,,,Coffee
TXN_6960459,Coffee,1,2,2,Credit Card,In-store,7/24/2023,Coffee,,,,Coffee
TXN_5341204,Coffee,1,2,2,,,7/24/2023,Coffee,,,,Coffee
TXN_8419805,Cake,5,3,15,,In-store,7/24/2023,Cake,,,,Smoothie
TXN_3092390,Smoothie,3,4,12,,In-store,7/24/2023,Smoothie,,,,Cookie
TXN_8779771,Coffee,4,2,8,Cash,In-store,7/25/2023,Coffee,,,,Tea
TXN_1910957,Tea,5,1.5,7.5,,Takeaway,7/25/2023,Tea,,,,Coffee
TXN_3865224,Coffee,3,2,6,,,7/25/2023,Coffee,,,,Smoothie
TXN_2914953,Cake,2,3,6,Cash,In-store,7/25/2023,Cake,,,,Cake
TXN_7454894,Tea,1,1.5,1.5,Cash,Takeaway,7/25/2023,Tea,,,,Salad
TXN_7514589,Cake,3,3,9,Cash,Takeaway,7/25/2023,Cake,,,,Smoothie
TXN_8838566,Cake,5,3,15,Digital Wallet,In-store,7/25/2023,Cake,,,,Cake
TXN_7905853,Cookie,4,1,4,Digital Wallet,,7/25/2023,Cookie,,,,Cake
TXN_5516374,Smoothie,2,4,8,,In-store,7/25/2023,Smoothie,,,,Smoothie
TXN_9360886,Smoothie,1,4,4,UNKNOWN,,7/25/2023,Smoothie,,,,Cake
TXN_9514996,Smoothie,2,4,8,Credit Card,Takeaway,7/25/2023,Smoothie,,,,Cake
TXN_1950343,Cookie,2,1,2,ERROR,,7/25/2023,Cookie,,,,Coffee
TXN_8879936,Cake,5,3,15,,Takeaway,7/25/2023,Cake,,,,Cookie
TXN_6156180,Coffee,5,2,10,Cash,,7/25/2023,Coffee,,,,Cookie
TXN_9968943,Smoothie,1,4,4,Digital Wallet,ERROR,7/25/2023,Smoothie,,,,Cookie
TXN_4656387,Cookie,2,1,2,Digital Wallet,,7/25/2023,Cookie,,,,Cookie
TXN_1310741,Smoothie,3,4,12,,Takeaway,7/25/2023,Smoothie,,,,Coffee
TXN_8166407,Smoothie,2,4,8,,,7/26/2023,Smoothie,,,,Coffee
TXN_2176727,Tea,1,1.5,1.5,,Takeaway,7/26/2023,Tea,,,,Tea
TXN_2699583,Smoothie,5,4,20,Digital Wallet,In-store,7/26/2023,Smoothie,,,,Coffee
TXN_6669163,Cookie,1,1,1,Credit Card,Takeaway,7/26/2023,Cookie,,,,Cookie
TXN_8669012,Tea,3,1.5,4.5,Digital Wallet,,7/26/2023,Tea,,,,Cake
TXN_1542042,Cake,4,3,12,Credit Card,Takeaway,7/26/2023,Cake,,,,Cookie
TXN_8132632,Tea,3,1.5,4.5,,UNKNOWN,7/26/2023,Tea,,,,Coffee
TXN_9432588,Coffee,5,2,10,,,7/26/2023,Coffee,,,,Cookie
TXN_1589264,Salad,2,5,10,Cash,,7/26/2023,Salad,,,,Tea
TXN_2277013,Smoothie,3,4,12,,,7/26/2023,Smoothie,,,,Cookie
TXN_6177081,Cookie,1,1,1,Cash,ERROR,7/26/2023,Cookie,,,,Coffee
TXN_7762815,Smoothie,5,4,20,Credit Card,,7/26/2023,Smoothie,,,,Tea
TXN_5747642,Salad,2,5,10,Cash,Takeaway,7/26/2023,Salad,,,,Tea
TXN_6348409,Salad,3,5,15,Credit Card,Takeaway,7/26/2023,Salad,,,,Smoothie
TXN_2609762,Coffee,5,2,10,,Takeaway,7/26/2023,Coffee,,,,Smoothie
TXN_7844352,Cake,2,3,6,Credit Card,,7/26/2023,Cake,,,,Salad
TXN_2220389,Salad,4,5,20,Credit Card,UNKNOWN,7/26/2023,Salad,,,,Smoothie
TXN_7332957,Smoothie,5,4,20,Digital Wallet,,7/26/2023,Smoothie,,,,Cake
TXN_7939659,Cake,3,3,9,Digital Wallet,Takeaway,7/26/2023,Cake,,,,Smoothie
TXN_3557583,Smoothie,5,4,20,Credit Card,ERROR,7/26/2023,Smoothie,,,,Coffee
TXN_7854253,Coffee,4,2,8,Cash,,7/26/2023,Coffee,,,,Tea
TXN_9949241,Salad,1,5,5,,In-store,7/26/2023,Salad,,,,Smoothie
TXN_4377249,Coffee,3,2,6,Digital Wallet,,7/26/2023,Coffee,,,,Cookie
TXN_4649079,Cookie,4,1,4,,Takeaway,7/26/2023,Cookie,,,,Salad
TXN_3744962,Salad,1,5,5,,In-store,7/26/2023,Salad,,,,Salad
TXN_3641356,Cake,3,3,9,Credit Card,In-store,7/26/2023,Cake,,,,Salad
TXN_6496176,Cookie,4,1,4,,In-store,7/26/2023,Cookie,,,,Coffee
TXN_8154928,Tea,3,1.5,4.5,Credit Card,,7/26/2023,Tea,,,,Cake
TXN_2389320,Coffee,2,2,4,,Takeaway,7/26/2023,Coffee,,,,Salad
TXN_6683798,Cookie,1,1,1,Digital Wallet,Takeaway,7/26/2023,Cookie,,,,Cake
TXN_2053125,Salad,1,5,5,Digital Wallet,,7/26/2023,Salad,,,,Coffee
TXN_8352416,Salad,1,5,5,Digital Wallet,In-store,7/26/2023,Salad,,,,Tea
TXN_6334895,Smoothie,1,4,4,Credit Card,ERROR,7/27/2023,Smoothie,,,,Salad
TXN_1040764,Coffee,3,2,6,Cash,Takeaway,7/27/2023,Coffee,,,,Salad
TXN_3008336,Smoothie,5,4,20,Credit Card,,7/27/2023,Smoothie,,,,Cake
TXN_7754428,Cookie,2,1,2,,In-store,7/27/2023,Cookie,,,,Smoothie
TXN_9782087,Smoothie,4,4,16,Credit Card,In-store,7/27/2023,Smoothie,,,,Coffee
TXN_8421481,Coffee,4,2,8,Digital Wallet,Takeaway,7/27/2023,Coffee,,,,Cake
TXN_7918317,Tea,1,1.5,1.5,Credit Card,,7/27/2023,Tea,,,,Cake
TXN_4892165,Cake,3,3,9,Cash,In-store,7/27/2023,Cake,,,,Cookie
TXN_4587806,Cookie,4,1,4,ERROR,,7/27/2023,Cookie,,,,Tea
TXN_7021722,Tea,3,1.5,4.5,,Takeaway,7/27/2023,Tea,,,,Smoothie
TXN_2158361,Cake,2,3,6,,,7/27/2023,Cake,,,,Smoothie
TXN_8538315,Coffee,1,2,2,Digital Wallet,,7/27/2023,Coffee,,,,Smoothie
TXN_3281605,Tea,1,1.5,1.5,,Takeaway,7/27/2023,Tea,,,,Tea
TXN_2196926,Cake,2,3,6,Digital Wallet,UNKNOWN,7/27/2023,Cake,,,,Coffee
TXN_7403963,Smoothie,4,4,16,Cash,In-store,7/27/2023,Smoothie,,,,Tea
TXN_3185929,Salad,3,5,15,,Takeaway,7/27/2023,Salad,,,,Tea
TXN_4717715,Smoothie,3,4,12,Digital Wallet,,7/27/2023,Smoothie,,,,Tea
TXN_3142496,Smoothie,1,4,4,Cash,Takeaway,7/27/2023,Smoothie,,,,Cookie
TXN_4717867,Cake,5,3,15,,Takeaway,7/28/2023,Cake,,,,Salad
TXN_7701070,Coffee,5,2,10,Credit Card,Takeaway,7/28/2023,Coffee,,,,Cookie
TXN_3468006,Smoothie,3,4,12,Credit Card,Takeaway,7/28/2023,Smoothie,,,,Smoothie
TXN_9847116,Salad,3,5,15,Cash,Takeaway,7/28/2023,Salad,,,,Cookie
TXN_3892344,Cookie,2,1,2,,,7/28/2023,Cookie,,,,Cake
TXN_2202863,Salad,5,5,25,,,7/28/2023,Salad,,,,Smoothie
TXN_3274105,Cookie,5,1,5,Credit Card,Takeaway,7/28/2023,Cookie,,,,Smoothie
TXN_6401072,Smoothie,4,4,16,Cash,Takeaway,7/28/2023,Smoothie,,,,Salad
TXN_1217959,Cake,2,3,6,Digital Wallet,Takeaway,7/28/2023,Cake,,,,Smoothie
TXN_4860027,Cookie,5,1,5,Digital Wallet,Takeaway,7/28/2023,Cookie,,,,Tea
TXN_2114182,Cookie,3,1,3,Digital Wallet,UNKNOWN,7/28/2023,Cookie,,,,Smoothie
TXN_5616473,Smoothie,4,4,16,Cash,ERROR,7/28/2023,Smoothie,,,,Cake
TXN_1436851,Smoothie,5,4,20,Cash,Takeaway,7/28/2023,Smoothie,,,,Salad
TXN_7124156,Salad,1,5,5,Credit Card,Takeaway,7/28/2023,Salad,,,,Smoothie
TXN_6160209,Salad,3,5,15,,In-store,7/28/2023,Salad,,,,Tea
TXN_3182547,Cake,3,3,9,Digital Wallet,Takeaway,7/28/2023,Cake,,,,Cake
TXN_8252793,Cookie,4,1,4,Digital Wallet,,7/28/2023,Cookie,,,,Smoothie
TXN_9732454,Smoothie,5,4,20,,In-store,7/28/2023,Smoothie,,,,Smoothie
TXN_9563685,Salad,1,5,5,Credit Card,,7/28/2023,Salad,,,,Smoothie
TXN_4428486,Smoothie,1,4,4,UNKNOWN,,7/28/2023,Smoothie,,,,Cake
TXN_9719921,Salad,5,5,25,Credit Card,,7/28/2023,Salad,,,,Salad
TXN_6695451,Salad,1,5,5,Credit Card,ERROR,7/28/2023,Salad,,,,Smoothie
TXN_9043894,Cake,1,3,3,Digital Wallet,,7/28/2023,Cake,,,,Cake
TXN_4437520,Smoothie,3,4,12,Credit Card,,7/28/2023,Smoothie,,,,Cake
TXN_4751689,Smoothie,5,4,20,Cash,In-store,7/28/2023,Smoothie,,,,Cookie
TXN_4049270,Coffee,5,2,10,Digital Wallet,In-store,7/28/2023,Coffee,,,,Smoothie
TXN_1666190,Smoothie,4,4,16,,Takeaway,7/28/2023,Smoothie,,,,Cake
TXN_8532735,Coffee,2,2,4,Cash,Takeaway,7/28/2023,Coffee,,,,Smoothie
TXN_1488481,Coffee,4,2,8,Credit Card,Takeaway,7/28/2023,Coffee,,,,Cake
TXN_3234877,Coffee,4,2,8,Cash,Takeaway,7/29/2023,Coffee,,,,Coffee
TXN_8199829,Cake,2,3,6,Credit Card,,7/29/2023,Cake,,,,Cookie
TXN_2190793,Cookie,4,1,4,Credit Card,Takeaway,7/29/2023,Cookie,,,,Smoothie
TXN_8361255,Cake,3,3,9,Cash,Takeaway,7/29/2023,Cake,,,,Salad
TXN_5031214,Cookie,5,1,5,,Takeaway,7/29/2023,Cookie,,,,Cookie
TXN_8050034,Cookie,4,1,4,,In-store,7/29/2023,Cookie,,,,Cake
TXN_9087344,Tea,5,1.5,7.5,Cash,UNKNOWN,7/29/2023,Tea,,,,Smoothie
TXN_2814866,Smoothie,1,4,4,Digital Wallet,In-store,7/29/2023,Smoothie,,,,Cake
TXN_1926278,Cookie,1,1,1,Credit Card,,7/29/2023,Cookie,,,,Smoothie
TXN_7075261,Cake,1,3,3,,,7/29/2023,Cake,,,,Cookie
TXN_7932127,Coffee,3,2,6,,,7/29/2023,Coffee,,,,Smoothie
TXN_6202631,Tea,2,1.5,3,Digital Wallet,Takeaway,7/29/2023,Tea,,,,Smoothie
TXN_2538739,Salad,2,5,10,,In-store,7/29/2023,Salad,,,,Cake
TXN_7920897,Salad,2,5,10,,In-store,7/29/2023,Salad,,,,Smoothie
TXN_5926025,Smoothie,2,4,8,Digital Wallet,,7/29/2023,Smoothie,,,,Tea
TXN_9514452,Coffee,5,2,10,Credit Card,Takeaway,7/29/2023,Coffee,,,,Smoothie
TXN_3091574,Cookie,5,1,5,ERROR,In-store,7/29/2023,Cookie,,,,Salad
TXN_1171080,Smoothie,3,4,12,Credit Card,,7/29/2023,Smoothie,,,,Cake
TXN_9587704,Cake,5,3,15,Cash,Takeaway,7/29/2023,Cake,,,,Tea
TXN_7116267,Smoothie,4,4,16,UNKNOWN,,7/29/2023,Smoothie,,,,Cake
TXN_8917809,Salad,5,5,25,Cash,,7/29/2023,Salad,,,,Coffee
TXN_6067979,Smoothie,1,4,4,Credit Card,In-store,7/29/2023,Smoothie,,,,Tea
TXN_7341975,Cake,2,3,6,Digital Wallet,,7/29/2023,Cake,,,,Coffee
TXN_1256851,Smoothie,4,4,16,UNKNOWN,In-store,7/29/2023,Smoothie,,,,Smoothie
TXN_4856060,Cake,1,3,3,Cash,,7/29/2023,Cake,,,,Cake
TXN_1360998,Cookie,2,1,2,Cash,Takeaway,7/30/2023,Cookie,,,,Smoothie
TXN_2340312,Cake,4,3,12,UNKNOWN,Takeaway,7/30/2023,Cake,,,,Cookie
TXN_8226226,Smoothie,1,4,4,,In-store,7/30/2023,Smoothie,,,,Smoothie
TXN_1214868,Cake,4,3,12,Cash,In-store,7/30/2023,Cake,,,,Cake
TXN_9720549,Cookie,1,1,1,Credit Card,In-store,7/30/2023,Cookie,,,,Cake
TXN_4163149,Salad,1,5,5,Cash,,7/30/2023,Salad,,,,Smoothie
TXN_2647425,Cake,4,3,12,Credit Card,ERROR,7/30/2023,Cake,,,,Smoothie
TXN_7151374,Tea,4,1.5,6,Credit Card,In-store,7/30/2023,Tea,,,,Cake
TXN_3341779,Tea,3,1.5,4.5,Cash,Takeaway,7/30/2023,Tea,,,,Cookie
TXN_8685281,Tea,1,1.5,1.5,Digital Wallet,In-store,7/30/2023,Tea,,,,Coffee
TXN_6990331,Cake,1,3,3,Digital Wallet,,7/30/2023,Cake,,,,Salad
TXN_3439155,Salad,3,5,15,,Takeaway,7/30/2023,Salad,,,,Smoothie
TXN_6849062,Coffee,5,2,10,Cash,,7/30/2023,Coffee,,,,Coffee
TXN_2381411,Coffee,5,2,10,Cash,In-store,7/30/2023,Coffee,,,,Cookie
TXN_1837764,Tea,3,1.5,4.5,Cash,In-store,7/30/2023,Tea,,,,Cake
TXN_9238666,Cookie,1,1,1,ERROR,Takeaway,7/31/2023,Cookie,,,,Cookie
TXN_8049191,Cake,3,3,9,Credit Card,ERROR,7/31/2023,Cake,,,,Salad
TXN_3656762,Smoothie,2,4,8,,Takeaway,7/31/2023,Smoothie,,,,Coffee
TXN_9166449,Cookie,4,1,4,,Takeaway,7/31/2023,Cookie,,,,Smoothie
TXN_5460750,Cake,3,3,9,Credit Card,,7/31/2023,Cake,,,,Cookie
TXN_9972525,Coffee,4,2,8,,,7/31/2023,Coffee,,,,Cake
TXN_6684202,Smoothie,1,4,4,,,7/31/2023,Smoothie,,,,Cake
TXN_2452819,Cookie,3,1,3,Credit Card,In-store,7/31/2023,Cookie,,,,Salad
TXN_5352739,Smoothie,4,4,16,,,7/31/2023,Smoothie,,,,Cake
TXN_8379815,Smoothie,5,4,20,Credit Card,,7/31/2023,Smoothie,,,,Salad
TXN_1424056,Smoothie,1,4,4,Cash,,7/31/2023,Smoothie,,,,Smoothie
TXN_9086163,Cookie,2,1,2,Digital Wallet,ERROR,7/31/2023,Cookie,,,,Cookie
TXN_1123346,Tea,3,1.5,4.5,,,7/31/2023,Tea,,,,Smoothie
TXN_9653377,Smoothie,2,4,8,ERROR,Takeaway,7/31/2023,Smoothie,,,,Smoothie
TXN_8748070,Cookie,2,1,2,Credit Card,In-store,7/31/2023,Cookie,,,,Tea
TXN_8830809,Smoothie,5,4,20,Digital Wallet,In-store,7/31/2023,Smoothie,,,,Cake
TXN_1698600,Salad,4,5,20,Cash,Takeaway,7/31/2023,Salad,,,,Cake
TXN_5654663,Cake,1,3,3,ERROR,Takeaway,7/31/2023,Cake,,,,Coffee
TXN_6697374,Smoothie,2,4,8,,,7/31/2023,Smoothie,,,,Cake
TXN_7215311,Tea,1,1.5,1.5,,,7/31/2023,Tea,,,,Smoothie
TXN_3426338,Salad,1,5,5,Cash,In-store,7/31/2023,Salad,,,,Tea
TXN_7153665,Salad,5,5,25,Cash,In-store,7/31/2023,Salad,,,,Smoothie
TXN_5654331,Coffee,4,2,8,Cash,In-store,7/31/2023,Coffee,,,,Cake
TXN_8199561,Cookie,4,1,4,UNKNOWN,,7/31/2023,Cookie,,,,Cake
TXN_1784478,Cake,5,3,15,Cash,,7/31/2023,Cake,,,,Tea
TXN_7146613,Smoothie,1,4,4,Cash,ERROR,8/1/2023,Smoothie,,,,Salad
TXN_3520908,Smoothie,3,4,12,Digital Wallet,ERROR,8/1/2023,Smoothie,,,,Cake
TXN_4068183,Smoothie,4,4,16,Digital Wallet,,8/1/2023,Smoothie,,,,Tea
TXN_2106437,Tea,1,1.5,1.5,Cash,Takeaway,8/1/2023,Tea,,,,Cookie
TXN_4386732,Smoothie,4,4,16,Cash,,8/1/2023,Smoothie,,,,Smoothie
TXN_8361813,Cookie,3,1,3,Cash,In-store,8/1/2023,Cookie,,,,Smoothie
TXN_3397978,Smoothie,5,4,20,Digital Wallet,In-store,8/1/2023,Smoothie,,,,Coffee
TXN_1769466,Coffee,5,2,10,Digital Wallet,Takeaway,8/1/2023,Coffee,,,,Coffee
TXN_1295824,Tea,1,1.5,1.5,Credit Card,,8/1/2023,Tea,,,,Cookie
TXN_4248711,Smoothie,1,4,4,Cash,,8/1/2023,Smoothie,,,,Tea
TXN_2649010,Tea,4,1.5,6,Cash,Takeaway,8/1/2023,Tea,,,,Smoothie
TXN_6680963,Smoothie,2,4,8,Credit Card,Takeaway,8/1/2023,Smoothie,,,,Cake
TXN_9564495,Cake,4,3,12,Digital Wallet,,8/1/2023,Cake,,,,Tea
TXN_4985415,Tea,4,1.5,6,Digital Wallet,,8/1/2023,Tea,,,,Smoothie
TXN_3003311,Cake,5,3,15,Digital Wallet,In-store,8/1/2023,Cake,,,,Cake
TXN_8687294,Smoothie,3,4,12,Credit Card,,8/1/2023,Smoothie,,,,Cookie
TXN_4375708,Smoothie,4,4,16,Credit Card,Takeaway,8/1/2023,Smoothie,,,,Tea
TXN_7202644,Smoothie,5,4,20,,Takeaway,8/1/2023,Smoothie,,,,Smoothie
TXN_2336857,Cake,3,3,9,Cash,In-store,8/2/2023,Cake,,,,Cookie
TXN_5632156,Smoothie,4,4,16,Digital Wallet,,8/2/2023,Smoothie,,,,Tea
TXN_5989987,Smoothie,4,4,16,Cash,,8/2/2023,Smoothie,,,,Salad
TXN_3430842,Cookie,2,1,2,Cash,Takeaway,8/2/2023,Cookie,,,,Smoothie
TXN_8325464,Smoothie,5,4,20,Credit Card,Takeaway,8/2/2023,Smoothie,,,,Salad
TXN_8305936,Cake,3,3,9,Digital Wallet,In-store,8/2/2023,Cake,,,,Smoothie
TXN_4168771,Coffee,5,2,10,Digital Wallet,,8/2/2023,Coffee,,,,Coffee
TXN_8541473,Coffee,3,2,6,ERROR,ERROR,8/2/2023,Coffee,,,,Coffee
TXN_5775717,Tea,3,1.5,4.5,,Takeaway,8/2/2023,Tea,,,,Cookie
TXN_6830192,Cake,3,3,9,Digital Wallet,,8/2/2023,Cake,,,,Smoothie
TXN_9001844,Smoothie,1,4,4,Cash,Takeaway,8/2/2023,Smoothie,,,,Cookie
TXN_6714749,Smoothie,1,4,4,Credit Card,Takeaway,8/2/2023,Smoothie,,,,Cake
TXN_3514890,Smoothie,5,4,20,,In-store,8/2/2023,Smoothie,,,,Coffee
TXN_7412012,Coffee,1,2,2,Cash,In-store,8/2/2023,Coffee,,,,Smoothie
TXN_1970180,Cake,2,3,6,Digital Wallet,Takeaway,8/2/2023,Cake,,,,Cake
TXN_4981027,Coffee,3,2,6,,,8/2/2023,Coffee,,,,Smoothie
TXN_4267136,Tea,1,1.5,1.5,Credit Card,In-store,8/2/2023,Tea,,,,Cake
TXN_1054912,Smoothie,3,4,12,Cash,,8/2/2023,Smoothie,,,,Smoothie
TXN_6596377,Cookie,5,1,5,,,8/2/2023,Cookie,,,,Cookie
TXN_8269956,Smoothie,5,4,20,,Takeaway,8/2/2023,Smoothie,,,,Cookie
TXN_5985513,Smoothie,2,4,8,Credit Card,,8/2/2023,Smoothie,,,,Salad
TXN_3422336,Tea,5,1.5,7.5,,Takeaway,8/2/2023,Tea,,,,Cake
TXN_4385826,Tea,2,1.5,3,Credit Card,Takeaway,8/2/2023,Tea,,,,Cookie
TXN_1976619,Coffee,2,2,4,Digital Wallet,,8/2/2023,Coffee,,,,Cookie
TXN_4125474,Salad,2,5,10,Credit Card,In-store,8/2/2023,Salad,,,,Cookie
TXN_4108138,Coffee,5,2,10,Cash,,8/3/2023,Coffee,,,,Salad
TXN_4759769,Smoothie,1,4,4,,In-store,8/3/2023,Smoothie,,,,Salad
TXN_2254479,Tea,2,1.5,3,,Takeaway,8/3/2023,Tea,,,,Cake
TXN_3414935,Coffee,4,2,8,,In-store,8/3/2023,Coffee,,,,Cake
TXN_2865033,Coffee,2,2,4,Cash,,8/3/2023,Coffee,,,,Smoothie
TXN_6719521,Salad,5,5,25,Cash,In-store,8/3/2023,Salad,,,,Tea
TXN_7501717,Smoothie,1,4,4,Credit Card,,8/3/2023,Smoothie,,,,Cake
TXN_2568101,Salad,5,5,25,Cash,Takeaway,8/3/2023,Salad,,,,Tea
TXN_2614271,Smoothie,2,4,8,Digital Wallet,ERROR,8/3/2023,Smoothie,,,,Smoothie
TXN_3848261,Tea,2,1.5,3,,Takeaway,8/3/2023,Tea,,,,Salad
TXN_9160109,Cake,1,3,3,Credit Card,,8/3/2023,Cake,,,,Smoothie
TXN_4293694,Smoothie,5,4,20,Cash,,8/3/2023,Smoothie,,,,Cookie
TXN_3652726,Smoothie,3,4,12,,In-store,8/3/2023,Smoothie,,,,Cake
TXN_4624591,Salad,2,5,10,Credit Card,In-store,8/3/2023,Salad,,,,Coffee
TXN_1405124,Smoothie,3,4,12,Digital Wallet,Takeaway,8/3/2023,Smoothie,,,,Tea
TXN_1022220,Cake,3,3,9,,Takeaway,8/3/2023,Cake,,,,Smoothie
TXN_7082667,Salad,4,5,20,Cash,In-store,8/3/2023,Salad,,,,Cookie
TXN_2311707,Tea,5,1.5,7.5,Cash,In-store,8/3/2023,Tea,,,,Cake
TXN_2019127,Salad,1,5,5,Cash,,8/3/2023,Salad,,,,Coffee
TXN_1625754,Cake,5,3,15,Digital Wallet,In-store,8/3/2023,Cake,,,,Salad
TXN_8628615,Coffee,1,2,2,Credit Card,Takeaway,8/3/2023,Coffee,,,,Coffee
TXN_1987311,Smoothie,1,4,4,,In-store,8/3/2023,Smoothie,,,,Smoothie
TXN_4940237,Cake,2,3,6,Cash,Takeaway,8/3/2023,Cake,,,,Coffee
TXN_9535721,Cake,5,3,15,Digital Wallet,In-store,8/3/2023,Cake,,,,Cake
TXN_6589078,Tea,3,1.5,4.5,Digital Wallet,,8/3/2023,Tea,,,,Tea
TXN_4257830,Cookie,5,1,5,UNKNOWN,In-store,8/4/2023,Cookie,,,,Salad
TXN_6908287,Cookie,1,1,1,Cash,In-store,8/4/2023,Cookie,,,,Coffee
TXN_4090904,Tea,5,1.5,7.5,Digital Wallet,In-store,8/4/2023,Tea,,,,Coffee
TXN_5167425,Cake,5,3,15,Digital Wallet,,8/4/2023,Cake,,,,Tea
TXN_8724474,Salad,5,5,25,Cash,,8/4/2023,Salad,,,,Cake
TXN_2353057,Cake,3,3,9,UNKNOWN,Takeaway,8/4/2023,Cake,,,,Cookie
TXN_4847617,Smoothie,4,4,16,Credit Card,,8/4/2023,Smoothie,,,,Cake
TXN_5656252,Smoothie,4,4,16,,Takeaway,8/4/2023,Smoothie,,,,Cookie
TXN_1463795,Coffee,5,2,10,Credit Card,,8/4/2023,Coffee,,,,Tea
TXN_1478016,Cookie,4,1,4,,In-store,8/4/2023,Cookie,,,,Cake
TXN_3852141,Cake,5,3,15,Credit Card,In-store,8/4/2023,Cake,,,,Smoothie
TXN_7213830,Cake,5,3,15,Credit Card,,8/4/2023,Cake,,,,Smoothie
TXN_1670848,Cake,2,3,6,Credit Card,ERROR,8/4/2023,Cake,,,,Salad
TXN_8132145,Tea,1,1.5,1.5,Digital Wallet,,8/4/2023,Tea,,,,Smoothie
TXN_9482559,Cookie,1,1,1,,In-store,8/4/2023,Cookie,,,,Smoothie
TXN_2569119,Cake,1,3,3,Credit Card,Takeaway,8/4/2023,Cake,,,,Coffee
TXN_8595386,Cookie,4,1,4,Credit Card,ERROR,8/4/2023,Cookie,,,,Smoothie
TXN_1713639,Cookie,1,1,1,,,8/4/2023,Cookie,,,,Cookie
TXN_6455517,Cake,2,3,6,Cash,,8/4/2023,Cake,,,,Smoothie
TXN_5436816,Salad,3,5,15,Credit Card,,8/4/2023,Salad,,,,Coffee
TXN_4127927,Salad,5,5,25,,Takeaway,8/4/2023,Salad,,,,Smoothie
TXN_3547569,Smoothie,4,4,16,Digital Wallet,In-store,8/4/2023,Smoothie,,,,Tea
TXN_1335256,Coffee,5,2,10,,Takeaway,8/4/2023,Coffee,,,,Coffee
TXN_6970542,Smoothie,4,4,16,Credit Card,,8/4/2023,Smoothie,,,,Coffee
TXN_2698591,Tea,5,1.5,7.5,,,8/5/2023,Tea,,,,Cookie
TXN_2148838,Smoothie,2,4,8,Credit Card,,8/5/2023,Smoothie,,,,Cake
TXN_9033890,Salad,1,5,5,,Takeaway,8/5/2023,Salad,,,,Smoothie
TXN_8530924,Smoothie,2,4,8,Credit Card,ERROR,8/5/2023,Smoothie,,,,Smoothie
TXN_7012065,Coffee,3,2,6,ERROR,,8/5/2023,Coffee,,,,Cake
TXN_7311097,Coffee,5,2,10,,In-store,8/5/2023,Coffee,,,,Tea
TXN_4801832,Salad,2,5,10,,Takeaway,8/5/2023,Salad,,,,Smoothie
TXN_8619762,Smoothie,4,4,16,Cash,Takeaway,8/5/2023,Smoothie,,,,Cake
TXN_8822610,Cake,4,3,12,,Takeaway,8/5/2023,Cake,,,,Tea
TXN_3968170,Salad,1,5,5,,In-store,8/5/2023,Salad,,,,Smoothie
TXN_8606152,Smoothie,5,4,20,Credit Card,,8/5/2023,Smoothie,,,,Salad
TXN_9281710,Cake,3,3,9,Credit Card,In-store,8/5/2023,Cake,,,,Smoothie
TXN_6705109,Cake,3,3,9,Cash,In-store,8/5/2023,Cake,,,,Cookie
TXN_4015427,Cookie,5,1,5,Credit Card,,8/5/2023,Cookie,,,,Smoothie
TXN_6869880,Cake,4,3,12,Digital Wallet,Takeaway,8/5/2023,Cake,,,,Smoothie
TXN_3518261,Smoothie,2,4,8,Digital Wallet,,8/5/2023,Smoothie,,,,Smoothie
TXN_5571904,Salad,5,5,25,Digital Wallet,Takeaway,8/5/2023,Salad,,,,Cookie
TXN_6663451,Cake,1,3,3,Cash,,8/5/2023,Cake,,,,Salad
TXN_4831525,Cookie,3,1,3,,,8/5/2023,Cookie,,,,Tea
TXN_4083872,Salad,2,5,10,Digital Wallet,Takeaway,8/5/2023,Salad,,,,Tea
TXN_4574757,Cake,2,3,6,ERROR,In-store,8/5/2023,Cake,,,,Smoothie
TXN_2208949,Cake,4,3,12,Cash,Takeaway,8/5/2023,Cake,,,,Cookie
TXN_3933290,Coffee,1,2,2,,,8/5/2023,Coffee,,,,Tea
TXN_8319993,Cake,1,3,3,Digital Wallet,,8/6/2023,Cake,,,,Salad
TXN_7314409,Smoothie,5,4,20,Credit Card,,8/6/2023,Smoothie,,,,Cake
TXN_8330446,Smoothie,3,4,12,Credit Card,In-store,8/6/2023,Smoothie,,,,Cake
TXN_2482363,Tea,3,1.5,4.5,Cash,UNKNOWN,8/6/2023,Tea,,,,Coffee
TXN_5977414,Cake,2,3,6,Credit Card,In-store,8/6/2023,Cake,,,,Salad
TXN_8356338,Salad,5,5,25,Credit Card,In-store,8/6/2023,Salad,,,,Coffee
TXN_7694020,Cookie,2,1,2,Digital Wallet,Takeaway,8/6/2023,Cookie,,,,Tea
TXN_2291713,Salad,4,5,20,Cash,In-store,8/6/2023,Salad,,,,Cake
TXN_6885626,Cake,5,3,15,UNKNOWN,In-store,8/6/2023,Cake,,,,Smoothie
TXN_7212607,Coffee,3,2,6,Digital Wallet,In-store,8/6/2023,Coffee,,,,Cake
TXN_6425991,Salad,1,5,5,Credit Card,Takeaway,8/6/2023,Salad,,,,Salad
TXN_6431384,Cake,4,3,12,Digital Wallet,In-store,8/6/2023,Cake,,,,Smoothie
TXN_3150614,Smoothie,1,4,4,Cash,Takeaway,8/6/2023,Smoothie,,,,Cake
TXN_3427754,Smoothie,2,4,8,Digital Wallet,Takeaway,8/6/2023,Smoothie,,,,Cake
TXN_4605239,Coffee,1,2,2,Credit Card,,8/6/2023,Coffee,,,,Smoothie
TXN_4806003,Cookie,5,1,5,Credit Card,,8/6/2023,Cookie,,,,Cookie
TXN_7704680,Salad,2,5,10,Credit Card,,8/6/2023,Salad,,,,Cake
TXN_7895514,Cake,4,3,12,Digital Wallet,Takeaway,8/6/2023,Cake,,,,Smoothie
TXN_8077929,Tea,3,1.5,4.5,Digital Wallet,Takeaway,8/6/2023,Tea,,,,Cookie
TXN_5220527,Cookie,4,1,4,Digital Wallet,Takeaway,8/6/2023,Cookie,,,,Smoothie
TXN_2947622,Smoothie,5,4,20,UNKNOWN,,8/6/2023,Smoothie,,,,Cake
TXN_7343660,Salad,5,5,25,Credit Card,In-store,8/6/2023,Salad,,,,Cookie
TXN_3738314,Smoothie,4,4,16,,ERROR,8/6/2023,Smoothie,,,,Cake
TXN_9281392,Cookie,2,1,2,Digital Wallet,,8/6/2023,Cookie,,,,Cake
TXN_8732935,Cookie,4,1,4,Credit Card,Takeaway,8/6/2023,Cookie,,,,Cookie
TXN_7526174,Cake,3,3,9,Credit Card,,8/6/2023,Cake,,,,Smoothie
TXN_2029301,Tea,5,1.5,7.5,Digital Wallet,,8/6/2023,Tea,,,,Coffee
TXN_4528914,Salad,1,5,5,ERROR,In-store,8/6/2023,Salad,,,,Cake
TXN_3792683,Salad,4,5,20,Digital Wallet,In-store,8/6/2023,Salad,,,,Cake
TXN_3124078,Cake,4,3,12,UNKNOWN,In-store,8/6/2023,Cake,,,,Smoothie
TXN_6289610,Cake,3,3,9,Cash,Takeaway,8/7/2023,Cake,,,,Tea
TXN_6387964,Tea,5,1.5,7.5,Digital Wallet,,8/7/2023,Tea,,,,Cake
TXN_1116119,Smoothie,4,4,16,Digital Wallet,In-store,8/7/2023,Smoothie,,,,Cookie
TXN_7215985,Tea,4,1.5,6,Credit Card,In-store,8/7/2023,Tea,,,,Salad
TXN_6886495,Cookie,4,1,4,Cash,,8/7/2023,Cookie,,,,Cake
TXN_9971927,Smoothie,3,4,12,,Takeaway,8/7/2023,Smoothie,,,,Smoothie
TXN_6717061,Salad,3,5,15,Credit Card,,8/7/2023,Salad,,,,Smoothie
TXN_4291132,Cake,2,3,6,Credit Card,Takeaway,8/7/2023,Cake,,,,Smoothie
TXN_8556062,Smoothie,5,4,20,,,8/7/2023,Smoothie,,,,Cookie
TXN_9540864,Cookie,2,1,2,Digital Wallet,Takeaway,8/7/2023,Cookie,,,,Cake
TXN_4156369,Cake,5,3,15,,In-store,8/7/2023,Cake,,,,Coffee
TXN_6377813,Salad,2,5,10,Credit Card,,8/7/2023,Salad,,,,Salad
TXN_6999471,Cake,1,3,3,,,8/7/2023,Cake,,,,Cookie
TXN_9098841,Cake,1,3,3,Credit Card,,8/7/2023,Cake,,,,Cake
TXN_5926836,Cake,5,3,15,,In-store,8/7/2023,Cake,,,,Tea
TXN_8324315,Salad,1,5,5,,,8/7/2023,Salad,,,,Smoothie
TXN_2118759,Coffee,2,2,4,Digital Wallet,,8/7/2023,Coffee,,,,Salad
TXN_2871592,Cookie,4,1,4,Cash,In-store,8/7/2023,Cookie,,,,Smoothie
TXN_7010020,Cake,5,3,15,,In-store,8/7/2023,Cake,,,,Cake
TXN_8925566,Tea,2,1.5,3,Digital Wallet,In-store,8/7/2023,Tea,,,,Salad
TXN_8811902,Tea,5,1.5,7.5,Credit Card,,8/7/2023,Tea,,,,Cake
TXN_9831537,Cake,4,3,12,Credit Card,,8/7/2023,Cake,,,,Smoothie
TXN_9345439,Coffee,2,2,4,Cash,Takeaway,8/7/2023,Coffee,,,,Coffee
TXN_3924170,Tea,3,1.5,4.5,Credit Card,In-store,8/7/2023,Tea,,,,Cookie
TXN_9374286,Coffee,5,2,10,Cash,In-store,8/7/2023,Coffee,,,,Smoothie
TXN_7840510,Cake,4,3,12,,Takeaway,8/7/2023,Cake,,,,Smoothie
TXN_9259900,Salad,4,5,20,Digital Wallet,,8/7/2023,Salad,,,,Salad
TXN_3399636,Cake,3,3,9,Digital Wallet,Takeaway,8/7/2023,Cake,,,,Smoothie
TXN_8022892,Smoothie,4,4,16,Digital Wallet,In-store,8/7/2023,Smoothie,,,,Smoothie
TXN_2848421,Cookie,1,1,1,Digital Wallet,In-store,8/7/2023,Cookie,,,,Coffee
TXN_8384372,Tea,4,1.5,6,Digital Wallet,,8/7/2023,Tea,,,,Smoothie
TXN_5719592,Coffee,1,2,2,Credit Card,In-store,8/7/2023,Coffee,,,,Tea
TXN_4448318,Coffee,4,2,8,Digital Wallet,UNKNOWN,8/7/2023,Coffee,,,,Cake
TXN_8112788,Smoothie,1,4,4,Credit Card,Takeaway,8/7/2023,Smoothie,,,,Cake
TXN_5954991,Smoothie,3,4,12,,Takeaway,8/7/2023,Smoothie,,,,Salad
TXN_1272815,Cake,4,3,12,Credit Card,,8/7/2023,Cake,,,,Cake
TXN_7188412,Smoothie,1,4,4,,Takeaway,8/8/2023,Smoothie,,,,Salad
TXN_8988279,Smoothie,2,4,8,,In-store,8/8/2023,Smoothie,,,,Cookie
TXN_7620529,Smoothie,2,4,8,Cash,In-store,8/8/2023,Smoothie,,,,Cake
TXN_4483226,Cake,1,3,3,Credit Card,,8/8/2023,Cake,,,,Coffee
TXN_1363508,Salad,4,5,20,Cash,,8/8/2023,Salad,,,,Smoothie
TXN_6587399,Smoothie,1,4,4,,Takeaway,8/8/2023,Smoothie,,,,Smoothie
TXN_9894204,Coffee,2,2,4,Cash,Takeaway,8/8/2023,Coffee,,,,Tea
TXN_3512545,Cookie,4,1,4,Credit Card,In-store,8/8/2023,Cookie,,,,Coffee
TXN_7635738,Coffee,4,2,8,Cash,Takeaway,8/8/2023,Coffee,,,,Cake
TXN_5899361,Cake,1,3,3,Credit Card,,8/8/2023,Cake,,,,Cookie
TXN_7263939,Smoothie,1,4,4,,,8/8/2023,Smoothie,,,,Cake
TXN_8235675,Tea,1,1.5,1.5,Credit Card,,8/8/2023,Tea,,,,Cake
TXN_3977520,Coffee,5,2,10,UNKNOWN,,8/8/2023,Coffee,,,,Coffee
TXN_9923952,Cookie,4,1,4,,Takeaway,8/8/2023,Cookie,,,,Smoothie
TXN_6957001,Tea,4,1.5,6,UNKNOWN,In-store,8/8/2023,Tea,,,,Tea
TXN_8436045,Cake,5,3,15,Credit Card,,8/8/2023,Cake,,,,Smoothie
TXN_8256593,Salad,2,5,10,Digital Wallet,Takeaway,8/9/2023,Salad,,,,Smoothie
TXN_1992966,Smoothie,5,4,20,,In-store,8/9/2023,Smoothie,,,,Cookie
TXN_8808034,Smoothie,2,4,8,Cash,In-store,8/9/2023,Smoothie,,,,Tea
TXN_6671827,Salad,1,5,5,Credit Card,Takeaway,8/9/2023,Salad,,,,Salad
TXN_7580441,Coffee,1,2,2,Cash,,8/9/2023,Coffee,,,,Cake
TXN_4798484,Cake,3,3,9,,In-store,8/9/2023,Cake,,,,Smoothie
TXN_4527464,Tea,4,1.5,6,,In-store,8/9/2023,Tea,,,,Smoothie
TXN_6559173,Smoothie,5,4,20,UNKNOWN,,8/9/2023,Smoothie,,,,Coffee
TXN_1872692,Salad,5,5,25,Cash,In-store,8/9/2023,Salad,,,,Cake
TXN_9469529,Coffee,2,2,4,,UNKNOWN,8/9/2023,Coffee,,,,Cake
TXN_9951411,Coffee,1,2,2,Cash,In-store,8/9/2023,Coffee,,,,Smoothie
TXN_8566683,Smoothie,4,4,16,Cash,Takeaway,8/9/2023,Smoothie,,,,Cake
TXN_1637334,Tea,2,1.5,3,Credit Card,In-store,8/9/2023,Tea,,,,Cake
TXN_7137364,Salad,5,5,25,Cash,UNKNOWN,8/9/2023,Salad,,,,Coffee
TXN_4020100,Cookie,1,1,1,Cash,In-store,8/9/2023,Cookie,,,,Cake
TXN_7770487,Smoothie,1,4,4,Cash,In-store,8/9/2023,Smoothie,,,,Salad
TXN_8014973,Salad,3,5,15,,In-store,8/9/2023,Salad,,,,Salad
TXN_2241162,Cake,3,3,9,UNKNOWN,,8/9/2023,Cake,,,,Smoothie
TXN_1103883,Cookie,5,1,5,Credit Card,UNKNOWN,8/9/2023,Cookie,,,,Smoothie
TXN_6905143,Coffee,5,2,10,Cash,ERROR,8/9/2023,Coffee,,,,Cake
TXN_4389662,Smoothie,1,4,4,Cash,Takeaway,8/9/2023,Smoothie,,,,Smoothie
TXN_7349681,Salad,1,5,5,Cash,In-store,8/9/2023,Salad,,,,Cookie
TXN_5863650,Tea,1,1.5,1.5,Digital Wallet,In-store,8/9/2023,Tea,,,,Cake
TXN_1277989,Tea,5,1.5,7.5,,In-store,8/9/2023,Tea,,,,Smoothie
TXN_1041891,Cookie,5,1,5,,,8/9/2023,Cookie,,,,Cookie
TXN_2096487,Smoothie,5,4,20,Digital Wallet,Takeaway,8/9/2023,Smoothie,,,,Coffee
TXN_2151258,Cake,3,3,9,Credit Card,UNKNOWN,8/9/2023,Cake,,,,Coffee
TXN_5309677,Coffee,4,2,8,Cash,In-store,8/9/2023,Coffee,,,,Coffee
TXN_8101633,Smoothie,2,4,8,,In-store,8/10/2023,Smoothie,,,,Coffee
TXN_2690314,Tea,5,1.5,7.5,Cash,In-store,8/10/2023,Tea,,,,Salad
TXN_4487966,Cake,3,3,9,Cash,In-store,8/10/2023,Cake,,,,Cookie
TXN_6809170,Smoothie,4,4,16,Cash,Takeaway,8/10/2023,Smoothie,,,,Salad
TXN_2614545,Tea,1,1.5,1.5,UNKNOWN,In-store,8/10/2023,Tea,,,,Cookie
TXN_3243832,Cake,2,3,6,,,8/10/2023,Cake,,,,Cake
TXN_6037712,Salad,3,5,15,Credit Card,In-store,8/10/2023,Salad,,,,Salad
TXN_7852397,Tea,3,1.5,4.5,Cash,In-store,8/10/2023,Tea,,,,Cake
TXN_2726676,Coffee,3,2,6,Digital Wallet,In-store,8/10/2023,Coffee,,,,Coffee
TXN_9005396,Cake,4,3,12,Cash,,8/10/2023,Cake,,,,Smoothie
TXN_6506895,Cake,5,3,15,Credit Card,In-store,8/10/2023,Cake,,,,Cake
TXN_2805332,Cake,4,3,12,Cash,,8/10/2023,Cake,,,,Cake
TXN_6405258,Tea,2,1.5,3,Credit Card,Takeaway,8/10/2023,Tea,,,,Cookie
TXN_2001807,Smoothie,5,4,20,UNKNOWN,In-store,8/10/2023,Smoothie,,,,Smoothie
TXN_4713643,Coffee,5,2,10,,,8/10/2023,Coffee,,,,Salad
TXN_7714378,Smoothie,2,4,8,Cash,,8/10/2023,Smoothie,,,,Tea
TXN_8352365,Coffee,5,2,10,,Takeaway,8/10/2023,Coffee,,,,Cake
TXN_4037502,Coffee,2,2,4,Cash,Takeaway,8/10/2023,Coffee,,,,Tea
TXN_3344089,Smoothie,4,4,16,Cash,In-store,8/10/2023,Smoothie,,,,Salad
TXN_1797690,Cake,5,3,15,Credit Card,Takeaway,8/10/2023,Cake,,,,Tea
TXN_9662632,Salad,4,5,20,Digital Wallet,In-store,8/10/2023,Salad,,,,Smoothie
TXN_2332364,Cake,2,3,6,Credit Card,,8/10/2023,Cake,,,,Cookie
TXN_3060286,Tea,2,1.5,3,Cash,Takeaway,8/10/2023,Tea,,,,Cake
TXN_3632558,Coffee,2,2,4,Cash,Takeaway,8/10/2023,Coffee,,,,Smoothie
TXN_4811133,Salad,2,5,10,Cash,,8/11/2023,Salad,,,,Cake
TXN_6244211,Smoothie,2,4,8,,,8/11/2023,Smoothie,,,,Cake
TXN_6702428,Coffee,5,2,10,Cash,Takeaway,8/11/2023,Coffee,,,,Smoothie
TXN_5124870,Tea,1,1.5,1.5,Digital Wallet,,8/11/2023,Tea,,,,Smoothie
TXN_4591512,Tea,2,1.5,3,,,8/11/2023,Tea,,,,Smoothie
TXN_4907812,Smoothie,2,4,8,Digital Wallet,In-store,8/11/2023,Smoothie,,,,Cake
TXN_9626053,Salad,1,5,5,Cash,Takeaway,8/11/2023,Salad,,,,Cookie
TXN_7759607,Smoothie,1,4,4,Digital Wallet,,8/11/2023,Smoothie,,,,Cake
TXN_5496581,Cake,1,3,3,Credit Card,,8/11/2023,Cake,,,,Coffee
TXN_9561380,Smoothie,1,4,4,Digital Wallet,Takeaway,8/11/2023,Smoothie,,,,Cookie
TXN_6068148,Cake,3,3,9,ERROR,In-store,8/11/2023,Cake,,,,Tea
TXN_7890585,Cake,5,3,15,Cash,,8/11/2023,Cake,,,,Cookie
TXN_6654975,Salad,3,5,15,,In-store,8/11/2023,Salad,,,,Salad
TXN_4135134,Cookie,5,1,5,Credit Card,Takeaway,8/11/2023,Cookie,,,,Tea
TXN_6405210,Coffee,4,2,8,Cash,UNKNOWN,8/11/2023,Coffee,,,,Salad
TXN_5776252,Tea,4,1.5,6,Cash,Takeaway,8/11/2023,Tea,,,,Tea
TXN_1700374,Smoothie,5,4,20,,In-store,8/11/2023,Smoothie,,,,Smoothie
TXN_7701878,Smoothie,4,4,16,Credit Card,In-store,8/11/2023,Smoothie,,,,Salad
TXN_6400351,Cake,2,3,6,Digital Wallet,Takeaway,8/11/2023,Cake,,,,Smoothie
TXN_7343062,Smoothie,5,4,20,Digital Wallet,In-store,8/11/2023,Smoothie,,,,Coffee
TXN_4807459,Smoothie,1,4,4,,,8/11/2023,Smoothie,,,,Cake
TXN_7986904,Cookie,3,1,3,Credit Card,Takeaway,8/11/2023,Cookie,,,,Smoothie
TXN_8124795,Salad,5,5,25,ERROR,In-store,8/11/2023,Salad,,,,Coffee
TXN_6372031,Cake,3,3,9,Digital Wallet,In-store,8/11/2023,Cake,,,,Smoothie
TXN_2238658,Tea,3,1.5,4.5,,Takeaway,8/11/2023,Tea,,,,Cake
TXN_2154866,Tea,2,1.5,3,Credit Card,Takeaway,8/11/2023,Tea,,,,Smoothie
TXN_3120637,Smoothie,3,4,12,,Takeaway,8/11/2023,Smoothie,,,,Coffee
TXN_1773856,Cake,2,3,6,,ERROR,8/11/2023,Cake,,,,Cookie
TXN_8384428,Cookie,1,1,1,Digital Wallet,In-store,8/11/2023,Cookie,,,,Tea
TXN_5038122,Salad,1,5,5,,,8/11/2023,Salad,,,,Salad
TXN_8281347,Cake,4,3,12,Credit Card,In-store,8/11/2023,Cake,,,,Cake
TXN_1084010,Smoothie,2,4,8,Credit Card,In-store,8/11/2023,Smoothie,,,,Cake
TXN_3368231,Tea,3,1.5,4.5,,,8/11/2023,Tea,,,,Smoothie
TXN_8005489,Cake,3,3,9,,In-store,8/12/2023,Cake,,,,Coffee
TXN_5726998,Cake,3,3,9,Credit Card,,8/12/2023,Cake,,,,Salad
TXN_5209585,Tea,2,1.5,3,,Takeaway,8/12/2023,Tea,,,,Cake
TXN_9196322,Cookie,4,1,4,Digital Wallet,In-store,8/12/2023,Cookie,,,,Tea
TXN_2423762,Coffee,1,2,2,,,8/12/2023,Coffee,,,,Cookie
TXN_1203954,Smoothie,1,4,4,Digital Wallet,,8/12/2023,Smoothie,,,,Smoothie
TXN_3353214,Smoothie,5,4,20,Credit Card,,8/12/2023,Smoothie,,,,Cake
TXN_6169248,Cake,5,3,15,Credit Card,,8/12/2023,Cake,,,,Cookie
TXN_5875661,Smoothie,3,4,12,Credit Card,,8/12/2023,Smoothie,,,,Salad
TXN_8854384,Cake,5,3,15,Cash,Takeaway,8/12/2023,Cake,,,,Cake
TXN_5685028,Cake,5,3,15,Digital Wallet,Takeaway,8/12/2023,Cake,,,,Smoothie
TXN_2413548,Tea,2,1.5,3,Credit Card,,8/12/2023,Tea,,,,Cake
TXN_1518379,Cake,4,3,12,,In-store,8/12/2023,Cake,,,,Cake
TXN_4475094,Smoothie,3,4,12,ERROR,ERROR,8/12/2023,Smoothie,,,,Smoothie
TXN_7515272,Cake,1,3,3,,,8/12/2023,Cake,,,,Tea
TXN_4077799,Cake,4,3,12,Digital Wallet,Takeaway,8/12/2023,Cake,,,,Cookie
TXN_5093312,Cookie,4,1,4,Credit Card,Takeaway,8/12/2023,Cookie,,,,Tea
TXN_2438638,Cake,2,3,6,Credit Card,Takeaway,8/12/2023,Cake,,,,Cake
TXN_7529735,Coffee,3,2,6,,In-store,8/12/2023,Coffee,,,,Coffee
TXN_6757560,Cake,4,3,12,Cash,,8/12/2023,Cake,,,,Cake
TXN_7072581,Cookie,2,1,2,Credit Card,,8/12/2023,Cookie,,,,Salad
TXN_2767034,Salad,4,5,20,Cash,,8/12/2023,Salad,,,,Cookie
TXN_5724548,Cake,5,3,15,,,8/12/2023,Cake,,,,Cake
TXN_8210816,Salad,4,5,20,Digital Wallet,Takeaway,8/12/2023,Salad,,,,Cookie
TXN_3664656,Cookie,5,1,5,,Takeaway,8/13/2023,Cookie,,,,Salad
TXN_4431179,Smoothie,3,4,12,Digital Wallet,Takeaway,8/13/2023,Smoothie,,,,Coffee
TXN_3121271,Smoothie,2,4,8,Credit Card,,8/13/2023,Smoothie,,,,Smoothie
TXN_9433769,Cake,4,3,12,Digital Wallet,,8/13/2023,Cake,,,,Tea
TXN_3326110,Coffee,2,2,4,Credit Card,Takeaway,8/13/2023,Coffee,,,,Coffee
TXN_5405799,Coffee,3,2,6,Cash,ERROR,8/13/2023,Coffee,,,,Cake
TXN_5067056,Smoothie,1,4,4,Cash,In-store,8/13/2023,Smoothie,,,,Salad
TXN_5834491,Tea,3,1.5,4.5,,,8/13/2023,Tea,,,,Cookie
TXN_2764962,Tea,2,1.5,3,Credit Card,Takeaway,8/13/2023,Tea,,,,Smoothie
TXN_6862075,Cake,3,3,9,Credit Card,In-store,8/13/2023,Cake,,,,Smoothie
TXN_4455667,Smoothie,2,4,8,Credit Card,,8/13/2023,Smoothie,,,,Cake
TXN_1075969,Cookie,2,1,2,Digital Wallet,ERROR,8/13/2023,Cookie,,,,Cake
TXN_8108731,Cake,5,3,15,,,8/13/2023,Cake,,,,Smoothie
TXN_1785644,Tea,5,1.5,7.5,,,8/13/2023,Tea,,,,Tea
TXN_8220657,Tea,2,1.5,3,Cash,,8/13/2023,Tea,,,,Cake
TXN_4612930,Cake,2,3,6,,,8/13/2023,Cake,,,,Cake
TXN_4084177,Cookie,3,1,3,Credit Card,In-store,8/13/2023,Cookie,,,,Smoothie
TXN_4573096,Coffee,1,2,2,Digital Wallet,In-store,8/13/2023,Coffee,,,,Cake
TXN_7308096,Tea,2,1.5,3,Cash,Takeaway,8/13/2023,Tea,,,,Cake
TXN_7581760,Coffee,3,2,6,,,8/13/2023,Coffee,,,,Cake
TXN_2639283,Cake,5,3,15,Digital Wallet,Takeaway,8/13/2023,Cake,,,,Cookie
TXN_1837817,Tea,2,1.5,3,Cash,ERROR,8/13/2023,Tea,,,,Smoothie
TXN_3562418,Smoothie,2,4,8,Digital Wallet,UNKNOWN,8/13/2023,Smoothie,,,,Salad
TXN_7089712,Cake,5,3,15,Cash,,8/13/2023,Cake,,,,Cookie
TXN_7461658,Coffee,3,2,6,Credit Card,,8/13/2023,Coffee,,,,Cake
TXN_3515730,Cookie,1,1,1,Credit Card,,8/14/2023,Cookie,,,,Cookie
TXN_8664315,Salad,2,5,10,Cash,,8/14/2023,Salad,,,,Smoothie
TXN_5408625,Cookie,5,1,5,Cash,ERROR,8/14/2023,Cookie,,,,Cake
TXN_2906443,Cake,4,3,12,,,8/14/2023,Cake,,,,Smoothie
TXN_2269497,Coffee,5,2,10,ERROR,,8/14/2023,Coffee,,,,Tea
TXN_9074075,Cake,5,3,15,Credit Card,ERROR,8/14/2023,Cake,,,,Cake
TXN_6667388,Cake,3,3,9,Cash,In-store,8/14/2023,Cake,,,,Cookie
TXN_3044825,Tea,1,1.5,1.5,Credit Card,In-store,8/14/2023,Tea,,,,Smoothie
TXN_1248436,Cake,4,3,12,Credit Card,Takeaway,8/14/2023,Cake,,,,Smoothie
TXN_1229376,Cake,3,3,9,Digital Wallet,In-store,8/14/2023,Cake,,,,Cake
TXN_5668193,Coffee,5,2,10,Cash,Takeaway,8/14/2023,Coffee,,,,Cookie
TXN_2853459,Tea,4,1.5,6,Cash,,8/14/2023,Tea,,,,Cake
TXN_1190151,Cake,5,3,15,Digital Wallet,,8/14/2023,Cake,,,,Cookie
TXN_1910487,Smoothie,3,4,12,Digital Wallet,In-store,8/14/2023,Smoothie,,,,Tea
TXN_2282319,Cake,2,3,6,Cash,In-store,8/14/2023,Cake,,,,Coffee
TXN_3849711,Smoothie,5,4,20,Cash,,8/14/2023,Smoothie,,,,Tea
TXN_3906862,Cake,5,3,15,Cash,,8/14/2023,Cake,,,,Cake
TXN_1230311,Cake,3,3,9,Digital Wallet,UNKNOWN,8/14/2023,Cake,,,,Cookie
TXN_4297979,Coffee,1,2,2,Digital Wallet,In-store,8/14/2023,Coffee,,,,Smoothie
TXN_8712303,Cake,2,3,6,Credit Card,Takeaway,8/14/2023,Cake,,,,Cake
TXN_8785432,Cookie,2,1,2,Cash,,8/14/2023,Cookie,,,,Salad
TXN_6533576,Salad,5,5,25,Cash,In-store,8/14/2023,Salad,,,,Smoothie
TXN_5229351,Coffee,3,2,6,Digital Wallet,Takeaway,8/14/2023,Coffee,,,,Cake
TXN_7251969,Cookie,2,1,2,,In-store,8/14/2023,Cookie,,,,Cake
TXN_6884558,Cake,1,3,3,Cash,In-store,8/14/2023,Cake,,,,Cake
TXN_5457767,Cake,3,3,9,Cash,In-store,8/14/2023,Cake,,,,Cake
TXN_4108567,Coffee,2,2,4,Cash,Takeaway,8/14/2023,Coffee,,,,Cake
TXN_7719510,Cake,3,3,9,Credit Card,Takeaway,8/14/2023,Cake,,,,Tea
TXN_5736595,Coffee,3,2,6,Credit Card,ERROR,8/14/2023,Coffee,,,,Salad
TXN_2086325,Coffee,2,2,4,Credit Card,,8/14/2023,Coffee,,,,Smoothie
TXN_5881237,Cookie,2,1,2,,,8/14/2023,Cookie,,,,Coffee
TXN_2556999,Tea,1,1.5,1.5,Credit Card,Takeaway,8/14/2023,Tea,,,,Smoothie
TXN_9677376,Smoothie,4,4,16,,In-store,8/15/2023,Smoothie,,,,Coffee
TXN_6749847,Cake,2,3,6,Credit Card,,8/15/2023,Cake,,,,Cake
TXN_3484520,Cake,3,3,9,Credit Card,,8/15/2023,Cake,,,,Cake
TXN_7782538,Cake,2,3,6,Digital Wallet,Takeaway,8/15/2023,Cake,,,,Cookie
TXN_5881757,Smoothie,3,4,12,Credit Card,,8/15/2023,Smoothie,,,,Tea
TXN_1795044,Coffee,2,2,4,Digital Wallet,UNKNOWN,8/15/2023,Coffee,,,,Coffee
TXN_3193321,Smoothie,3,4,12,ERROR,Takeaway,8/15/2023,Smoothie,,,,Cookie
TXN_2234460,Tea,2,1.5,3,,Takeaway,8/15/2023,Tea,,,,Tea
TXN_3578712,Tea,5,1.5,7.5,Credit Card,,8/15/2023,Tea,,,,Cookie
TXN_8133627,Cake,5,3,15,Cash,In-store,8/15/2023,Cake,,,,Smoothie
TXN_6567880,Smoothie,5,4,20,Credit Card,,8/15/2023,Smoothie,,,,Cake
TXN_7278970,Salad,2,5,10,,In-store,8/15/2023,Salad,,,,Salad
TXN_4469769,Salad,5,5,25,,UNKNOWN,8/15/2023,Salad,,,,Cake
TXN_4381404,Salad,5,5,25,,,8/15/2023,Salad,,,,Tea
TXN_5249091,Smoothie,5,4,20,Credit Card,In-store,8/15/2023,Smoothie,,,,Coffee
TXN_6024139,Cake,4,3,12,Digital Wallet,UNKNOWN,8/15/2023,Cake,,,,Coffee
TXN_8848847,Cookie,3,1,3,Cash,Takeaway,8/15/2023,Cookie,,,,Coffee
TXN_5893283,Cake,3,3,9,Cash,In-store,8/15/2023,Cake,,,,Smoothie
TXN_7605163,Salad,1,5,5,,Takeaway,8/15/2023,Salad,,,,Salad
TXN_7963892,Salad,1,5,5,,Takeaway,8/15/2023,Salad,,,,Smoothie
TXN_8277583,Cookie,5,1,5,Digital Wallet,Takeaway,8/15/2023,Cookie,,,,Smoothie
TXN_9323014,Cookie,3,1,3,,In-store,8/15/2023,Cookie,,,,Salad
TXN_1254663,Coffee,3,2,6,,,8/15/2023,Coffee,,,,Smoothie
TXN_2958213,Cookie,5,1,5,UNKNOWN,,8/15/2023,Cookie,,,,Cake
TXN_7652830,Cake,2,3,6,,,8/15/2023,Cake,,,,Coffee
TXN_8976658,Tea,2,1.5,3,Credit Card,In-store,8/16/2023,Tea,,,,Smoothie
TXN_5895177,Cake,5,3,15,,,8/16/2023,Cake,,,,Smoothie
TXN_3088796,Smoothie,4,4,16,Credit Card,,8/16/2023,Smoothie,,,,Cake
TXN_8518516,Smoothie,4,4,16,,,8/16/2023,Smoothie,,,,Tea
TXN_7818024,Cake,3,3,9,,,8/16/2023,Cake,,,,Cookie
TXN_8397155,Salad,4,5,20,Credit Card,Takeaway,8/16/2023,Salad,,,,Smoothie
TXN_1108663,Cake,3,3,9,Cash,Takeaway,8/16/2023,Cake,,,,Coffee
TXN_4220189,Tea,1,1.5,1.5,,Takeaway,8/16/2023,Tea,,,,Smoothie
TXN_9676940,Cake,2,3,6,Credit Card,Takeaway,8/16/2023,Cake,,,,Salad
TXN_7433531,Smoothie,2,4,8,,Takeaway,8/16/2023,Smoothie,,,,Cake
TXN_6513435,Cake,3,3,9,,Takeaway,8/16/2023,Cake,,,,Smoothie
TXN_1833012,Salad,3,5,15,Digital Wallet,,8/16/2023,Salad,,,,Cookie
TXN_1724815,Smoothie,3,4,12,,In-store,8/16/2023,Smoothie,,,,Cookie
TXN_6052901,Smoothie,5,4,20,Credit Card,Takeaway,8/16/2023,Smoothie,,,,Cake
TXN_8374101,Salad,5,5,25,Credit Card,,8/16/2023,Salad,,,,Smoothie
TXN_2325484,Salad,1,5,5,Digital Wallet,Takeaway,8/16/2023,Salad,,,,Smoothie
TXN_3694901,Cookie,2,1,2,UNKNOWN,In-store,8/16/2023,Cookie,,,,Cake
TXN_7360979,Smoothie,1,4,4,,In-store,8/16/2023,Smoothie,,,,Smoothie
TXN_1302920,Coffee,2,2,4,,,8/16/2023,Coffee,,,,Cookie
TXN_6320502,Cake,4,3,12,Credit Card,,8/16/2023,Cake,,,,Salad
TXN_3766657,Smoothie,5,4,20,UNKNOWN,,8/16/2023,Smoothie,,,,Tea
TXN_6529863,Salad,3,5,15,,Takeaway,8/16/2023,Salad,,,,Cookie
TXN_7493800,Cake,5,3,15,Credit Card,Takeaway,8/16/2023,Cake,,,,Salad
TXN_9660362,Cake,2,3,6,Credit Card,Takeaway,8/16/2023,Cake,,,,Cake
TXN_6415784,Salad,3,5,15,,,8/16/2023,Salad,,,,Cake
TXN_2734718,Tea,2,1.5,3,,UNKNOWN,8/16/2023,Tea,,,,Smoothie
TXN_2021680,Cake,3,3,9,,Takeaway,8/16/2023,Cake,,,,Coffee
TXN_1865302,Cookie,5,1,5,Credit Card,In-store,8/16/2023,Cookie,,,,Tea
TXN_1993503,Cookie,4,1,4,Credit Card,ERROR,8/16/2023,Cookie,,,,Tea
TXN_4167859,Coffee,5,2,10,,Takeaway,8/17/2023,Coffee,,,,Salad
TXN_6829707,Smoothie,1,4,4,Cash,Takeaway,8/17/2023,Smoothie,,,,Tea
TXN_3648327,Cake,1,3,3,Digital Wallet,Takeaway,8/17/2023,Cake,,,,Cookie
TXN_6236864,Tea,2,1.5,3,Digital Wallet,In-store,8/17/2023,Tea,,,,Salad
TXN_4536553,Tea,2,1.5,3,Cash,,8/17/2023,Tea,,,,Salad
TXN_2334523,Coffee,5,2,10,Digital Wallet,Takeaway,8/17/2023,Coffee,,,,Cake
TXN_7090563,Smoothie,3,4,12,,In-store,8/17/2023,Smoothie,,,,Cake
TXN_1540181,Tea,3,1.5,4.5,,Takeaway,8/17/2023,Tea,,,,Coffee
TXN_5117140,Cookie,5,1,5,Digital Wallet,Takeaway,8/17/2023,Cookie,,,,Cake
TXN_1714471,Cake,4,3,12,Cash,Takeaway,8/17/2023,Cake,,,,Smoothie
TXN_2156454,Cookie,5,1,5,,In-store,8/17/2023,Cookie,,,,Smoothie
TXN_4996304,Coffee,2,2,4,Credit Card,,8/17/2023,Coffee,,,,Salad
TXN_1888708,Smoothie,4,4,16,Cash,,8/17/2023,Smoothie,,,,Cake
TXN_8464222,Cake,4,3,12,Cash,In-store,8/17/2023,Cake,,,,Cake
TXN_7560178,Cookie,5,1,5,Digital Wallet,In-store,8/17/2023,Cookie,,,,Smoothie
TXN_4194115,Tea,5,1.5,7.5,,,8/17/2023,Tea,,,,Cookie
TXN_9417252,Smoothie,2,4,8,Credit Card,,8/17/2023,Smoothie,,,,Smoothie
TXN_3312088,Cake,1,3,3,Digital Wallet,,8/17/2023,Cake,,,,Tea
TXN_1777171,Coffee,2,2,4,,In-store,8/17/2023,Coffee,,,,Coffee
TXN_6991528,Cookie,3,1,3,Digital Wallet,Takeaway,8/17/2023,Cookie,,,,Tea
TXN_4143264,Salad,1,5,5,Credit Card,Takeaway,8/17/2023,Salad,,,,Smoothie
TXN_1533652,Tea,3,1.5,4.5,Cash,In-store,8/17/2023,Tea,,,,Smoothie
TXN_7163533,Smoothie,4,4,16,Credit Card,Takeaway,8/17/2023,Smoothie,,,,Cookie
TXN_7645464,Tea,5,1.5,7.5,Cash,Takeaway,8/17/2023,Tea,,,,Smoothie
TXN_3628566,Coffee,5,2,10,,,8/17/2023,Coffee,,,,Smoothie
TXN_8972184,Cake,4,3,12,,,8/17/2023,Cake,,,,Cake
TXN_8984085,Salad,1,5,5,,,8/17/2023,Salad,,,,Coffee
TXN_7251037,Salad,3,5,15,Credit Card,In-store,8/17/2023,Salad,,,,Cake
TXN_4551353,Tea,5,1.5,7.5,Digital Wallet,In-store,8/17/2023,Tea,,,,Salad
TXN_3918096,Cake,4,3,12,,UNKNOWN,8/17/2023,Cake,,,,Salad
TXN_2786231,Cake,1,3,3,Cash,Takeaway,8/17/2023,Cake,,,,Coffee
TXN_2544072,Cookie,1,1,1,,In-store,8/17/2023,Cookie,,,,Smoothie
TXN_5012988,Salad,3,5,15,Credit Card,,8/17/2023,Salad,,,,Tea
TXN_5079340,Cookie,4,1,4,Cash,In-store,8/18/2023,Cookie,,,,Smoothie
TXN_1200795,Smoothie,1,4,4,,In-store,8/18/2023,Smoothie,,,,Coffee
TXN_6782228,Coffee,4,2,8,Credit Card,,8/18/2023,Coffee,,,,Salad
TXN_5157855,Salad,1,5,5,Digital Wallet,,8/18/2023,Salad,,,,Tea
TXN_9546556,Cake,5,3,15,Cash,In-store,8/18/2023,Cake,,,,Smoothie
TXN_5915706,Tea,1,1.5,1.5,Cash,In-store,8/18/2023,Tea,,,,Coffee
TXN_5037728,Smoothie,3,4,12,Credit Card,ERROR,8/18/2023,Smoothie,,,,Cake
TXN_8810601,Cake,2,3,6,Digital Wallet,,8/18/2023,Cake,,,,Cake
TXN_4650447,Tea,1,1.5,1.5,Cash,UNKNOWN,8/18/2023,Tea,,,,Cake
TXN_3766378,Cake,1,3,3,Cash,Takeaway,8/18/2023,Cake,,,,Tea
TXN_7429032,Smoothie,2,4,8,,Takeaway,8/18/2023,Smoothie,,,,Salad
TXN_2066115,Salad,4,5,20,Credit Card,In-store,8/18/2023,Salad,,,,Coffee
TXN_4166020,Cake,4,3,12,Digital Wallet,In-store,8/18/2023,Cake,,,,Cake
TXN_2970600,Salad,1,5,5,Credit Card,In-store,8/18/2023,Salad,,,,Cookie
TXN_6787259,Smoothie,2,4,8,Credit Card,In-store,8/18/2023,Smoothie,,,,Cake
TXN_4311369,Smoothie,2,4,8,Digital Wallet,Takeaway,8/18/2023,Smoothie,,,,Cookie
TXN_1905459,Smoothie,3,4,12,Digital Wallet,,8/18/2023,Smoothie,,,,Salad
TXN_6271598,Cake,5,3,15,Cash,,8/18/2023,Cake,,,,Cake
TXN_8413251,Smoothie,3,4,12,Cash,Takeaway,8/18/2023,Smoothie,,,,Coffee
TXN_6494145,Cookie,2,1,2,Cash,,8/18/2023,Cookie,,,,Coffee
TXN_2547156,Cookie,3,1,3,Digital Wallet,Takeaway,8/18/2023,Cookie,,,,Coffee
TXN_7032922,Smoothie,4,4,16,,,8/18/2023,Smoothie,,,,Cake
TXN_8082317,Cake,3,3,9,Cash,Takeaway,8/18/2023,Cake,,,,Smoothie
TXN_4777601,Tea,1,1.5,1.5,Credit Card,In-store,8/18/2023,Tea,,,,Cookie
TXN_4069354,Salad,1,5,5,UNKNOWN,,8/18/2023,Salad,,,,Cake
TXN_9100081,Cake,1,3,3,Cash,,8/18/2023,Cake,,,,Smoothie
TXN_5213761,Coffee,3,2,6,Digital Wallet,Takeaway,8/18/2023,Coffee,,,,Cookie
TXN_2464054,Coffee,5,2,10,,Takeaway,8/18/2023,Coffee,,,,Coffee
TXN_1741685,Cake,5,3,15,Cash,,8/18/2023,Cake,,,,Cookie
TXN_8472308,Cookie,2,1,2,Digital Wallet,Takeaway,8/19/2023,Cookie,,,,Coffee
TXN_7919440,Tea,4,1.5,6,Cash,UNKNOWN,8/19/2023,Tea,,,,Salad
TXN_7864939,Smoothie,3,4,12,Digital Wallet,In-store,8/19/2023,Smoothie,,,,Smoothie
TXN_2098878,Cake,2,3,6,,Takeaway,8/19/2023,Cake,,,,Cookie
TXN_9603131,Smoothie,5,4,20,ERROR,UNKNOWN,8/19/2023,Smoothie,,,,Cookie
TXN_9408993,Smoothie,1,4,4,Digital Wallet,In-store,8/19/2023,Smoothie,,,,Tea
TXN_9001088,Coffee,2,2,4,Credit Card,,8/19/2023,Coffee,,,,Cake
TXN_1025152,Cookie,4,1,4,,,8/19/2023,Cookie,,,,Tea
TXN_1647077,Smoothie,2,4,8,UNKNOWN,,8/19/2023,Smoothie,,,,Salad
TXN_3435509,Smoothie,1,4,4,Cash,Takeaway,8/19/2023,Smoothie,,,,Smoothie
TXN_3186333,Cookie,5,1,5,Cash,In-store,8/19/2023,Cookie,,,,Cookie
TXN_1048284,Salad,2,5,10,Cash,In-store,8/19/2023,Salad,,,,Cookie
TXN_3087096,Tea,3,1.5,4.5,Cash,,8/19/2023,Tea,,,,Salad
TXN_4403699,Cookie,1,1,1,Credit Card,,8/19/2023,Cookie,,,,Cake
TXN_6444366,Coffee,1,2,2,Digital Wallet,,8/19/2023,Coffee,,,,Salad
TXN_4913079,Smoothie,3,4,12,ERROR,,8/19/2023,Smoothie,,,,Smoothie
TXN_2534831,Tea,5,1.5,7.5,Cash,Takeaway,8/19/2023,Tea,,,,Smoothie
TXN_8388462,Smoothie,2,4,8,UNKNOWN,Takeaway,8/19/2023,Smoothie,,,,Salad
TXN_7768350,Cookie,1,1,1,Cash,In-store,8/19/2023,Cookie,,,,Cake
TXN_1641000,Smoothie,2,4,8,Cash,,8/19/2023,Smoothie,,,,Cake
TXN_6281616,Coffee,4,2,8,,,8/19/2023,Coffee,,,,Smoothie
TXN_4696403,Cookie,3,1,3,Cash,ERROR,8/19/2023,Cookie,,,,Smoothie
TXN_9188733,Salad,3,5,15,,In-store,8/19/2023,Salad,,,,Cookie
TXN_8268061,Salad,3,5,15,ERROR,Takeaway,8/20/2023,Salad,,,,Smoothie
TXN_3256497,Coffee,2,2,4,Cash,UNKNOWN,8/20/2023,Coffee,,,,Cake
TXN_7365744,Cookie,4,1,4,Cash,In-store,8/20/2023,Cookie,,,,Smoothie
TXN_6215303,Salad,4,5,20,,Takeaway,8/20/2023,Salad,,,,Coffee
TXN_8321225,Tea,4,1.5,6,Credit Card,Takeaway,8/20/2023,Tea,,,,Cookie
TXN_3493951,Smoothie,5,4,20,Cash,Takeaway,8/20/2023,Smoothie,,,,Tea
TXN_5475746,Cake,3,3,9,Credit Card,In-store,8/20/2023,Cake,,,,Smoothie
TXN_3711712,Salad,5,5,25,Digital Wallet,In-store,8/20/2023,Salad,,,,Tea
TXN_4203560,Cake,1,3,3,,UNKNOWN,8/20/2023,Cake,,,,Tea
TXN_6557174,Salad,4,5,20,Credit Card,In-store,8/20/2023,Salad,,,,Cake
TXN_2617257,Cookie,1,1,1,Cash,Takeaway,8/20/2023,Cookie,,,,Cookie
TXN_9052231,Smoothie,1,4,4,Credit Card,In-store,8/20/2023,Smoothie,,,,Salad
TXN_2916992,Salad,2,5,10,Cash,Takeaway,8/20/2023,Salad,,,,Coffee
TXN_2289122,Smoothie,4,4,16,Cash,In-store,8/20/2023,Smoothie,,,,Coffee
TXN_2350703,Cake,4,3,12,Cash,In-store,8/20/2023,Cake,,,,Tea
TXN_9905396,Salad,1,5,5,,,8/20/2023,Salad,,,,Cookie
TXN_2566299,Cake,2,3,6,Cash,,8/20/2023,Cake,,,,Smoothie
TXN_8659330,Tea,4,1.5,6,Credit Card,Takeaway,8/20/2023,Tea,,,,Tea
TXN_4987376,Tea,2,1.5,3,Digital Wallet,Takeaway,8/20/2023,Tea,,,,Salad
TXN_6692318,Tea,2,1.5,3,Cash,In-store,8/20/2023,Tea,,,,Cake
TXN_4734366,Smoothie,1,4,4,Credit Card,Takeaway,8/20/2023,Smoothie,,,,Cake
TXN_6498876,Smoothie,3,4,12,,Takeaway,8/20/2023,Smoothie,,,,Cookie
TXN_3130548,Cookie,4,1,4,,Takeaway,8/21/2023,Cookie,,,,Cookie
TXN_5213542,Coffee,3,2,6,Credit Card,In-store,8/21/2023,Coffee,,,,Coffee
TXN_8908224,Coffee,4,2,8,,,8/21/2023,Coffee,,,,Smoothie
TXN_3223187,Coffee,2,2,4,Credit Card,,8/21/2023,Coffee,,,,Salad
TXN_4083736,Coffee,1,2,2,ERROR,In-store,8/21/2023,Coffee,,,,Cake
TXN_2346001,Salad,2,5,10,Digital Wallet,Takeaway,8/21/2023,Salad,,,,Smoothie
TXN_1866816,Cake,3,3,9,,In-store,8/21/2023,Cake,,,,Smoothie
TXN_9793353,Coffee,3,2,6,Credit Card,Takeaway,8/21/2023,Coffee,,,,Salad
TXN_4349597,Cake,4,3,12,Credit Card,ERROR,8/21/2023,Cake,,,,Cake
TXN_9617421,Tea,1,1.5,1.5,,In-store,8/21/2023,Tea,,,,Cake
TXN_9762035,Smoothie,1,4,4,Cash,Takeaway,8/21/2023,Smoothie,,,,Tea
TXN_6882819,Cake,1,3,3,Cash,ERROR,8/21/2023,Cake,,,,Tea
TXN_8147057,Cake,1,3,3,Digital Wallet,In-store,8/21/2023,Cake,,,,Smoothie
TXN_1177438,Salad,4,5,20,,Takeaway,8/21/2023,Salad,,,,Coffee
TXN_6898341,Tea,2,1.5,3,Credit Card,In-store,8/21/2023,Tea,,,,Salad
TXN_4277671,Tea,5,1.5,7.5,,Takeaway,8/21/2023,Tea,,,,Tea
TXN_4407203,Cookie,4,1,4,Cash,Takeaway,8/21/2023,Cookie,,,,Tea
TXN_6381860,Coffee,1,2,2,Digital Wallet,In-store,8/21/2023,Coffee,,,,Salad
TXN_9477892,Cake,3,3,9,Credit Card,UNKNOWN,8/21/2023,Cake,,,,Cake
TXN_3273540,Cake,1,3,3,Credit Card,,8/21/2023,Cake,,,,Cake
TXN_1488458,Coffee,4,2,8,,,8/21/2023,Coffee,,,,Smoothie
TXN_3954378,Tea,4,1.5,6,Cash,ERROR,8/21/2023,Tea,,,,Cake
TXN_4937411,Cake,1,3,3,,Takeaway,8/21/2023,Cake,,,,Cake
TXN_3709853,Smoothie,2,4,8,Credit Card,Takeaway,8/21/2023,Smoothie,,,,Smoothie
TXN_9370771,Cake,5,3,15,Cash,In-store,8/21/2023,Cake,,,,Tea
TXN_8875195,Smoothie,5,4,20,Credit Card,In-store,8/21/2023,Smoothie,,,,Cake
TXN_6007721,Smoothie,4,4,16,Cash,In-store,8/21/2023,Smoothie,,,,Salad
TXN_4549977,Cookie,1,1,1,Cash,,8/21/2023,Cookie,,,,Tea
TXN_7857126,Cookie,4,1,4,Cash,Takeaway,8/21/2023,Cookie,,,,Coffee
TXN_9772498,Cake,4,3,12,Cash,,8/21/2023,Cake,,,,Cookie
TXN_1721827,Cake,4,3,12,Digital Wallet,ERROR,8/22/2023,Cake,,,,Tea
TXN_5624860,Tea,3,1.5,4.5,Credit Card,Takeaway,8/22/2023,Tea,,,,Cookie
TXN_6202015,Cookie,2,1,2,Credit Card,Takeaway,8/22/2023,Cookie,,,,Smoothie
TXN_4454198,Tea,1,1.5,1.5,Digital Wallet,In-store,8/22/2023,Tea,,,,Smoothie
TXN_5591145,Smoothie,3,4,12,,Takeaway,8/22/2023,Smoothie,,,,Coffee
TXN_4452589,Tea,1,1.5,1.5,UNKNOWN,Takeaway,8/22/2023,Tea,,,,Tea
TXN_8384628,Salad,3,5,15,Credit Card,Takeaway,8/22/2023,Salad,,,,Cake
TXN_5665767,Tea,4,1.5,6,,,8/22/2023,Tea,,,,Coffee
TXN_1269172,Smoothie,1,4,4,Cash,,8/22/2023,Smoothie,,,,Smoothie
TXN_1077060,Coffee,3,2,6,,Takeaway,8/22/2023,Coffee,,,,Cookie
TXN_1971103,Cake,4,3,12,,,8/22/2023,Cake,,,,Cookie
TXN_4049031,Coffee,5,2,10,Digital Wallet,,8/22/2023,Coffee,,,,Cake
TXN_9617454,Smoothie,1,4,4,Digital Wallet,Takeaway,8/22/2023,Smoothie,,,,Cake
TXN_8468071,Cookie,4,1,4,,,8/22/2023,Cookie,,,,Salad
TXN_9947324,Smoothie,2,4,8,Digital Wallet,Takeaway,8/22/2023,Smoothie,,,,Salad
TXN_7799794,Cookie,4,1,4,Digital Wallet,In-store,8/22/2023,Cookie,,,,Cake
TXN_7630601,Tea,1,1.5,1.5,,Takeaway,8/22/2023,Tea,,,,Smoothie
TXN_7461544,Cookie,4,1,4,Credit Card,,8/22/2023,Cookie,,,,Coffee
TXN_5056971,Tea,4,1.5,6,Cash,Takeaway,8/22/2023,Tea,,,,Cake
TXN_6085326,Cake,2,3,6,,,8/22/2023,Cake,,,,Cake
TXN_1387062,Smoothie,5,4,20,Credit Card,,8/22/2023,Smoothie,,,,Coffee
TXN_2630698,Smoothie,2,4,8,UNKNOWN,Takeaway,8/22/2023,Smoothie,,,,Salad
TXN_5153408,Smoothie,1,4,4,Credit Card,Takeaway,8/22/2023,Smoothie,,,,Salad
TXN_3219599,Cake,2,3,6,,,8/22/2023,Cake,,,,Cake
TXN_1588687,Coffee,2,2,4,Digital Wallet,Takeaway,8/22/2023,Coffee,,,,Smoothie
TXN_1706201,Coffee,3,2,6,Credit Card,In-store,8/23/2023,Coffee,,,,Cake
TXN_7280191,Coffee,3,2,6,ERROR,Takeaway,8/23/2023,Coffee,,,,Smoothie
TXN_3688181,Cake,1,3,3,,Takeaway,8/23/2023,Cake,,,,Salad
TXN_7085875,Cake,3,3,9,Digital Wallet,In-store,8/23/2023,Cake,,,,Cookie
TXN_4932018,Smoothie,4,4,16,Digital Wallet,Takeaway,8/23/2023,Smoothie,,,,Cake
TXN_3404479,Smoothie,4,4,16,Credit Card,,8/23/2023,Smoothie,,,,Tea
TXN_7501002,Coffee,1,2,2,Digital Wallet,UNKNOWN,8/23/2023,Coffee,,,,Cookie
TXN_7587652,Cake,1,3,3,Cash,,8/23/2023,Cake,,,,Coffee
TXN_4767006,Cake,1,3,3,Cash,Takeaway,8/23/2023,Cake,,,,Cake
TXN_1360379,Tea,1,1.5,1.5,Credit Card,UNKNOWN,8/23/2023,Tea,,,,Tea
TXN_8345649,Cookie,5,1,5,Cash,,8/23/2023,Cookie,,,,Smoothie
TXN_4143449,Smoothie,3,4,12,Digital Wallet,,8/23/2023,Smoothie,,,,Cake
TXN_9691151,Coffee,4,2,8,,In-store,8/23/2023,Coffee,,,,Tea
TXN_8344035,Smoothie,2,4,8,Cash,,8/23/2023,Smoothie,,,,Cake
TXN_6687029,Smoothie,2,4,8,Credit Card,In-store,8/23/2023,Smoothie,,,,Smoothie
TXN_2279313,Cookie,2,1,2,Digital Wallet,In-store,8/23/2023,Cookie,,,,Smoothie
TXN_1759314,Salad,5,5,25,,,8/23/2023,Salad,,,,Smoothie
TXN_1721342,Smoothie,5,4,20,Digital Wallet,In-store,8/23/2023,Smoothie,,,,Salad
TXN_8872984,Salad,5,5,25,Credit Card,In-store,8/23/2023,Salad,,,,Smoothie
TXN_4779439,Cake,4,3,12,,In-store,8/23/2023,Cake,,,,Tea
TXN_4474441,Coffee,4,2,8,Credit Card,,8/23/2023,Coffee,,,,Salad
TXN_8946323,Tea,2,1.5,3,Cash,,8/23/2023,Tea,,,,Coffee
TXN_4252608,Cake,3,3,9,Credit Card,In-store,8/23/2023,Cake,,,,Cake
TXN_2950265,Salad,3,5,15,Credit Card,,8/23/2023,Salad,,,,Smoothie
TXN_8701063,Smoothie,2,4,8,,,8/23/2023,Smoothie,,,,Smoothie
TXN_3979966,Smoothie,5,4,20,,Takeaway,8/23/2023,Smoothie,,,,Salad
TXN_7391138,Tea,5,1.5,7.5,Cash,,8/23/2023,Tea,,,,Coffee
TXN_9026468,Smoothie,2,4,8,Credit Card,ERROR,8/23/2023,Smoothie,,,,Cake
TXN_5637677,Cake,2,3,6,Digital Wallet,Takeaway,8/24/2023,Cake,,,,Salad
TXN_8250731,Cookie,2,1,2,Cash,,8/24/2023,Cookie,,,,Cake
TXN_5136936,Cake,3,3,9,Cash,,8/24/2023,Cake,,,,Cookie
TXN_9530003,Salad,1,5,5,Digital Wallet,,8/24/2023,Salad,,,,Cake
TXN_4408913,Salad,2,5,10,Cash,,8/24/2023,Salad,,,,Cookie
TXN_5540067,Tea,4,1.5,6,,ERROR,8/24/2023,Tea,,,,Coffee
TXN_2077318,Cake,2,3,6,Digital Wallet,In-store,8/24/2023,Cake,,,,Tea
TXN_7230977,Cake,5,3,15,,Takeaway,8/24/2023,Cake,,,,Cake
TXN_7352058,Coffee,2,2,4,UNKNOWN,Takeaway,8/24/2023,Coffee,,,,Coffee
TXN_8108115,Coffee,3,2,6,,In-store,8/24/2023,Coffee,,,,Smoothie
TXN_2313646,Smoothie,3,4,12,,In-store,8/24/2023,Smoothie,,,,Smoothie
TXN_1595139,Smoothie,5,4,20,Cash,,8/24/2023,Smoothie,,,,Cake
TXN_8279966,Coffee,3,2,6,Cash,In-store,8/24/2023,Coffee,,,,Cake
TXN_9587445,Coffee,4,2,8,,In-store,8/24/2023,Coffee,,,,Cake
TXN_5430694,Salad,5,5,25,,,8/24/2023,Salad,,,,Cake
TXN_5243032,Cookie,1,1,1,Cash,Takeaway,8/24/2023,Cookie,,,,Smoothie
TXN_7187128,Tea,5,1.5,7.5,,Takeaway,8/24/2023,Tea,,,,Cake
TXN_8971366,Cake,2,3,6,Digital Wallet,In-store,8/24/2023,Cake,,,,Coffee
TXN_8980468,Smoothie,5,4,20,Cash,,8/24/2023,Smoothie,,,,Salad
TXN_1486119,Cookie,4,1,4,,UNKNOWN,8/24/2023,Cookie,,,,Cake
TXN_2643389,Smoothie,2,4,8,Credit Card,,8/24/2023,Smoothie,,,,Salad
TXN_9252700,Cake,3,3,9,Credit Card,,8/24/2023,Cake,,,,Cake
TXN_9293877,Cake,5,3,15,Digital Wallet,,8/24/2023,Cake,,,,Smoothie
TXN_6796890,Tea,4,1.5,6,UNKNOWN,,8/24/2023,Tea,,,,Cookie
TXN_3499124,Smoothie,4,4,16,Credit Card,,8/25/2023,Smoothie,,,,Cake
TXN_3022839,Coffee,5,2,10,Digital Wallet,Takeaway,8/25/2023,Coffee,,,,Cookie
TXN_4478185,Cake,2,3,6,Cash,In-store,8/25/2023,Cake,,,,Cookie
TXN_3792125,Salad,5,5,25,Credit Card,In-store,8/25/2023,Salad,,,,Salad
TXN_3295247,Coffee,5,2,10,Digital Wallet,,8/25/2023,Coffee,,,,Smoothie
TXN_6666679,Cake,2,3,6,Digital Wallet,,8/25/2023,Cake,,,,Cake
TXN_6539480,Cake,5,3,15,Cash,Takeaway,8/25/2023,Cake,,,,Cake
TXN_6431703,Smoothie,1,4,4,Credit Card,Takeaway,8/25/2023,Smoothie,,,,Smoothie
TXN_2163150,Salad,1,5,5,Cash,In-store,8/25/2023,Salad,,,,Cake
TXN_9523369,Coffee,3,2,6,Digital Wallet,Takeaway,8/25/2023,Coffee,,,,Cake
TXN_9202190,Smoothie,5,4,20,,In-store,8/25/2023,Smoothie,,,,Smoothie
TXN_8589003,Tea,4,1.5,6,Cash,UNKNOWN,8/25/2023,Tea,,,,Cookie
TXN_5108188,Cake,2,3,6,,,8/25/2023,Cake,,,,Coffee
TXN_3858126,Smoothie,2,4,8,,In-store,8/25/2023,Smoothie,,,,Salad
TXN_6067546,Tea,5,1.5,7.5,Digital Wallet,Takeaway,8/25/2023,Tea,,,,Cake
TXN_3135264,Cake,2,3,6,Digital Wallet,,8/25/2023,Cake,,,,Cookie
TXN_6279736,Salad,1,5,5,,,8/25/2023,Salad,,,,Smoothie
TXN_8183734,Cookie,2,1,2,Digital Wallet,In-store,8/25/2023,Cookie,,,,Smoothie
TXN_4633505,Tea,3,1.5,4.5,Digital Wallet,Takeaway,8/25/2023,Tea,,,,Cake
TXN_9607633,Cookie,2,1,2,Digital Wallet,,8/25/2023,Cookie,,,,Coffee
TXN_3746260,Smoothie,5,4,20,Digital Wallet,Takeaway,8/26/2023,Smoothie,,,,Cookie
TXN_5041555,Tea,4,1.5,6,Digital Wallet,,8/26/2023,Tea,,,,Coffee
TXN_5508620,Smoothie,2,4,8,Cash,In-store,8/26/2023,Smoothie,,,,Tea
TXN_3195132,Salad,4,5,20,Credit Card,,8/26/2023,Salad,,,,Cookie
TXN_7543722,Cookie,3,1,3,Digital Wallet,,8/26/2023,Cookie,,,,Tea
TXN_1581997,Salad,4,5,20,Digital Wallet,,8/26/2023,Salad,,,,Salad
TXN_5484423,Coffee,2,2,4,,,8/26/2023,Coffee,,,,Cake
TXN_8713971,Tea,1,1.5,1.5,Cash,,8/26/2023,Tea,,,,Tea
TXN_7809825,Smoothie,2,4,8,Credit Card,,8/26/2023,Smoothie,,,,Salad
TXN_7421018,Smoothie,4,4,16,Digital Wallet,,8/26/2023,Smoothie,,,,Cake
TXN_3085628,Salad,1,5,5,Cash,,8/26/2023,Salad,,,,Smoothie
TXN_1950777,Salad,5,5,25,Cash,Takeaway,8/26/2023,Salad,,,,Smoothie
TXN_2695546,Tea,1,1.5,1.5,Credit Card,Takeaway,8/26/2023,Tea,,,,Salad
TXN_8512136,Cake,1,3,3,Cash,Takeaway,8/26/2023,Cake,,,,Tea
TXN_9975079,Smoothie,2,4,8,Cash,,8/26/2023,Smoothie,,,,Smoothie
TXN_2550923,Cake,2,3,6,Cash,Takeaway,8/26/2023,Cake,,,,Tea
TXN_3352028,Cookie,4,1,4,Credit Card,In-store,8/26/2023,Cookie,,,,Cake
TXN_8419985,Cake,3,3,9,,ERROR,8/26/2023,Cake,,,,Cake
TXN_1172121,Coffee,5,2,10,Cash,Takeaway,8/26/2023,Coffee,,,,Tea
TXN_6370625,Smoothie,3,4,12,Credit Card,In-store,8/26/2023,Smoothie,,,,Cookie
TXN_3602823,Coffee,4,2,8,,,8/26/2023,Coffee,,,,Tea
TXN_8211303,Salad,5,5,25,,,8/26/2023,Salad,,,,Cake
TXN_2325141,Tea,3,1.5,4.5,Digital Wallet,,8/26/2023,Tea,,,,Smoothie
TXN_7215900,Coffee,3,2,6,Cash,Takeaway,8/26/2023,Coffee,,,,Smoothie
TXN_8716594,Salad,4,5,20,Credit Card,Takeaway,8/26/2023,Salad,,,,Cake
TXN_2242015,Tea,2,1.5,3,Cash,ERROR,8/26/2023,Tea,,,,Salad
TXN_1242840,Smoothie,1,4,4,Credit Card,,8/26/2023,Smoothie,,,,Smoothie
TXN_4276482,Smoothie,4,4,16,,Takeaway,8/26/2023,Smoothie,,,,Cake
TXN_6265785,Salad,5,5,25,Credit Card,Takeaway,8/26/2023,Salad,,,,Tea
TXN_2253852,Cookie,2,1,2,Credit Card,Takeaway,8/26/2023,Cookie,,,,Coffee
TXN_3663592,Smoothie,2,4,8,,Takeaway,8/26/2023,Smoothie,,,,Smoothie
TXN_3325234,Tea,1,1.5,1.5,ERROR,In-store,8/26/2023,Tea,,,,Cake
TXN_1183208,Smoothie,5,4,20,ERROR,,8/26/2023,Smoothie,,,,Cookie
TXN_3528020,Cookie,1,1,1,,Takeaway,8/26/2023,Cookie,,,,Tea
TXN_8345723,Smoothie,1,4,4,Digital Wallet,Takeaway,8/27/2023,Smoothie,,,,Smoothie
TXN_4430176,Smoothie,4,4,16,Credit Card,Takeaway,8/27/2023,Smoothie,,,,Cake
TXN_2101437,Smoothie,2,4,8,Cash,In-store,8/27/2023,Smoothie,,,,Tea
TXN_3003876,Cookie,3,1,3,Cash,ERROR,8/27/2023,Cookie,,,,Salad
TXN_6145837,Cake,5,3,15,Digital Wallet,Takeaway,8/27/2023,Cake,,,,Cake
TXN_4784128,Smoothie,3,4,12,Cash,Takeaway,8/27/2023,Smoothie,,,,Cookie
TXN_7293241,Coffee,1,2,2,Digital Wallet,,8/27/2023,Coffee,,,,Coffee
TXN_4026277,Tea,3,1.5,4.5,Digital Wallet,In-store,8/27/2023,Tea,,,,Smoothie
TXN_6431215,Cake,1,3,3,,ERROR,8/27/2023,Cake,,,,Smoothie
TXN_9632482,Cake,2,3,6,Credit Card,,8/27/2023,Cake,,,,Cake
TXN_9188172,Cake,3,3,9,Digital Wallet,In-store,8/27/2023,Cake,,,,Cookie
TXN_4075198,Salad,5,5,25,Cash,,8/27/2023,Salad,,,,Cake
TXN_4761088,Cake,4,3,12,Digital Wallet,,8/27/2023,Cake,,,,Smoothie
TXN_7049149,Smoothie,4,4,16,,,8/27/2023,Smoothie,,,,Cookie
TXN_9241048,Cake,4,3,12,Credit Card,In-store,8/27/2023,Cake,,,,Cake
TXN_8175702,Tea,1,1.5,1.5,,Takeaway,8/27/2023,Tea,,,,Smoothie
TXN_4129569,Cookie,4,1,4,Digital Wallet,UNKNOWN,8/27/2023,Cookie,,,,Tea
TXN_6527482,Cake,1,3,3,UNKNOWN,Takeaway,8/27/2023,Cake,,,,Cake
TXN_1933628,Cake,2,3,6,Cash,In-store,8/27/2023,Cake,,,,Cookie
TXN_3462602,Cake,3,3,9,Credit Card,In-store,8/27/2023,Cake,,,,Smoothie
TXN_4582054,Salad,2,5,10,Digital Wallet,Takeaway,8/27/2023,Salad,,,,Cake
TXN_2887257,Cookie,3,1,3,Credit Card,In-store,8/27/2023,Cookie,,,,Smoothie
TXN_9852820,Salad,2,5,10,Credit Card,In-store,8/27/2023,Salad,,,,Smoothie
TXN_4224423,Cake,3,3,9,Cash,Takeaway,8/27/2023,Cake,,,,Cake
TXN_8136881,Salad,3,5,15,Cash,In-store,8/28/2023,Salad,,,,Smoothie
TXN_2866147,Cake,2,3,6,UNKNOWN,Takeaway,8/28/2023,Cake,,,,Smoothie
TXN_5509088,Smoothie,3,4,12,Digital Wallet,,8/28/2023,Smoothie,,,,Cookie
TXN_1007347,Salad,4,5,20,Digital Wallet,In-store,8/28/2023,Salad,,,,Smoothie
TXN_1853196,Smoothie,1,4,4,Credit Card,,8/28/2023,Smoothie,,,,Tea
TXN_9894745,Tea,2,1.5,3,Cash,Takeaway,8/28/2023,Tea,,,,Cookie
TXN_1951166,Tea,2,1.5,3,Credit Card,ERROR,8/28/2023,Tea,,,,Smoothie
TXN_9073440,Smoothie,2,4,8,Credit Card,Takeaway,8/28/2023,Smoothie,,,,Cake
TXN_8616557,Smoothie,5,4,20,,In-store,8/28/2023,Smoothie,,,,Smoothie
TXN_3764807,Smoothie,2,4,8,,,8/28/2023,Smoothie,,,,Coffee
TXN_7388752,Salad,1,5,5,Credit Card,Takeaway,8/28/2023,Salad,,,,Cookie
TXN_4702378,Cake,2,3,6,Cash,UNKNOWN,8/28/2023,Cake,,,,Salad
TXN_6752476,Tea,4,1.5,6,,Takeaway,8/28/2023,Tea,,,,Coffee
TXN_9041537,Smoothie,4,4,16,,,8/28/2023,Smoothie,,,,Cake
TXN_1255476,Smoothie,1,4,4,,,8/28/2023,Smoothie,,,,Cake
TXN_2457189,Smoothie,3,4,12,Digital Wallet,Takeaway,8/28/2023,Smoothie,,,,Coffee
TXN_9231480,Cookie,4,1,4,Cash,,8/28/2023,Cookie,,,,Smoothie
TXN_1946773,Smoothie,4,4,16,Cash,,8/28/2023,Smoothie,,,,Cookie
TXN_5740553,Salad,5,5,25,,In-store,8/29/2023,Salad,,,,Tea
TXN_6208034,Cake,1,3,3,Digital Wallet,,8/29/2023,Cake,,,,Salad
TXN_8780340,Cake,5,3,15,Credit Card,,8/29/2023,Cake,,,,Tea
TXN_5855756,Smoothie,1,4,4,Credit Card,In-store,8/29/2023,Smoothie,,,,Smoothie
TXN_3599473,Coffee,2,2,4,Cash,,8/29/2023,Coffee,,,,Cake
TXN_7666909,Cake,4,3,12,Credit Card,Takeaway,8/29/2023,Cake,,,,Cake
TXN_1647144,Salad,2,5,10,,Takeaway,8/29/2023,Salad,,,,Coffee
TXN_7737862,Cookie,2,1,2,Credit Card,,8/29/2023,Cookie,,,,Smoothie
TXN_9948645,Salad,1,5,5,Credit Card,,8/29/2023,Salad,,,,Smoothie
TXN_6992967,Smoothie,5,4,20,Cash,,8/29/2023,Smoothie,,,,Cake
TXN_5015183,Cake,2,3,6,ERROR,In-store,8/29/2023,Cake,,,,Cake
TXN_6838802,Coffee,1,2,2,,Takeaway,8/29/2023,Coffee,,,,Smoothie
TXN_5321145,Smoothie,5,4,20,Digital Wallet,Takeaway,8/29/2023,Smoothie,,,,Coffee
TXN_2437586,Smoothie,4,4,16,Cash,,8/29/2023,Smoothie,,,,Cake
TXN_2941227,Cookie,3,1,3,Cash,In-store,8/29/2023,Cookie,,,,Cake
TXN_3632068,Cake,2,3,6,Cash,,8/29/2023,Cake,,,,Cake
TXN_2927941,Smoothie,4,4,16,Credit Card,Takeaway,8/29/2023,Smoothie,,,,Salad
TXN_8047234,Cake,3,3,9,Credit Card,ERROR,8/29/2023,Cake,,,,Cake
TXN_5853281,Coffee,4,2,8,,,8/29/2023,Coffee,,,,Salad
TXN_9775900,Cake,4,3,12,Digital Wallet,In-store,8/29/2023,Cake,,,,Smoothie
TXN_7878520,Smoothie,3,4,12,Digital Wallet,Takeaway,8/29/2023,Smoothie,,,,Coffee
TXN_2110490,Salad,1,5,5,Cash,In-store,8/29/2023,Salad,,,,Tea
TXN_4323120,Coffee,5,2,10,,,8/29/2023,Coffee,,,,Cookie
TXN_6361593,Smoothie,4,4,16,Digital Wallet,Takeaway,8/29/2023,Smoothie,,,,Cake
TXN_1927324,Smoothie,1,4,4,Digital Wallet,Takeaway,8/29/2023,Smoothie,,,,Tea
TXN_6269306,Smoothie,5,4,20,Credit Card,,8/29/2023,Smoothie,,,,Cookie
TXN_2716560,Smoothie,4,4,16,Credit Card,Takeaway,8/29/2023,Smoothie,,,,Cake
TXN_6522299,Tea,2,1.5,3,Cash,ERROR,8/29/2023,Tea,,,,Tea
TXN_4174591,Tea,4,1.5,6,Digital Wallet,,8/30/2023,Tea,,,,Salad
TXN_8692094,Coffee,5,2,10,,Takeaway,8/30/2023,Coffee,,,,Salad
TXN_6836137,Cake,4,3,12,,In-store,8/30/2023,Cake,,,,Cookie
TXN_2064360,Coffee,4,2,8,Digital Wallet,In-store,8/30/2023,Coffee,,,,Cookie
TXN_3756680,Tea,2,1.5,3,Credit Card,ERROR,8/30/2023,Tea,,,,Salad
TXN_7090165,Smoothie,5,4,20,Digital Wallet,In-store,8/30/2023,Smoothie,,,,Cookie
TXN_5790213,Cake,3,3,9,Cash,,8/30/2023,Cake,,,,Salad
TXN_1732216,Coffee,3,2,6,Digital Wallet,Takeaway,8/30/2023,Coffee,,,,Cake
TXN_8157817,Tea,2,1.5,3,Credit Card,Takeaway,8/30/2023,Tea,,,,Cookie
TXN_5049646,Cake,2,3,6,Credit Card,In-store,8/30/2023,Cake,,,,Tea
TXN_3767196,Salad,4,5,20,Cash,,8/30/2023,Salad,,,,Cookie
TXN_3526095,Smoothie,3,4,12,Cash,Takeaway,8/30/2023,Smoothie,,,,Tea
TXN_5738243,Salad,5,5,25,Credit Card,Takeaway,8/30/2023,Salad,,,,Cake
TXN_1353266,Smoothie,1,4,4,Digital Wallet,Takeaway,8/30/2023,Smoothie,,,,Smoothie
TXN_5432582,Cake,3,3,9,UNKNOWN,,8/30/2023,Cake,,,,Coffee
TXN_1803599,Smoothie,1,4,4,Digital Wallet,Takeaway,8/30/2023,Smoothie,,,,Tea
TXN_8704802,Smoothie,3,4,12,,,8/30/2023,Smoothie,,,,Cake
TXN_2882871,Salad,3,5,15,Credit Card,Takeaway,8/30/2023,Salad,,,,Smoothie
TXN_5538696,Coffee,2,2,4,ERROR,In-store,8/30/2023,Coffee,,,,Tea
TXN_2785262,Salad,3,5,15,Cash,Takeaway,8/30/2023,Salad,,,,Smoothie
TXN_2772639,Tea,4,1.5,6,Credit Card,In-store,8/30/2023,Tea,,,,Cookie
TXN_7672686,Coffee,2,2,4,,UNKNOWN,8/30/2023,Coffee,,,,Cake
TXN_9642066,Smoothie,3,4,12,Credit Card,In-store,8/31/2023,Smoothie,,,,Smoothie
TXN_8466519,Cookie,1,1,1,,Takeaway,8/31/2023,Cookie,,,,Salad
TXN_1388606,Cake,3,3,9,Digital Wallet,Takeaway,8/31/2023,Cake,,,,Tea
TXN_2466036,Coffee,5,2,10,,Takeaway,8/31/2023,Coffee,,,,Cake
TXN_7104682,Cookie,5,1,5,,Takeaway,8/31/2023,Cookie,,,,Cake
TXN_4754346,Cake,4,3,12,Credit Card,In-store,8/31/2023,Cake,,,,Cake
TXN_1923984,Cake,2,3,6,Credit Card,Takeaway,8/31/2023,Cake,,,,Coffee
TXN_6504180,Smoothie,1,4,4,Digital Wallet,In-store,8/31/2023,Smoothie,,,,Smoothie
TXN_3017917,Cookie,3,1,3,Credit Card,Takeaway,8/31/2023,Cookie,,,,Coffee
TXN_4507533,Cake,1,3,3,Digital Wallet,,8/31/2023,Cake,,,,Tea
TXN_2083132,Salad,1,5,5,UNKNOWN,,8/31/2023,Salad,,,,Coffee
TXN_5426236,Smoothie,3,4,12,Cash,Takeaway,8/31/2023,Smoothie,,,,Cookie
TXN_7309365,Cake,2,3,6,Cash,,8/31/2023,Cake,,,,Coffee
TXN_5901887,Smoothie,4,4,16,ERROR,Takeaway,8/31/2023,Smoothie,,,,Coffee
TXN_3524464,Smoothie,4,4,16,Credit Card,Takeaway,8/31/2023,Smoothie,,,,Smoothie
TXN_7954064,Cake,5,3,15,Credit Card,In-store,8/31/2023,Cake,,,,Smoothie
TXN_9039882,Smoothie,4,4,16,,In-store,8/31/2023,Smoothie,,,,Cake
TXN_8211133,Tea,2,1.5,3,,Takeaway,8/31/2023,Tea,,,,Cake
TXN_4787754,Cake,2,3,6,Digital Wallet,Takeaway,8/31/2023,Cake,,,,Tea
TXN_4218637,Tea,5,1.5,7.5,Cash,,8/31/2023,Tea,,,,Salad
TXN_5108183,Smoothie,4,4,16,Credit Card,ERROR,8/31/2023,Smoothie,,,,Cake
TXN_6761402,Coffee,1,2,2,,Takeaway,8/31/2023,Coffee,,,,Coffee
TXN_1373048,Salad,5,5,25,,In-store,8/31/2023,Salad,,,,Cake
TXN_6704284,Salad,2,5,10,Credit Card,Takeaway,8/31/2023,Salad,,,,Salad
TXN_6250692,Smoothie,1,4,4,UNKNOWN,,9/1/2023,Smoothie,,,,Cake
TXN_7020671,Coffee,1,2,2,,ERROR,9/1/2023,Coffee,,,,Cookie
TXN_3970335,Cake,5,3,15,Digital Wallet,Takeaway,9/1/2023,Cake,,,,Cake
TXN_9465300,Tea,2,1.5,3,Credit Card,UNKNOWN,9/1/2023,Tea,,,,Salad
TXN_9370304,Smoothie,4,4,16,,Takeaway,9/1/2023,Smoothie,,,,Tea
TXN_8877644,Cookie,2,1,2,,Takeaway,9/1/2023,Cookie,,,,Salad
TXN_7694491,Salad,3,5,15,Cash,In-store,9/1/2023,Salad,,,,Cake
TXN_3187634,Coffee,5,2,10,Digital Wallet,Takeaway,9/1/2023,Coffee,,,,Cookie
TXN_9533792,Cookie,3,1,3,Digital Wallet,In-store,9/1/2023,Cookie,,,,Smoothie
TXN_9818498,Smoothie,3,4,12,Credit Card,Takeaway,9/1/2023,Smoothie,,,,Coffee
TXN_5180728,Tea,2,1.5,3,,In-store,9/1/2023,Tea,,,,Coffee
TXN_6616311,Coffee,4,2,8,ERROR,,9/1/2023,Coffee,,,,Cookie
TXN_8294790,Cookie,1,1,1,Digital Wallet,Takeaway,9/1/2023,Cookie,,,,Tea
TXN_9849760,Cake,2,3,6,,Takeaway,9/1/2023,Cake,,,,Cookie
TXN_8932759,Smoothie,3,4,12,Credit Card,Takeaway,9/1/2023,Smoothie,,,,Smoothie
TXN_2860514,Cookie,5,1,5,Credit Card,,9/1/2023,Cookie,,,,Smoothie
TXN_2991726,Cake,5,3,15,,In-store,9/1/2023,Cake,,,,Salad
TXN_2924262,Cookie,5,1,5,,,9/1/2023,Cookie,,,,Smoothie
TXN_3541337,Cookie,4,1,4,Digital Wallet,Takeaway,9/1/2023,Cookie,,,,Cookie
TXN_2073647,Smoothie,3,4,12,UNKNOWN,In-store,9/1/2023,Smoothie,,,,Cake
TXN_8219298,Cake,5,3,15,Credit Card,,9/1/2023,Cake,,,,Cake
TXN_4231121,Coffee,4,2,8,ERROR,UNKNOWN,9/1/2023,Coffee,,,,Smoothie
TXN_6706566,Cookie,3,1,3,Cash,,9/1/2023,Cookie,,,,Cake
TXN_3612790,Smoothie,1,4,4,,,9/1/2023,Smoothie,,,,Cake
TXN_1142233,Tea,5,1.5,7.5,Digital Wallet,Takeaway,9/1/2023,Tea,,,,Cookie
TXN_6146889,Cake,2,3,6,,Takeaway,9/1/2023,Cake,,,,Cookie
TXN_6616971,Cake,2,3,6,Digital Wallet,Takeaway,9/2/2023,Cake,,,,Coffee
TXN_3638955,Cookie,2,1,2,Cash,Takeaway,9/2/2023,Cookie,,,,Cake
TXN_8778598,Smoothie,3,4,12,Cash,,9/2/2023,Smoothie,,,,Smoothie
TXN_8608765,Salad,4,5,20,Credit Card,,9/2/2023,Salad,,,,Cake
TXN_9890874,Smoothie,5,4,20,Cash,In-store,9/2/2023,Smoothie,,,,Salad
TXN_2625324,Coffee,1,2,2,,UNKNOWN,9/2/2023,Coffee,,,,Coffee
TXN_4011694,Coffee,1,2,2,Credit Card,In-store,9/2/2023,Coffee,,,,Coffee
TXN_2275523,Tea,4,1.5,6,Digital Wallet,UNKNOWN,9/2/2023,Tea,,,,Smoothie
TXN_6037144,Tea,3,1.5,4.5,Cash,Takeaway,9/2/2023,Tea,,,,Smoothie
TXN_8588231,Cake,4,3,12,,Takeaway,9/2/2023,Cake,,,,Cake
TXN_8557847,Smoothie,4,4,16,,Takeaway,9/2/2023,Smoothie,,,,Smoothie
TXN_9850541,Cookie,4,1,4,Cash,Takeaway,9/2/2023,Cookie,,,,Cake
TXN_7562171,Tea,1,1.5,1.5,,In-store,9/2/2023,Tea,,,,Cake
TXN_8913153,Smoothie,2,4,8,Credit Card,,9/2/2023,Smoothie,,,,Smoothie
TXN_8560548,Smoothie,1,4,4,Credit Card,Takeaway,9/2/2023,Smoothie,,,,Salad
TXN_9874775,Tea,1,1.5,1.5,Cash,,9/2/2023,Tea,,,,Cake
TXN_2798069,Tea,5,1.5,7.5,Digital Wallet,UNKNOWN,9/2/2023,Tea,,,,Salad
TXN_9287780,Smoothie,2,4,8,Cash,In-store,9/2/2023,Smoothie,,,,Coffee
TXN_6433525,Smoothie,2,4,8,,,9/2/2023,Smoothie,,,,Cookie
TXN_1817275,Salad,2,5,10,Cash,In-store,9/2/2023,Salad,,,,Coffee
TXN_5227798,Salad,4,5,20,Cash,,9/2/2023,Salad,,,,Cookie
TXN_2294603,Tea,1,1.5,1.5,Credit Card,Takeaway,9/2/2023,Tea,,,,Cake
TXN_8127681,Smoothie,1,4,4,Credit Card,Takeaway,9/2/2023,Smoothie,,,,Smoothie
TXN_9705971,Cake,2,3,6,Credit Card,Takeaway,9/2/2023,Cake,,,,Smoothie
TXN_5415223,Tea,2,1.5,3,Cash,In-store,9/2/2023,Tea,,,,Salad
TXN_3374343,Cake,2,3,6,,,9/2/2023,Cake,,,,Tea
TXN_3502394,Coffee,3,2,6,Credit Card,In-store,9/2/2023,Coffee,,,,Smoothie
TXN_5088167,Coffee,5,2,10,Credit Card,UNKNOWN,9/2/2023,Coffee,,,,Salad
TXN_7764175,Salad,3,5,15,Cash,In-store,9/2/2023,Salad,,,,Cookie
TXN_8729570,Tea,5,1.5,7.5,UNKNOWN,In-store,9/3/2023,Tea,,,,Cake
TXN_4203585,Cake,2,3,6,,,9/3/2023,Cake,,,,Tea
TXN_6902481,Cake,3,3,9,Cash,,9/3/2023,Cake,,,,Cookie
TXN_2916247,Salad,3,5,15,,In-store,9/3/2023,Salad,,,,Salad
TXN_8658970,Salad,3,5,15,Credit Card,,9/3/2023,Salad,,,,Smoothie
TXN_6345691,Smoothie,5,4,20,Credit Card,,9/3/2023,Smoothie,,,,Tea
TXN_3466686,Smoothie,3,4,12,Digital Wallet,Takeaway,9/3/2023,Smoothie,,,,Cookie
TXN_6682443,Cake,4,3,12,Digital Wallet,,9/3/2023,Cake,,,,Smoothie
TXN_5671997,Cake,3,3,9,,Takeaway,9/3/2023,Cake,,,,Smoothie
TXN_1643447,Cake,1,3,3,ERROR,,9/3/2023,Cake,,,,Cake
TXN_6980463,Salad,1,5,5,Digital Wallet,In-store,9/3/2023,Salad,,,,Salad
TXN_2935758,Smoothie,1,4,4,Credit Card,In-store,9/3/2023,Smoothie,,,,Smoothie
TXN_7821658,Coffee,5,2,10,,In-store,9/3/2023,Coffee,,,,Cake
TXN_4234750,Cake,2,3,6,Cash,,9/3/2023,Cake,,,,Salad
TXN_1220061,Smoothie,3,4,12,Digital Wallet,In-store,9/3/2023,Smoothie,,,,Tea
TXN_2905218,Smoothie,5,4,20,Cash,In-store,9/3/2023,Smoothie,,,,Cake
TXN_4822216,Cake,1,3,3,,,9/3/2023,Cake,,,,Cake
TXN_8947660,Coffee,1,2,2,,In-store,9/3/2023,Coffee,,,,Smoothie
TXN_1353248,Smoothie,3,4,12,Cash,UNKNOWN,9/3/2023,Smoothie,,,,Cookie
TXN_3226832,Smoothie,5,4,20,Cash,UNKNOWN,9/4/2023,Smoothie,,,,Smoothie
TXN_5933480,Smoothie,3,4,12,Digital Wallet,In-store,9/4/2023,Smoothie,,,,Smoothie
TXN_3547825,Cookie,3,1,3,,Takeaway,9/4/2023,Cookie,,,,Cake
TXN_8623443,Salad,3,5,15,Credit Card,In-store,9/4/2023,Salad,,,,Tea
TXN_1981602,Smoothie,4,4,16,Cash,,9/4/2023,Smoothie,,,,Tea
TXN_8588335,Salad,4,5,20,Credit Card,,9/4/2023,Salad,,,,Coffee
TXN_1996318,Cake,5,3,15,Digital Wallet,,9/4/2023,Cake,,,,Smoothie
TXN_3926570,Coffee,3,2,6,,UNKNOWN,9/4/2023,Coffee,,,,Cake
TXN_2586183,Cookie,2,1,2,Cash,,9/4/2023,Cookie,,,,Salad
TXN_6805882,Cookie,4,1,4,Cash,In-store,9/4/2023,Cookie,,,,Smoothie
TXN_4586482,Cake,3,3,9,,In-store,9/4/2023,Cake,,,,Cookie
TXN_7914340,Tea,1,1.5,1.5,,ERROR,9/4/2023,Tea,,,,Tea
TXN_3975938,Smoothie,3,4,12,Credit Card,,9/4/2023,Smoothie,,,,Smoothie
TXN_3103520,Cake,3,3,9,,,9/4/2023,Cake,,,,Cake
TXN_4378200,Tea,5,1.5,7.5,Credit Card,In-store,9/4/2023,Tea,,,,Salad
TXN_5520841,Cake,1,3,3,,Takeaway,9/4/2023,Cake,,,,Smoothie
TXN_7465693,Smoothie,3,4,12,Digital Wallet,,9/4/2023,Smoothie,,,,Tea
TXN_3863625,Salad,5,5,25,Cash,In-store,9/4/2023,Salad,,,,Coffee
TXN_3508619,Smoothie,4,4,16,,ERROR,9/4/2023,Smoothie,,,,Cake
TXN_4224284,Cookie,2,1,2,UNKNOWN,Takeaway,9/4/2023,Cookie,,,,Coffee
TXN_7896586,Smoothie,2,4,8,Credit Card,,9/4/2023,Smoothie,,,,Cookie
TXN_4648031,Tea,4,1.5,6,Digital Wallet,,9/4/2023,Tea,,,,Smoothie
TXN_7742742,Cake,5,3,15,,Takeaway,9/5/2023,Cake,,,,Salad
TXN_2106959,Smoothie,5,4,20,Digital Wallet,UNKNOWN,9/5/2023,Smoothie,,,,Smoothie
TXN_9959813,Smoothie,4,4,16,Digital Wallet,,9/5/2023,Smoothie,,,,Smoothie
TXN_1148945,Coffee,1,2,2,,UNKNOWN,9/5/2023,Coffee,,,,Tea
TXN_1544070,Coffee,5,2,10,UNKNOWN,Takeaway,9/5/2023,Coffee,,,,Cookie
TXN_5538503,Smoothie,2,4,8,,In-store,9/5/2023,Smoothie,,,,Cake
TXN_4516901,Tea,2,1.5,3,Credit Card,In-store,9/5/2023,Tea,,,,Smoothie
TXN_8097899,Coffee,4,2,8,Digital Wallet,UNKNOWN,9/5/2023,Coffee,,,,Cake
TXN_9952441,Smoothie,1,4,4,Cash,In-store,9/5/2023,Smoothie,,,,Tea
TXN_6688020,Salad,5,5,25,UNKNOWN,,9/5/2023,Salad,,,,Cake
TXN_1752617,Tea,5,1.5,7.5,,Takeaway,9/5/2023,Tea,,,,Coffee
TXN_3421456,Cake,1,3,3,UNKNOWN,,9/5/2023,Cake,,,,Cookie
TXN_1469462,Cake,1,3,3,Credit Card,Takeaway,9/5/2023,Cake,,,,Cookie
TXN_7524971,Tea,4,1.5,6,Digital Wallet,Takeaway,9/5/2023,Tea,,,,Cake
TXN_1772692,Smoothie,3,4,12,Cash,,9/5/2023,Smoothie,,,,Coffee
TXN_6328925,Salad,4,5,20,Credit Card,,9/5/2023,Salad,,,,Smoothie
TXN_3265085,Cookie,5,1,5,,In-store,9/5/2023,Cookie,,,,Cake
TXN_1616810,Cookie,2,1,2,,In-store,9/5/2023,Cookie,,,,Cookie
TXN_2704452,Salad,2,5,10,Credit Card,Takeaway,9/5/2023,Salad,,,,Smoothie
TXN_2807590,Smoothie,4,4,16,Cash,Takeaway,9/5/2023,Smoothie,,,,Cake
TXN_6101067,Smoothie,1,4,4,Credit Card,Takeaway,9/5/2023,Smoothie,,,,Smoothie
TXN_3920273,Smoothie,4,4,16,Digital Wallet,In-store,9/5/2023,Smoothie,,,,Salad
TXN_9789876,Salad,4,5,20,Cash,Takeaway,9/5/2023,Salad,,,,Cake
TXN_4376376,Salad,3,5,15,Digital Wallet,ERROR,9/5/2023,Salad,,,,Cookie
TXN_7179922,Cake,2,3,6,,In-store,9/5/2023,Cake,,,,Salad
TXN_7340284,Cookie,5,1,5,,Takeaway,9/5/2023,Cookie,,,,Smoothie
TXN_2886505,Tea,3,1.5,4.5,,,9/5/2023,Tea,,,,Coffee
TXN_3047598,Cookie,1,1,1,,,9/6/2023,Cookie,,,,Cookie
TXN_6428593,Tea,5,1.5,7.5,,,9/6/2023,Tea,,,,Cake
TXN_6202035,Tea,2,1.5,3,,In-store,9/6/2023,Tea,,,,Smoothie
TXN_6441650,Cake,5,3,15,UNKNOWN,Takeaway,9/6/2023,Cake,,,,Cookie
TXN_1335337,Tea,3,1.5,4.5,Credit Card,In-store,9/6/2023,Tea,,,,Tea
TXN_8278982,Smoothie,5,4,20,Credit Card,Takeaway,9/6/2023,Smoothie,,,,Smoothie
TXN_2690515,Smoothie,2,4,8,Cash,Takeaway,9/6/2023,Smoothie,,,,Salad
TXN_1655827,Cake,1,3,3,,In-store,9/6/2023,Cake,,,,Smoothie
TXN_8961155,Cake,5,3,15,Cash,Takeaway,9/6/2023,Cake,,,,Cake
TXN_9907306,Cookie,3,1,3,Digital Wallet,Takeaway,9/6/2023,Cookie,,,,Cookie
TXN_5634960,Tea,2,1.5,3,,Takeaway,9/6/2023,Tea,,,,Smoothie
TXN_3643348,Smoothie,4,4,16,Digital Wallet,In-store,9/6/2023,Smoothie,,,,Cake
TXN_6295047,Tea,4,1.5,6,Digital Wallet,,9/6/2023,Tea,,,,Coffee
TXN_9378562,Cake,3,3,9,,,9/6/2023,Cake,,,,Smoothie
TXN_8490157,Salad,2,5,10,Credit Card,In-store,9/6/2023,Salad,,,,Smoothie
TXN_3412484,Cake,4,3,12,,Takeaway,9/6/2023,Cake,,,,Salad
TXN_9843421,Cake,3,3,9,UNKNOWN,In-store,9/6/2023,Cake,,,,Tea
TXN_7423885,Cake,4,3,12,Digital Wallet,Takeaway,9/6/2023,Cake,,,,Cookie
TXN_2939069,Smoothie,5,4,20,Credit Card,Takeaway,9/6/2023,Smoothie,,,,Smoothie
TXN_3272946,Salad,3,5,15,Credit Card,In-store,9/6/2023,Salad,,,,Salad
TXN_9598764,Cake,2,3,6,Credit Card,In-store,9/6/2023,Cake,,,,Smoothie
TXN_9890279,Smoothie,4,4,16,,In-store,9/6/2023,Smoothie,,,,Salad
TXN_4784154,Tea,5,1.5,7.5,Credit Card,In-store,9/6/2023,Tea,,,,Smoothie
TXN_2920578,Smoothie,4,4,16,Cash,,9/6/2023,Smoothie,,,,Smoothie
TXN_2418609,Smoothie,2,4,8,Digital Wallet,In-store,9/6/2023,Smoothie,,,,Tea
TXN_2349072,Smoothie,5,4,20,Cash,Takeaway,9/6/2023,Smoothie,,,,Smoothie
TXN_9502424,Cake,4,3,12,Cash,ERROR,9/6/2023,Cake,,,,Cookie
TXN_1736294,Coffee,3,2,6,Digital Wallet,,9/6/2023,Coffee,,,,Cookie
TXN_6013024,Cake,3,3,9,Credit Card,Takeaway,9/6/2023,Cake,,,,Cake
TXN_3529354,Cake,2,3,6,Credit Card,Takeaway,9/6/2023,Cake,,,,Salad
TXN_5568416,Cake,5,3,15,Credit Card,UNKNOWN,9/6/2023,Cake,,,,Tea
TXN_5530180,Cookie,5,1,5,,In-store,9/6/2023,Cookie,,,,Smoothie
TXN_4413197,Tea,4,1.5,6,Digital Wallet,,9/6/2023,Tea,,,,Tea
TXN_3497691,Smoothie,4,4,16,Credit Card,,9/6/2023,Smoothie,,,,Smoothie
TXN_4048690,Cake,3,3,9,Cash,In-store,9/6/2023,Cake,,,,Cake
TXN_7198128,Cake,2,3,6,,In-store,9/7/2023,Cake,,,,Tea
TXN_3678091,Cake,3,3,9,Cash,,9/7/2023,Cake,,,,Tea
TXN_2229365,Smoothie,2,4,8,Cash,In-store,9/7/2023,Smoothie,,,,Tea
TXN_7206160,Smoothie,2,4,8,,,9/7/2023,Smoothie,,,,Cake
TXN_6691781,Coffee,4,2,8,Credit Card,UNKNOWN,9/7/2023,Coffee,,,,Tea
TXN_9749175,Cake,1,3,3,Credit Card,In-store,9/7/2023,Cake,,,,Tea
TXN_8905718,Tea,5,1.5,7.5,,In-store,9/7/2023,Tea,,,,Coffee
TXN_5442505,Cake,4,3,12,Digital Wallet,Takeaway,9/7/2023,Cake,,,,Smoothie
TXN_7177487,Tea,4,1.5,6,Credit Card,,9/7/2023,Tea,,,,Smoothie
TXN_4013761,Coffee,3,2,6,UNKNOWN,,9/7/2023,Coffee,,,,Coffee
TXN_6778974,Smoothie,2,4,8,,,9/7/2023,Smoothie,,,,Smoothie
TXN_6226704,Coffee,4,2,8,Digital Wallet,In-store,9/7/2023,Coffee,,,,Cake
TXN_6241682,Smoothie,3,4,12,,In-store,9/7/2023,Smoothie,,,,Coffee
TXN_5354721,Cake,5,3,15,UNKNOWN,Takeaway,9/7/2023,Cake,,,,Cake
TXN_3042768,Cookie,3,1,3,Digital Wallet,Takeaway,9/7/2023,Cookie,,,,Salad
TXN_6875870,Salad,5,5,25,,,9/7/2023,Salad,,,,Smoothie
TXN_8271541,Smoothie,2,4,8,ERROR,,9/7/2023,Smoothie,,,,Cookie
TXN_5124519,Smoothie,3,4,12,Credit Card,In-store,9/7/2023,Smoothie,,,,Salad
TXN_2311188,Cake,2,3,6,Digital Wallet,UNKNOWN,9/7/2023,Cake,,,,Smoothie
TXN_7312277,Cake,4,3,12,,In-store,9/7/2023,Cake,,,,Smoothie
TXN_6411390,Cake,1,3,3,Cash,,9/7/2023,Cake,,,,Smoothie
TXN_2369294,Smoothie,2,4,8,Cash,Takeaway,9/7/2023,Smoothie,,,,Smoothie
TXN_8506937,Salad,1,5,5,,In-store,9/7/2023,Salad,,,,Coffee
TXN_1292476,Cake,4,3,12,Digital Wallet,Takeaway,9/7/2023,Cake,,,,Coffee
TXN_3717444,Smoothie,3,4,12,ERROR,,9/7/2023,Smoothie,,,,Smoothie
TXN_8918253,Smoothie,3,4,12,Digital Wallet,,9/7/2023,Smoothie,,,,Cake
TXN_7276478,Smoothie,5,4,20,Cash,Takeaway,9/7/2023,Smoothie,,,,Tea
TXN_9034955,Cookie,1,1,1,Credit Card,In-store,9/7/2023,Cookie,,,,Salad
TXN_6011106,Cake,2,3,6,Digital Wallet,,9/7/2023,Cake,,,,Cake
TXN_1961373,Coffee,2,2,4,Credit Card,Takeaway,9/8/2023,Coffee,,,,Tea
TXN_7809183,Cookie,4,1,4,Digital Wallet,Takeaway,9/8/2023,Cookie,,,,Smoothie
TXN_5229169,Cake,2,3,6,Credit Card,Takeaway,9/8/2023,Cake,,,,Coffee
TXN_3615483,Smoothie,2,4,8,Digital Wallet,,9/8/2023,Smoothie,,,,Cookie
TXN_2062269,Cake,4,3,12,Digital Wallet,Takeaway,9/8/2023,Cake,,,,Coffee
TXN_3850274,Cake,5,3,15,,,9/8/2023,Cake,,,,Coffee
TXN_5182399,Coffee,3,2,6,Digital Wallet,Takeaway,9/8/2023,Coffee,,,,Cake
TXN_9306229,Smoothie,2,4,8,,,9/8/2023,Smoothie,,,,Salad
TXN_5571026,Salad,1,5,5,Cash,Takeaway,9/8/2023,Salad,,,,Cake
TXN_5910541,Cake,5,3,15,Cash,In-store,9/8/2023,Cake,,,,Salad
TXN_3499226,Cake,1,3,3,Credit Card,Takeaway,9/8/2023,Cake,,,,Cake
TXN_5701303,Coffee,1,2,2,Digital Wallet,Takeaway,9/8/2023,Coffee,,,,Cookie
TXN_3352256,Smoothie,2,4,8,,Takeaway,9/8/2023,Smoothie,,,,Coffee
TXN_4409875,Cake,3,3,9,Digital Wallet,,9/8/2023,Cake,,,,Cake
TXN_8120577,Cake,3,3,9,Cash,In-store,9/8/2023,Cake,,,,Salad
TXN_4060538,Cake,2,3,6,Digital Wallet,Takeaway,9/8/2023,Cake,,,,Smoothie
TXN_8223689,Salad,5,5,25,Digital Wallet,In-store,9/8/2023,Salad,,,,Cake
TXN_2252586,Tea,3,1.5,4.5,Cash,Takeaway,9/8/2023,Tea,,,,Tea
TXN_5009924,Cake,3,3,9,Digital Wallet,,9/8/2023,Cake,,,,Cake
TXN_3071092,Coffee,2,2,4,ERROR,,9/8/2023,Coffee,,,,Smoothie
TXN_6479368,Smoothie,2,4,8,Credit Card,Takeaway,9/8/2023,Smoothie,,,,Smoothie
TXN_3936883,Coffee,2,2,4,Digital Wallet,In-store,9/8/2023,Coffee,,,,Smoothie
TXN_1566564,Cookie,3,1,3,Credit Card,Takeaway,9/8/2023,Cookie,,,,Cake
TXN_9781679,Smoothie,2,4,8,Credit Card,Takeaway,9/8/2023,Smoothie,,,,Smoothie
TXN_3042552,Cake,1,3,3,Cash,,9/8/2023,Cake,,,,Smoothie
TXN_9246986,Tea,4,1.5,6,Cash,Takeaway,9/8/2023,Tea,,,,Smoothie
TXN_3936339,Cake,5,3,15,Digital Wallet,In-store,9/8/2023,Cake,,,,Coffee
TXN_2104550,Coffee,4,2,8,Credit Card,In-store,9/8/2023,Coffee,,,,Smoothie
TXN_3758250,Salad,3,5,15,Cash,In-store,9/8/2023,Salad,,,,Smoothie
TXN_1124900,Smoothie,4,4,16,Credit Card,In-store,9/8/2023,Smoothie,,,,Smoothie
TXN_5686113,Smoothie,5,4,20,Digital Wallet,In-store,9/9/2023,Smoothie,,,,Coffee
TXN_7730388,Cookie,5,1,5,Digital Wallet,In-store,9/9/2023,Cookie,,,,Smoothie
TXN_9970966,Coffee,5,2,10,,In-store,9/9/2023,Coffee,,,,Smoothie
TXN_8938663,Coffee,1,2,2,Digital Wallet,,9/9/2023,Coffee,,,,Smoothie
TXN_7899686,Smoothie,1,4,4,Digital Wallet,Takeaway,9/9/2023,Smoothie,,,,Cookie
TXN_7279066,Cake,5,3,15,Digital Wallet,Takeaway,9/9/2023,Cake,,,,Tea
TXN_9703331,Cake,2,3,6,Cash,,9/9/2023,Cake,,,,Tea
TXN_6034920,Cookie,1,1,1,Credit Card,In-store,9/9/2023,Cookie,,,,Coffee
TXN_3321611,Smoothie,3,4,12,,Takeaway,9/9/2023,Smoothie,,,,Smoothie
TXN_4726531,Salad,5,5,25,Cash,Takeaway,9/9/2023,Salad,,,,Tea
TXN_2567222,Coffee,3,2,6,UNKNOWN,Takeaway,9/9/2023,Coffee,,,,Salad
TXN_8406851,Cake,2,3,6,,In-store,9/9/2023,Cake,,,,Cookie
TXN_2733833,Cake,4,3,12,,In-store,9/9/2023,Cake,,,,Smoothie
TXN_6843677,Coffee,4,2,8,,Takeaway,9/9/2023,Coffee,,,,Coffee
TXN_8167741,Smoothie,4,4,16,,Takeaway,9/9/2023,Smoothie,,,,Smoothie
TXN_7605154,Cake,5,3,15,Cash,In-store,9/9/2023,Cake,,,,Tea
TXN_1675510,Smoothie,3,4,12,,,9/9/2023,Smoothie,,,,Salad
TXN_5706734,Cake,1,3,3,Cash,UNKNOWN,9/9/2023,Cake,,,,Smoothie
TXN_6440109,Cake,2,3,6,UNKNOWN,In-store,9/9/2023,Cake,,,,Smoothie
TXN_3620213,Coffee,2,2,4,Credit Card,In-store,9/9/2023,Coffee,,,,Coffee
TXN_7328705,Cookie,4,1,4,Digital Wallet,Takeaway,9/9/2023,Cookie,,,,Smoothie
TXN_5548756,Cookie,4,1,4,Credit Card,ERROR,9/9/2023,Cookie,,,,Cookie
TXN_1932224,Coffee,1,2,2,Credit Card,,9/9/2023,Coffee,,,,Tea
TXN_7895436,Cake,3,3,9,,,9/9/2023,Cake,,,,Cookie
TXN_8990020,Smoothie,4,4,16,ERROR,In-store,9/9/2023,Smoothie,,,,Cookie
TXN_1530892,Cake,2,3,6,Digital Wallet,,9/9/2023,Cake,,,,Coffee
TXN_1759063,Cookie,2,1,2,Digital Wallet,Takeaway,9/9/2023,Cookie,,,,Cookie
TXN_2725602,Cake,5,3,15,Credit Card,,9/10/2023,Cake,,,,Cake
TXN_9223242,Smoothie,2,4,8,,,9/10/2023,Smoothie,,,,Salad
TXN_4617771,Smoothie,4,4,16,Digital Wallet,Takeaway,9/10/2023,Smoothie,,,,Salad
TXN_2385697,Coffee,1,2,2,Cash,Takeaway,9/10/2023,Coffee,,,,Tea
TXN_9333347,Smoothie,5,4,20,Cash,UNKNOWN,9/10/2023,Smoothie,,,,Coffee
TXN_7380217,Tea,1,1.5,1.5,Digital Wallet,,9/10/2023,Tea,,,,Salad
TXN_2285849,Tea,2,1.5,3,Credit Card,Takeaway,9/10/2023,Tea,,,,Smoothie
TXN_2195218,Cake,4,3,12,Digital Wallet,In-store,9/10/2023,Cake,,,,Salad
TXN_8751289,Tea,2,1.5,3,Cash,In-store,9/10/2023,Tea,,,,Coffee
TXN_8620934,Cookie,5,1,5,,In-store,9/10/2023,Cookie,,,,Smoothie
TXN_8275626,Coffee,2,2,4,,Takeaway,9/10/2023,Coffee,,,,Cake
TXN_1486576,Smoothie,4,4,16,,Takeaway,9/10/2023,Smoothie,,,,Coffee
TXN_1448501,Cake,4,3,12,Credit Card,Takeaway,9/10/2023,Cake,,,,Cake
TXN_6900182,Smoothie,3,4,12,Cash,In-store,9/10/2023,Smoothie,,,,Cake
TXN_3360649,Cookie,2,1,2,,Takeaway,9/10/2023,Cookie,,,,Cake
TXN_4856575,Salad,3,5,15,Digital Wallet,In-store,9/10/2023,Salad,,,,Salad
TXN_1836754,Tea,1,1.5,1.5,Credit Card,In-store,9/10/2023,Tea,,,,Cake
TXN_6504096,Salad,5,5,25,Cash,,9/10/2023,Salad,,,,Smoothie
TXN_7860953,Smoothie,1,4,4,Digital Wallet,Takeaway,9/10/2023,Smoothie,,,,Smoothie
TXN_9352814,Tea,4,1.5,6,Cash,UNKNOWN,9/10/2023,Tea,,,,Smoothie
TXN_8799599,Coffee,1,2,2,Credit Card,UNKNOWN,9/10/2023,Coffee,,,,Smoothie
TXN_2188342,Coffee,3,2,6,Cash,,9/10/2023,Coffee,,,,Cake
TXN_8935781,Coffee,2,2,4,,,9/10/2023,Coffee,,,,Tea
TXN_4205860,Salad,5,5,25,,,9/10/2023,Salad,,,,Smoothie
TXN_8285410,Coffee,4,2,8,Credit Card,,9/10/2023,Coffee,,,,Coffee
TXN_7310903,Smoothie,3,4,12,Credit Card,,9/10/2023,Smoothie,,,,Salad
TXN_4742049,Cake,1,3,3,Credit Card,Takeaway,9/10/2023,Cake,,,,Smoothie
TXN_2648236,Smoothie,2,4,8,Credit Card,In-store,9/10/2023,Smoothie,,,,Tea
TXN_7714902,Coffee,4,2,8,Cash,,9/10/2023,Coffee,,,,Cookie
TXN_3116803,Coffee,1,2,2,Credit Card,In-store,9/10/2023,Coffee,,,,Cake
TXN_5604021,Smoothie,1,4,4,Cash,Takeaway,9/10/2023,Smoothie,,,,Cake
TXN_1425591,Smoothie,1,4,4,Cash,,9/10/2023,Smoothie,,,,Cookie
TXN_1184715,Cake,2,3,6,,,9/10/2023,Cake,,,,Tea
TXN_2726848,Cake,5,3,15,Credit Card,,9/11/2023,Cake,,,,Salad
TXN_1751164,Salad,2,5,10,Cash,,9/11/2023,Salad,,,,Cake
TXN_7946489,Cake,1,3,3,Cash,Takeaway,9/11/2023,Cake,,,,Tea
TXN_2611960,Smoothie,3,4,12,Credit Card,,9/11/2023,Smoothie,,,,Salad
TXN_2153529,Cookie,1,1,1,Credit Card,UNKNOWN,9/11/2023,Cookie,,,,Coffee
TXN_4563679,Coffee,4,2,8,,In-store,9/11/2023,Coffee,,,,Coffee
TXN_5767393,Smoothie,3,4,12,Digital Wallet,In-store,9/11/2023,Smoothie,,,,Coffee
TXN_7211769,Cake,1,3,3,Credit Card,UNKNOWN,9/11/2023,Cake,,,,Tea
TXN_1145592,Cake,1,3,3,Credit Card,Takeaway,9/11/2023,Cake,,,,Smoothie
TXN_6219634,Salad,1,5,5,Cash,Takeaway,9/11/2023,Salad,,,,Cake
TXN_2880409,Tea,4,1.5,6,Cash,,9/11/2023,Tea,,,,Tea
TXN_3928174,Coffee,3,2,6,,,9/11/2023,Coffee,,,,Cake
TXN_7656355,Smoothie,3,4,12,Credit Card,Takeaway,9/11/2023,Smoothie,,,,Tea
TXN_4447856,Smoothie,2,4,8,Cash,Takeaway,9/11/2023,Smoothie,,,,Smoothie
TXN_5167925,Cake,1,3,3,,,9/11/2023,Cake,,,,Salad
TXN_4128921,Salad,4,5,20,,Takeaway,9/11/2023,Salad,,,,Cookie
TXN_2579242,Cake,5,3,15,,In-store,9/11/2023,Cake,,,,Cake
TXN_1277813,Cake,5,3,15,Digital Wallet,,9/11/2023,Cake,,,,Salad
TXN_3676131,Coffee,3,2,6,UNKNOWN,ERROR,9/11/2023,Coffee,,,,Cake
TXN_3109161,Smoothie,3,4,12,Digital Wallet,ERROR,9/11/2023,Smoothie,,,,Salad
TXN_6687699,Salad,4,5,20,Cash,In-store,9/11/2023,Salad,,,,Smoothie
TXN_8640673,Cake,2,3,6,Cash,In-store,9/11/2023,Cake,,,,Coffee
TXN_1643029,Cookie,3,1,3,,,9/11/2023,Cookie,,,,Salad
TXN_3546303,Tea,2,1.5,3,Digital Wallet,Takeaway,9/11/2023,Tea,,,,Cake
TXN_6171384,Smoothie,2,4,8,Credit Card,,9/12/2023,Smoothie,,,,Coffee
TXN_1077129,Cookie,1,1,1,,In-store,9/12/2023,Cookie,,,,Smoothie
TXN_8734476,Tea,1,1.5,1.5,Cash,Takeaway,9/12/2023,Tea,,,,Cake
TXN_8396271,Cookie,2,1,2,,,9/12/2023,Cookie,,,,Tea
TXN_6817795,Tea,1,1.5,1.5,Cash,Takeaway,9/12/2023,Tea,,,,Tea
TXN_4075432,Smoothie,5,4,20,Cash,In-store,9/12/2023,Smoothie,,,,Cake
TXN_2463115,Smoothie,5,4,20,Credit Card,Takeaway,9/12/2023,Smoothie,,,,Smoothie
TXN_8784653,Smoothie,1,4,4,Cash,In-store,9/12/2023,Smoothie,,,,Coffee
TXN_6211466,Tea,2,1.5,3,Cash,In-store,9/12/2023,Tea,,,,Cake
TXN_9989242,Smoothie,4,4,16,,,9/12/2023,Smoothie,,,,Smoothie
TXN_3923847,Cake,2,3,6,Credit Card,,9/12/2023,Cake,,,,Tea
TXN_1945918,Cake,2,3,6,,UNKNOWN,9/12/2023,Cake,,,,Cake
TXN_5026564,Smoothie,3,4,12,Cash,,9/12/2023,Smoothie,,,,Tea
TXN_5716276,Tea,4,1.5,6,Digital Wallet,,9/12/2023,Tea,,,,Coffee
TXN_9024781,Smoothie,4,4,16,Cash,In-store,9/12/2023,Smoothie,,,,Coffee
TXN_6272674,Coffee,3,2,6,Cash,,9/12/2023,Coffee,,,,Cake
TXN_6478968,Salad,2,5,10,,,9/12/2023,Salad,,,,Coffee
TXN_3132488,Smoothie,4,4,16,Credit Card,Takeaway,9/12/2023,Smoothie,,,,Smoothie
TXN_3585464,Cookie,3,1,3,,Takeaway,9/12/2023,Cookie,,,,Smoothie
TXN_5406762,Salad,4,5,20,Credit Card,ERROR,9/12/2023,Salad,,,,Coffee
TXN_7139053,Salad,4,5,20,Digital Wallet,Takeaway,9/12/2023,Salad,,,,Salad
TXN_2262398,Tea,1,1.5,1.5,Credit Card,Takeaway,9/12/2023,Tea,,,,Tea
TXN_1402641,Tea,3,1.5,4.5,Credit Card,Takeaway,9/12/2023,Tea,,,,Smoothie
TXN_4623642,Smoothie,1,4,4,Cash,Takeaway,9/12/2023,Smoothie,,,,Smoothie
TXN_1297663,Smoothie,5,4,20,Credit Card,,9/12/2023,Smoothie,,,,Smoothie
TXN_4003040,Cookie,4,1,4,Credit Card,In-store,9/12/2023,Cookie,,,,Cookie
TXN_4757873,Tea,1,1.5,1.5,Credit Card,In-store,9/12/2023,Tea,,,,Coffee
TXN_6739664,Salad,3,5,15,Cash,,9/12/2023,Salad,,,,Cookie
TXN_5033660,Coffee,2,2,4,ERROR,,9/12/2023,Coffee,,,,Cookie
TXN_4618211,Smoothie,4,4,16,Cash,,9/12/2023,Smoothie,,,,Cookie
TXN_9954652,Coffee,2,2,4,Cash,In-store,9/12/2023,Coffee,,,,Smoothie
TXN_9236713,Cookie,5,1,5,Cash,In-store,9/13/2023,Cookie,,,,Tea
TXN_6024625,Coffee,5,2,10,Digital Wallet,Takeaway,9/13/2023,Coffee,,,,Tea
TXN_4532651,Coffee,2,2,4,,In-store,9/13/2023,Coffee,,,,Cake
TXN_6073195,Smoothie,3,4,12,Credit Card,Takeaway,9/13/2023,Smoothie,,,,Cake
TXN_4598397,Coffee,4,2,8,Cash,Takeaway,9/13/2023,Coffee,,,,Cookie
TXN_2809397,Salad,2,5,10,Digital Wallet,Takeaway,9/13/2023,Salad,,,,Cake
TXN_6360436,Cake,2,3,6,Digital Wallet,Takeaway,9/13/2023,Cake,,,,Smoothie
TXN_3999554,Coffee,1,2,2,Credit Card,Takeaway,9/13/2023,Coffee,,,,Cookie
TXN_5513984,Tea,1,1.5,1.5,Credit Card,In-store,9/13/2023,Tea,,,,Salad
TXN_6652858,Salad,5,5,25,Credit Card,In-store,9/13/2023,Salad,,,,Cake
TXN_6953244,Smoothie,5,4,20,Cash,,9/13/2023,Smoothie,,,,Smoothie
TXN_1244739,Salad,2,5,10,Credit Card,Takeaway,9/13/2023,Salad,,,,Coffee
TXN_6574910,Cookie,1,1,1,Digital Wallet,,9/13/2023,Cookie,,,,Cake
TXN_9690711,Cookie,2,1,2,Credit Card,In-store,9/13/2023,Cookie,,,,Smoothie
TXN_1489218,Salad,2,5,10,Digital Wallet,,9/13/2023,Salad,,,,Salad
TXN_5172164,Tea,3,1.5,4.5,Digital Wallet,In-store,9/13/2023,Tea,,,,Tea
TXN_6225571,Smoothie,2,4,8,Credit Card,Takeaway,9/13/2023,Smoothie,,,,Tea
TXN_1894142,Smoothie,4,4,16,Cash,In-store,9/13/2023,Smoothie,,,,Cake
TXN_3020475,Salad,4,5,20,,Takeaway,9/13/2023,Salad,,,,Cake
TXN_3416466,Cake,2,3,6,Digital Wallet,,9/13/2023,Cake,,,,Smoothie
TXN_1891978,Salad,4,5,20,Digital Wallet,In-store,9/13/2023,Salad,,,,Coffee
TXN_8719561,Cake,3,3,9,ERROR,ERROR,9/13/2023,Cake,,,,Cake
TXN_3705445,Cookie,5,1,5,Cash,In-store,9/13/2023,Cookie,,,,Coffee
TXN_6223157,Salad,1,5,5,ERROR,Takeaway,9/13/2023,Salad,,,,Salad
TXN_3009994,Cookie,5,1,5,Credit Card,In-store,9/13/2023,Cookie,,,,Salad
TXN_3550177,Salad,5,5,25,Cash,,9/13/2023,Salad,,,,Smoothie
TXN_3544380,Cake,1,3,3,Credit Card,In-store,9/13/2023,Cake,,,,Cake
TXN_2644561,Smoothie,4,4,16,Digital Wallet,,9/13/2023,Smoothie,,,,Coffee
TXN_4959078,Cake,2,3,6,Digital Wallet,Takeaway,9/13/2023,Cake,,,,Cake
TXN_4685453,Tea,4,1.5,6,Cash,In-store,9/14/2023,Tea,,,,Smoothie
TXN_5365809,Cake,3,3,9,Cash,In-store,9/14/2023,Cake,,,,Smoothie
TXN_2968827,Salad,5,5,25,Digital Wallet,Takeaway,9/14/2023,Salad,,,,Coffee
TXN_9263967,Cookie,3,1,3,Credit Card,In-store,9/14/2023,Cookie,,,,Cake
TXN_7100596,Smoothie,5,4,20,Credit Card,In-store,9/14/2023,Smoothie,,,,Smoothie
TXN_2944518,Cake,3,3,9,,Takeaway,9/14/2023,Cake,,,,Smoothie
TXN_6124342,Cake,3,3,9,,Takeaway,9/14/2023,Cake,,,,Cookie
TXN_5239202,Cake,1,3,3,,,9/14/2023,Cake,,,,Tea
TXN_3893927,Salad,4,5,20,,In-store,9/14/2023,Salad,,,,Cake
TXN_4935258,Cake,2,3,6,Credit Card,,9/14/2023,Cake,,,,Smoothie
TXN_7921799,Cookie,1,1,1,Credit Card,Takeaway,9/14/2023,Cookie,,,,Salad
TXN_9177867,Tea,3,1.5,4.5,Digital Wallet,,9/14/2023,Tea,,,,Tea
TXN_2425755,Smoothie,1,4,4,,Takeaway,9/14/2023,Smoothie,,,,Cake
TXN_4019047,Coffee,2,2,4,,,9/14/2023,Coffee,,,,Coffee
TXN_7592199,Tea,3,1.5,4.5,Digital Wallet,ERROR,9/14/2023,Tea,,,,Coffee
TXN_6702416,Cake,1,3,3,,,9/14/2023,Cake,,,,Smoothie
TXN_4570881,Coffee,1,2,2,,,9/14/2023,Coffee,,,,Cake
TXN_8903514,Salad,4,5,20,,Takeaway,9/14/2023,Salad,,,,Salad
TXN_9927220,Cake,5,3,15,Cash,,9/14/2023,Cake,,,,Cake
TXN_6684056,Smoothie,2,4,8,,ERROR,9/14/2023,Smoothie,,,,Cookie
TXN_6424195,Coffee,3,2,6,,Takeaway,9/14/2023,Coffee,,,,Tea
TXN_1149624,Cake,3,3,9,,,9/14/2023,Cake,,,,Salad
TXN_9238066,Tea,5,1.5,7.5,Digital Wallet,In-store,9/15/2023,Tea,,,,Coffee
TXN_5427506,Cake,3,3,9,Cash,Takeaway,9/15/2023,Cake,,,,Tea
TXN_5763254,Coffee,3,2,6,Digital Wallet,Takeaway,9/15/2023,Coffee,,,,Salad
TXN_8018479,Tea,1,1.5,1.5,Digital Wallet,Takeaway,9/15/2023,Tea,,,,Coffee
TXN_7825457,Cake,5,3,15,Cash,ERROR,9/15/2023,Cake,,,,Smoothie
TXN_6036520,Coffee,5,2,10,Cash,,9/15/2023,Coffee,,,,Cake
TXN_1239021,Smoothie,5,4,20,Credit Card,UNKNOWN,9/15/2023,Smoothie,,,,Smoothie
TXN_6183842,Tea,3,1.5,4.5,UNKNOWN,UNKNOWN,9/15/2023,Tea,,,,Cake
TXN_8292441,Salad,1,5,5,Cash,Takeaway,9/15/2023,Salad,,,,Tea
TXN_6333241,Coffee,2,2,4,Digital Wallet,,9/15/2023,Coffee,,,,Salad
TXN_8250427,Coffee,4,2,8,Credit Card,,9/15/2023,Coffee,,,,Cake
TXN_9682798,Cake,3,3,9,Cash,In-store,9/15/2023,Cake,,,,Cookie
TXN_6887407,Cake,3,3,9,Cash,In-store,9/15/2023,Cake,,,,Coffee
TXN_2933739,Cookie,1,1,1,Digital Wallet,,9/15/2023,Cookie,,,,Salad
TXN_8944698,Coffee,3,2,6,Credit Card,,9/15/2023,Coffee,,,,Cake
TXN_7323885,Smoothie,5,4,20,Cash,In-store,9/15/2023,Smoothie,,,,Cake
TXN_9910333,Cake,2,3,6,,In-store,9/15/2023,Cake,,,,Salad
TXN_3875049,Tea,2,1.5,3,Digital Wallet,Takeaway,9/15/2023,Tea,,,,Coffee
TXN_8502946,Smoothie,3,4,12,UNKNOWN,In-store,9/15/2023,Smoothie,,,,Smoothie
TXN_3843111,Smoothie,2,4,8,,,9/15/2023,Smoothie,,,,Smoothie
TXN_6775972,Coffee,3,2,6,Credit Card,,9/15/2023,Coffee,,,,Cookie
TXN_1170807,Smoothie,5,4,20,,In-store,9/15/2023,Smoothie,,,,Cookie
TXN_4472969,Cake,1,3,3,Credit Card,,9/15/2023,Cake,,,,Coffee
TXN_8107005,Cake,3,3,9,,,9/15/2023,Cake,,,,Coffee
TXN_3865641,Cake,5,3,15,Digital Wallet,In-store,9/15/2023,Cake,,,,Cake
TXN_9277276,Cake,4,3,12,Credit Card,Takeaway,9/15/2023,Cake,,,,Coffee
TXN_6841993,Cake,3,3,9,Cash,Takeaway,9/15/2023,Cake,,,,Cookie
TXN_9646452,Cake,5,3,15,Credit Card,,9/16/2023,Cake,,,,Smoothie
TXN_6360132,Smoothie,4,4,16,Cash,Takeaway,9/16/2023,Smoothie,,,,Cake
TXN_8297135,Smoothie,2,4,8,ERROR,,9/16/2023,Smoothie,,,,Cookie
TXN_4812472,Cake,2,3,6,Cash,,9/16/2023,Cake,,,,Smoothie
TXN_3815345,Cookie,5,1,5,Cash,In-store,9/16/2023,Cookie,,,,Cookie
TXN_5566652,Cake,5,3,15,Credit Card,,9/16/2023,Cake,,,,Cookie
TXN_5882584,Cake,5,3,15,,In-store,9/16/2023,Cake,,,,Smoothie
TXN_3683787,Tea,5,1.5,7.5,Credit Card,,9/16/2023,Tea,,,,Coffee
TXN_5446085,Coffee,3,2,6,Digital Wallet,,9/16/2023,Coffee,,,,Coffee
TXN_5777224,Tea,3,1.5,4.5,UNKNOWN,,9/16/2023,Tea,,,,Cake
TXN_9100063,Smoothie,2,4,8,,In-store,9/16/2023,Smoothie,,,,Smoothie
TXN_4207219,Cake,1,3,3,Cash,In-store,9/16/2023,Cake,,,,Salad
TXN_8131052,Cookie,1,1,1,Credit Card,Takeaway,9/16/2023,Cookie,,,,Tea
TXN_6359281,Coffee,2,2,4,Credit Card,UNKNOWN,9/16/2023,Coffee,,,,Coffee
TXN_6646382,Tea,4,1.5,6,ERROR,ERROR,9/16/2023,Tea,,,,Smoothie
TXN_8116676,Cake,2,3,6,Digital Wallet,,9/16/2023,Cake,,,,Smoothie
TXN_7551689,Cookie,5,1,5,Cash,,9/16/2023,Cookie,,,,Cookie
TXN_3679245,Smoothie,4,4,16,,In-store,9/16/2023,Smoothie,,,,Coffee
TXN_9175684,Tea,3,1.5,4.5,,,9/16/2023,Tea,,,,Salad
TXN_2194305,Smoothie,2,4,8,Credit Card,Takeaway,9/16/2023,Smoothie,,,,Smoothie
TXN_7362526,Cake,1,3,3,Credit Card,Takeaway,9/16/2023,Cake,,,,Smoothie
TXN_9205425,Smoothie,3,4,12,Digital Wallet,Takeaway,9/16/2023,Smoothie,,,,Cookie
TXN_4821343,Cookie,1,1,1,Credit Card,In-store,9/16/2023,Cookie,,,,Salad
TXN_2866587,Smoothie,3,4,12,Credit Card,,9/16/2023,Smoothie,,,,Cake
TXN_3786518,Salad,1,5,5,Credit Card,In-store,9/16/2023,Salad,,,,Smoothie
TXN_9187008,Tea,4,1.5,6,ERROR,,9/16/2023,Tea,,,,Smoothie
TXN_3945716,Tea,2,1.5,3,,,9/17/2023,Tea,,,,Cake
TXN_1057209,Cookie,5,1,5,Credit Card,In-store,9/17/2023,Cookie,,,,Smoothie
TXN_9834329,Smoothie,1,4,4,Cash,,9/17/2023,Smoothie,,,,Smoothie
TXN_1411744,Smoothie,4,4,16,Credit Card,Takeaway,9/17/2023,Smoothie,,,,Cake
TXN_1998401,Smoothie,1,4,4,Cash,,9/17/2023,Smoothie,,,,Cake
TXN_6421446,Cake,2,3,6,Cash,Takeaway,9/17/2023,Cake,,,,Smoothie
TXN_2056358,Coffee,3,2,6,Cash,In-store,9/17/2023,Coffee,,,,Cake
TXN_8407982,Salad,2,5,10,Digital Wallet,Takeaway,9/17/2023,Salad,,,,Cookie
TXN_7854306,Smoothie,1,4,4,Cash,In-store,9/17/2023,Smoothie,,,,Tea
TXN_6127474,Cookie,5,1,5,Cash,In-store,9/17/2023,Cookie,,,,Coffee
TXN_3343585,Cake,1,3,3,Cash,In-store,9/17/2023,Cake,,,,Smoothie
TXN_9931637,Cake,2,3,6,Cash,Takeaway,9/17/2023,Cake,,,,Smoothie
TXN_9206049,Cookie,1,1,1,Credit Card,In-store,9/17/2023,Cookie,,,,Smoothie
TXN_5812552,Cake,1,3,3,,,9/17/2023,Cake,,,,Smoothie
TXN_2551074,Cookie,1,1,1,Cash,,9/17/2023,Cookie,,,,Coffee
TXN_3577683,Cookie,2,1,2,Digital Wallet,In-store,9/17/2023,Cookie,,,,Cookie
TXN_1534763,Cookie,2,1,2,Cash,Takeaway,9/17/2023,Cookie,,,,Cake
TXN_4529101,Cookie,2,1,2,Digital Wallet,In-store,9/17/2023,Cookie,,,,Cake
TXN_6343367,Cake,2,3,6,,In-store,9/17/2023,Cake,,,,Cake
TXN_4600894,Salad,5,5,25,Digital Wallet,,9/17/2023,Salad,,,,Tea
TXN_2616390,Smoothie,2,4,8,,,9/18/2023,Smoothie,,,,Cake
TXN_5739806,Smoothie,3,4,12,Credit Card,In-store,9/18/2023,Smoothie,,,,Coffee
TXN_6243479,Smoothie,5,4,20,,,9/18/2023,Smoothie,,,,Cookie
TXN_9169782,Cake,5,3,15,Credit Card,,9/18/2023,Cake,,,,Smoothie
TXN_5303275,Cookie,4,1,4,Cash,Takeaway,9/18/2023,Cookie,,,,Cake
TXN_4983903,Smoothie,5,4,20,,,9/18/2023,Smoothie,,,,Cookie
TXN_5328065,Cake,5,3,15,Cash,,9/18/2023,Cake,,,,Coffee
TXN_7994275,Smoothie,3,4,12,Credit Card,In-store,9/18/2023,Smoothie,,,,Salad
TXN_4898949,Salad,1,5,5,,In-store,9/18/2023,Salad,,,,Cake
TXN_7937275,Cake,4,3,12,Credit Card,ERROR,9/18/2023,Cake,,,,Cake
TXN_6913384,Tea,3,1.5,4.5,Credit Card,Takeaway,9/18/2023,Tea,,,,Cake
TXN_2112911,Salad,3,5,15,Digital Wallet,Takeaway,9/18/2023,Salad,,,,Cake
TXN_7302788,Coffee,1,2,2,Cash,In-store,9/18/2023,Coffee,,,,Salad
TXN_1148874,Cookie,1,1,1,Credit Card,In-store,9/18/2023,Cookie,,,,Cake
TXN_7584025,Tea,4,1.5,6,,In-store,9/18/2023,Tea,,,,Smoothie
TXN_2638434,Cake,5,3,15,Credit Card,In-store,9/18/2023,Cake,,,,Cake
TXN_8053946,Tea,1,1.5,1.5,,Takeaway,9/18/2023,Tea,,,,Salad
TXN_6610487,Coffee,5,2,10,Digital Wallet,Takeaway,9/18/2023,Coffee,,,,Cake
TXN_6420900,Tea,3,1.5,4.5,,,9/18/2023,Tea,,,,Cake
TXN_9878649,Smoothie,5,4,20,Cash,Takeaway,9/18/2023,Smoothie,,,,Smoothie
TXN_9191048,Cake,5,3,15,Digital Wallet,ERROR,9/18/2023,Cake,,,,Cake
TXN_2662720,Cake,5,3,15,,,9/18/2023,Cake,,,,Cookie
TXN_4511996,Cake,3,3,9,Digital Wallet,,9/18/2023,Cake,,,,Cake
TXN_1631695,Tea,2,1.5,3,,In-store,9/19/2023,Tea,,,,Cake
TXN_1289133,Cake,1,3,3,Cash,UNKNOWN,9/19/2023,Cake,,,,Smoothie
TXN_2100697,Coffee,3,2,6,Digital Wallet,Takeaway,9/19/2023,Coffee,,,,Cake
TXN_2383598,Smoothie,2,4,8,Digital Wallet,In-store,9/19/2023,Smoothie,,,,Tea
TXN_7264039,Cake,5,3,15,Cash,,9/19/2023,Cake,,,,Salad
TXN_6119798,Salad,1,5,5,Credit Card,In-store,9/19/2023,Salad,,,,Tea
TXN_9744862,Cake,4,3,12,Cash,In-store,9/19/2023,Cake,,,,Smoothie
TXN_7223646,Cookie,5,1,5,Credit Card,,9/19/2023,Cookie,,,,Tea
TXN_1118799,Smoothie,4,4,16,Credit Card,Takeaway,9/19/2023,Smoothie,,,,Smoothie
TXN_8228865,Cake,3,3,9,Digital Wallet,In-store,9/19/2023,Cake,,,,Smoothie
TXN_5052515,Tea,1,1.5,1.5,Cash,In-store,9/19/2023,Tea,,,,Smoothie
TXN_9089797,Coffee,1,2,2,Credit Card,Takeaway,9/19/2023,Coffee,,,,Tea
TXN_1674042,Coffee,5,2,10,Digital Wallet,,9/19/2023,Coffee,,,,Cake
TXN_7653946,Smoothie,4,4,16,Cash,,9/19/2023,Smoothie,,,,Tea
TXN_8522571,Cake,2,3,6,Credit Card,Takeaway,9/19/2023,Cake,,,,Smoothie
TXN_4644790,Smoothie,1,4,4,Credit Card,,9/19/2023,Smoothie,,,,Salad
TXN_7563589,Smoothie,5,4,20,Cash,,9/19/2023,Smoothie,,,,Cake
TXN_7077961,Tea,4,1.5,6,Digital Wallet,Takeaway,9/19/2023,Tea,,,,Tea
TXN_3228646,Cookie,5,1,5,Credit Card,,9/19/2023,Cookie,,,,Tea
TXN_3654299,Coffee,1,2,2,Cash,Takeaway,9/19/2023,Coffee,,,,Cake
TXN_5909816,Cake,5,3,15,Cash,Takeaway,9/19/2023,Cake,,,,Cookie
TXN_6904247,Smoothie,3,4,12,Credit Card,,9/19/2023,Smoothie,,,,Cake
TXN_8249996,Cookie,4,1,4,Digital Wallet,,9/19/2023,Cookie,,,,Coffee
TXN_4407308,Tea,4,1.5,6,Digital Wallet,In-store,9/19/2023,Tea,,,,Salad
TXN_7250085,Coffee,4,2,8,,Takeaway,9/19/2023,Coffee,,,,Smoothie
TXN_5466291,Salad,1,5,5,Credit Card,ERROR,9/19/2023,Salad,,,,Smoothie
TXN_1418829,Smoothie,1,4,4,,Takeaway,9/19/2023,Smoothie,,,,Cake
TXN_2860281,Smoothie,4,4,16,Cash,,9/19/2023,Smoothie,,,,Smoothie
TXN_4457299,Smoothie,3,4,12,Credit Card,In-store,9/19/2023,Smoothie,,,,Smoothie
TXN_1353479,Smoothie,4,4,16,Cash,,9/20/2023,Smoothie,,,,Cookie
TXN_5009706,Smoothie,2,4,8,Digital Wallet,In-store,9/20/2023,Smoothie,,,,Coffee
TXN_9983356,Smoothie,2,4,8,Digital Wallet,Takeaway,9/20/2023,Smoothie,,,,Tea
TXN_5538713,Cookie,2,1,2,Digital Wallet,Takeaway,9/20/2023,Cookie,,,,Salad
TXN_7146871,Coffee,2,2,4,,,9/20/2023,Coffee,,,,Salad
TXN_3633955,Smoothie,4,4,16,Cash,In-store,9/20/2023,Smoothie,,,,Salad
TXN_2371464,Smoothie,4,4,16,Cash,In-store,9/20/2023,Smoothie,,,,Cookie
TXN_6036254,Coffee,3,2,6,Credit Card,,9/20/2023,Coffee,,,,Smoothie
TXN_4392519,Cookie,2,1,2,UNKNOWN,Takeaway,9/20/2023,Cookie,,,,Smoothie
TXN_9685491,Coffee,4,2,8,Cash,,9/20/2023,Coffee,,,,Salad
TXN_5422928,Tea,4,1.5,6,Digital Wallet,Takeaway,9/20/2023,Tea,,,,Smoothie
TXN_3082888,Tea,1,1.5,1.5,Cash,In-store,9/20/2023,Tea,,,,Smoothie
TXN_4401563,Cake,5,3,15,Digital Wallet,Takeaway,9/20/2023,Cake,,,,Smoothie
TXN_2302259,Cake,3,3,9,Credit Card,Takeaway,9/20/2023,Cake,,,,Smoothie
TXN_3463337,Cake,5,3,15,Credit Card,In-store,9/20/2023,Cake,,,,Salad
TXN_4155770,Salad,5,5,25,,In-store,9/20/2023,Salad,,,,Smoothie
TXN_4030181,Smoothie,5,4,20,Credit Card,ERROR,9/20/2023,Smoothie,,,,Smoothie
TXN_1978239,Salad,4,5,20,,In-store,9/20/2023,Salad,,,,Coffee
TXN_7907786,Tea,5,1.5,7.5,Cash,,9/20/2023,Tea,,,,Coffee
TXN_1161606,Smoothie,5,4,20,Credit Card,Takeaway,9/20/2023,Smoothie,,,,Smoothie
TXN_3964624,Tea,3,1.5,4.5,,In-store,9/20/2023,Tea,,,,Smoothie
TXN_6932752,Smoothie,5,4,20,,,9/20/2023,Smoothie,,,,Cake
TXN_6706599,Cake,1,3,3,,Takeaway,9/20/2023,Cake,,,,Cake
TXN_2109416,Smoothie,1,4,4,,In-store,9/21/2023,Smoothie,,,,Salad
TXN_2053993,Tea,2,1.5,3,,Takeaway,9/21/2023,Tea,,,,Smoothie
TXN_6471962,Smoothie,4,4,16,Cash,Takeaway,9/21/2023,Smoothie,,,,Cookie
TXN_2142961,Coffee,5,2,10,Credit Card,Takeaway,9/21/2023,Coffee,,,,Cake
TXN_8789986,Cake,2,3,6,Cash,Takeaway,9/21/2023,Cake,,,,Cookie
TXN_6113452,Smoothie,2,4,8,Cash,Takeaway,9/21/2023,Smoothie,,,,Smoothie
TXN_8622404,Cookie,3,1,3,,,9/21/2023,Cookie,,,,Tea
TXN_3599216,Tea,1,1.5,1.5,Cash,In-store,9/21/2023,Tea,,,,Coffee
TXN_8139533,Smoothie,1,4,4,Cash,In-store,9/21/2023,Smoothie,,,,Smoothie
TXN_1812185,Cake,2,3,6,Digital Wallet,,9/21/2023,Cake,,,,Cookie
TXN_5795475,Tea,3,1.5,4.5,Digital Wallet,In-store,9/21/2023,Tea,,,,Coffee
TXN_5518591,Cookie,4,1,4,Digital Wallet,,9/21/2023,Cookie,,,,Cake
TXN_5658895,Cake,2,3,6,Cash,UNKNOWN,9/21/2023,Cake,,,,Coffee
TXN_5863411,Cookie,3,1,3,Digital Wallet,In-store,9/21/2023,Cookie,,,,Cake
TXN_2797871,Cookie,2,1,2,UNKNOWN,Takeaway,9/21/2023,Cookie,,,,Coffee
TXN_6979356,Salad,2,5,10,,In-store,9/21/2023,Salad,,,,Coffee
TXN_7933500,Tea,3,1.5,4.5,,In-store,9/21/2023,Tea,,,,Tea
TXN_1723062,Salad,1,5,5,ERROR,In-store,9/21/2023,Salad,,,,Tea
TXN_5214986,Cookie,5,1,5,Credit Card,In-store,9/21/2023,Cookie,,,,Cake
TXN_6149247,Smoothie,3,4,12,,Takeaway,9/21/2023,Smoothie,,,,Cake
TXN_2541441,Cake,1,3,3,Cash,Takeaway,9/21/2023,Cake,,,,Cookie
TXN_7418152,Cookie,4,1,4,Cash,Takeaway,9/21/2023,Cookie,,,,Cake
TXN_6907555,Tea,2,1.5,3,Credit Card,,9/21/2023,Tea,,,,Smoothie
TXN_8285283,Cake,5,3,15,Digital Wallet,,9/21/2023,Cake,,,,Smoothie
TXN_3504925,Smoothie,5,4,20,Cash,,9/21/2023,Smoothie,,,,Salad
TXN_3604017,Cake,4,3,12,Digital Wallet,In-store,9/21/2023,Cake,,,,Salad
TXN_2078317,Tea,1,1.5,1.5,Cash,In-store,9/21/2023,Tea,,,,Smoothie
TXN_1342487,Cake,3,3,9,Credit Card,,9/21/2023,Cake,,,,Cake
TXN_3136657,Cake,2,3,6,Cash,In-store,9/21/2023,Cake,,,,Cake
TXN_7589318,Cake,4,3,12,Cash,In-store,9/21/2023,Cake,,,,Cookie
TXN_9555291,Smoothie,3,4,12,Credit Card,,9/21/2023,Smoothie,,,,Smoothie
TXN_7258784,Coffee,4,2,8,Cash,In-store,9/21/2023,Coffee,,,,Cake
TXN_1985223,Smoothie,3,4,12,Digital Wallet,Takeaway,9/21/2023,Smoothie,,,,Smoothie
TXN_3980743,Salad,1,5,5,,Takeaway,9/21/2023,Salad,,,,Coffee
TXN_1449866,Salad,4,5,20,Cash,,9/21/2023,Salad,,,,Cake
TXN_2065683,Coffee,3,2,6,,,9/21/2023,Coffee,,,,Cake
TXN_8649416,Cake,5,3,15,Credit Card,Takeaway,9/21/2023,Cake,,,,Smoothie
TXN_2064049,Salad,4,5,20,Credit Card,Takeaway,9/21/2023,Salad,,,,Smoothie
TXN_9503145,Cake,5,3,15,Digital Wallet,,9/21/2023,Cake,,,,Coffee
TXN_2230167,Cake,4,3,12,Digital Wallet,Takeaway,9/22/2023,Cake,,,,Cake
TXN_3663712,Tea,4,1.5,6,Digital Wallet,Takeaway,9/22/2023,Tea,,,,Coffee
TXN_2492058,Smoothie,5,4,20,Cash,,9/22/2023,Smoothie,,,,Coffee
TXN_2287941,Cookie,1,1,1,,ERROR,9/22/2023,Cookie,,,,Cake
TXN_1865735,Smoothie,2,4,8,Digital Wallet,In-store,9/22/2023,Smoothie,,,,Tea
TXN_2378096,Tea,3,1.5,4.5,Cash,Takeaway,9/22/2023,Tea,,,,Smoothie
TXN_9126502,Smoothie,5,4,20,Credit Card,,9/22/2023,Smoothie,,,,Salad
TXN_6303383,Cake,4,3,12,Digital Wallet,In-store,9/22/2023,Cake,,,,Cake
TXN_7752958,Cake,2,3,6,,,9/22/2023,Cake,,,,Smoothie
TXN_4607933,Smoothie,2,4,8,Credit Card,In-store,9/22/2023,Smoothie,,,,Cake
TXN_6027500,Smoothie,4,4,16,,,9/22/2023,Smoothie,,,,Cake
TXN_2084080,Cookie,4,1,4,Digital Wallet,Takeaway,9/22/2023,Cookie,,,,Cookie
TXN_2490461,Salad,4,5,20,,,9/22/2023,Salad,,,,Coffee
TXN_4642770,Tea,4,1.5,6,,,9/22/2023,Tea,,,,Smoothie
TXN_7136372,Cake,3,3,9,Credit Card,Takeaway,9/22/2023,Cake,,,,Smoothie
TXN_4228838,Coffee,5,2,10,Credit Card,Takeaway,9/22/2023,Coffee,,,,Cookie
TXN_4925291,Smoothie,2,4,8,Digital Wallet,,9/22/2023,Smoothie,,,,Cookie
TXN_5217434,Coffee,1,2,2,,Takeaway,9/22/2023,Coffee,,,,Cake
TXN_3252542,Smoothie,5,4,20,Digital Wallet,In-store,9/22/2023,Smoothie,,,,Cake
TXN_9237291,Cake,2,3,6,Credit Card,ERROR,9/22/2023,Cake,,,,Tea
TXN_6258471,Coffee,5,2,10,Digital Wallet,In-store,9/23/2023,Coffee,,,,Cake
TXN_1896955,Salad,5,5,25,,In-store,9/23/2023,Salad,,,,Cake
TXN_3145041,Tea,5,1.5,7.5,,UNKNOWN,9/23/2023,Tea,,,,Cake
TXN_7315198,Salad,2,5,10,,UNKNOWN,9/23/2023,Salad,,,,Smoothie
TXN_3516263,Cake,2,3,6,Digital Wallet,In-store,9/23/2023,Cake,,,,Coffee
TXN_8517379,Cake,4,3,12,Digital Wallet,Takeaway,9/23/2023,Cake,,,,Tea
TXN_2668108,Cookie,5,1,5,Cash,,9/23/2023,Cookie,,,,Coffee
TXN_2461859,Smoothie,2,4,8,Digital Wallet,ERROR,9/23/2023,Smoothie,,,,Cake
TXN_3703964,Smoothie,2,4,8,Credit Card,Takeaway,9/23/2023,Smoothie,,,,Cookie
TXN_6315475,Coffee,2,2,4,,,9/23/2023,Coffee,,,,Salad
TXN_5412418,Cake,3,3,9,Cash,,9/23/2023,Cake,,,,Cake
TXN_5519424,Tea,2,1.5,3,Digital Wallet,,9/23/2023,Tea,,,,Smoothie
TXN_9576454,Cake,1,3,3,Credit Card,In-store,9/23/2023,Cake,,,,Tea
TXN_7680197,Cookie,5,1,5,Cash,Takeaway,9/23/2023,Cookie,,,,Tea
TXN_6158834,Coffee,2,2,4,Credit Card,ERROR,9/23/2023,Coffee,,,,Smoothie
TXN_9529846,Smoothie,5,4,20,,,9/23/2023,Smoothie,,,,Tea
TXN_9845746,Cake,1,3,3,Digital Wallet,In-store,9/23/2023,Cake,,,,Smoothie
TXN_3345675,Cookie,4,1,4,UNKNOWN,,9/23/2023,Cookie,,,,Salad
TXN_4766317,Cookie,2,1,2,,Takeaway,9/23/2023,Cookie,,,,Smoothie
TXN_8652021,Cake,1,3,3,Credit Card,In-store,9/23/2023,Cake,,,,Coffee
TXN_3287282,Tea,2,1.5,3,Digital Wallet,Takeaway,9/23/2023,Tea,,,,Tea
TXN_3799280,Coffee,5,2,10,Cash,,9/23/2023,Coffee,,,,Cookie
TXN_1318238,Smoothie,1,4,4,Digital Wallet,Takeaway,9/23/2023,Smoothie,,,,Cake
TXN_1180623,Smoothie,5,4,20,,In-store,9/23/2023,Smoothie,,,,Tea
TXN_9289408,Coffee,4,2,8,Digital Wallet,,9/23/2023,Coffee,,,,Salad
TXN_4383311,Cake,2,3,6,UNKNOWN,In-store,9/23/2023,Cake,,,,Smoothie
TXN_4190431,Tea,3,1.5,4.5,Digital Wallet,,9/23/2023,Tea,,,,Cookie
TXN_4157300,Tea,4,1.5,6,Cash,Takeaway,9/23/2023,Tea,,,,Cake
TXN_7574828,Coffee,2,2,4,,In-store,9/24/2023,Coffee,,,,Smoothie
TXN_6492919,Cake,3,3,9,Digital Wallet,,9/24/2023,Cake,,,,Cookie
TXN_8244640,Cookie,1,1,1,ERROR,Takeaway,9/24/2023,Cookie,,,,Cake
TXN_1900411,Salad,3,5,15,,,9/24/2023,Salad,,,,Smoothie
TXN_1346953,Tea,3,1.5,4.5,,In-store,9/24/2023,Tea,,,,Coffee
TXN_8933679,Salad,3,5,15,Digital Wallet,In-store,9/24/2023,Salad,,,,Coffee
TXN_2905234,Cookie,1,1,1,Credit Card,,9/24/2023,Cookie,,,,Smoothie
TXN_4118960,Smoothie,5,4,20,Credit Card,Takeaway,9/24/2023,Smoothie,,,,Smoothie
TXN_8078312,Cookie,1,1,1,,,9/24/2023,Cookie,,,,Salad
TXN_3016079,Smoothie,3,4,12,Digital Wallet,Takeaway,9/24/2023,Smoothie,,,,Cake
TXN_8633758,Salad,1,5,5,Credit Card,Takeaway,9/24/2023,Salad,,,,Cake
TXN_2539469,Cake,2,3,6,Credit Card,Takeaway,9/24/2023,Cake,,,,Smoothie
TXN_9701622,Cookie,5,1,5,Digital Wallet,,9/24/2023,Cookie,,,,Smoothie
TXN_4971992,Cake,2,3,6,,,9/24/2023,Cake,,,,Salad
TXN_8807600,Smoothie,1,4,4,Cash,Takeaway,9/24/2023,Smoothie,,,,Cake
TXN_3515664,Coffee,2,2,4,Cash,Takeaway,9/25/2023,Coffee,,,,Salad
TXN_7894514,Cake,1,3,3,,,9/25/2023,Cake,,,,Salad
TXN_9822317,Tea,3,1.5,4.5,Cash,In-store,9/25/2023,Tea,,,,Cookie
TXN_6900785,Cake,1,3,3,,Takeaway,9/25/2023,Cake,,,,Smoothie
TXN_2820788,Cookie,5,1,5,ERROR,,9/25/2023,Cookie,,,,Tea
TXN_9538738,Coffee,4,2,8,Cash,In-store,9/25/2023,Coffee,,,,Smoothie
TXN_5017895,Salad,4,5,20,Cash,,9/25/2023,Salad,,,,Salad
TXN_9393467,Cake,5,3,15,Cash,UNKNOWN,9/25/2023,Cake,,,,Cake
TXN_2423343,Tea,4,1.5,6,ERROR,In-store,9/25/2023,Tea,,,,Cake
TXN_9720012,Smoothie,5,4,20,Cash,In-store,9/25/2023,Smoothie,,,,Cake
TXN_7603919,Cookie,2,1,2,,,9/25/2023,Cookie,,,,Smoothie
TXN_9181129,Smoothie,5,4,20,Digital Wallet,In-store,9/25/2023,Smoothie,,,,Smoothie
TXN_9464398,Cake,4,3,12,Credit Card,,9/25/2023,Cake,,,,Cookie
TXN_5438422,Smoothie,3,4,12,,In-store,9/25/2023,Smoothie,,,,Coffee
TXN_6621596,Salad,2,5,10,Credit Card,UNKNOWN,9/25/2023,Salad,,,,Smoothie
TXN_5853158,Smoothie,4,4,16,Cash,Takeaway,9/25/2023,Smoothie,,,,Coffee
TXN_8789137,Smoothie,1,4,4,,Takeaway,9/25/2023,Smoothie,,,,Cake
TXN_7117210,Cake,4,3,12,Digital Wallet,In-store,9/25/2023,Cake,,,,Smoothie
TXN_7166936,Cookie,4,1,4,,In-store,9/25/2023,Cookie,,,,Smoothie
TXN_9599703,Cake,2,3,6,Digital Wallet,In-store,9/25/2023,Cake,,,,Salad
TXN_2003488,Cake,3,3,9,,Takeaway,9/25/2023,Cake,,,,Cake
TXN_4010658,Tea,5,1.5,7.5,,,9/26/2023,Tea,,,,Tea
TXN_5934059,Cake,4,3,12,,UNKNOWN,9/26/2023,Cake,,,,Coffee
TXN_6077816,Cake,3,3,9,Credit Card,UNKNOWN,9/26/2023,Cake,,,,Tea
TXN_5998419,Cake,4,3,12,,Takeaway,9/26/2023,Cake,,,,Cake
TXN_5331122,Salad,4,5,20,Credit Card,In-store,9/26/2023,Salad,,,,Cake
TXN_5108804,Cake,1,3,3,Digital Wallet,In-store,9/26/2023,Cake,,,,Smoothie
TXN_1446862,Cake,3,3,9,,Takeaway,9/26/2023,Cake,,,,Coffee
TXN_8277553,Tea,3,1.5,4.5,Cash,,9/26/2023,Tea,,,,Tea
TXN_5516804,Smoothie,5,4,20,Credit Card,Takeaway,9/26/2023,Smoothie,,,,Cake
TXN_5889912,Salad,1,5,5,Cash,In-store,9/26/2023,Salad,,,,Cake
TXN_9315755,Cake,5,3,15,Cash,Takeaway,9/26/2023,Cake,,,,Cookie
TXN_6309570,Smoothie,1,4,4,Digital Wallet,In-store,9/26/2023,Smoothie,,,,Coffee
TXN_9269683,Smoothie,5,4,20,Digital Wallet,,9/26/2023,Smoothie,,,,Cake
TXN_4397994,Cookie,5,1,5,,Takeaway,9/26/2023,Cookie,,,,Cake
TXN_1334406,Cake,1,3,3,Digital Wallet,In-store,9/26/2023,Cake,,,,Salad
TXN_3644269,Cookie,5,1,5,Credit Card,Takeaway,9/26/2023,Cookie,,,,Coffee
TXN_9368550,Cake,3,3,9,Digital Wallet,Takeaway,9/26/2023,Cake,,,,Cake
TXN_1745182,Cookie,2,1,2,Digital Wallet,Takeaway,9/26/2023,Cookie,,,,Salad
TXN_1196324,Tea,4,1.5,6,Credit Card,In-store,9/26/2023,Tea,,,,Cake
TXN_6622980,Salad,4,5,20,Digital Wallet,Takeaway,9/26/2023,Salad,,,,Smoothie
TXN_6378070,Smoothie,3,4,12,Digital Wallet,,9/26/2023,Smoothie,,,,Cookie
TXN_4650811,Tea,5,1.5,7.5,Cash,,9/26/2023,Tea,,,,Cake
TXN_2566211,Tea,2,1.5,3,Cash,ERROR,9/26/2023,Tea,,,,Cookie
TXN_6540267,Salad,2,5,10,,Takeaway,9/26/2023,Salad,,,,Coffee
TXN_4944024,Smoothie,2,4,8,,Takeaway,9/26/2023,Smoothie,,,,Salad
TXN_3326626,Cake,2,3,6,Cash,Takeaway,9/26/2023,Cake,,,,Cake
TXN_4382406,Coffee,5,2,10,,Takeaway,9/26/2023,Coffee,,,,Smoothie
TXN_7249396,Cake,1,3,3,Cash,,9/26/2023,Cake,,,,Cake
TXN_4134594,Smoothie,3,4,12,Digital Wallet,In-store,9/27/2023,Smoothie,,,,Tea
TXN_9947479,Smoothie,5,4,20,Cash,Takeaway,9/27/2023,Smoothie,,,,Cake
TXN_6119081,Coffee,2,2,4,Cash,In-store,9/27/2023,Coffee,,,,Cookie
TXN_6295420,Cake,1,3,3,Digital Wallet,Takeaway,9/27/2023,Cake,,,,Cookie
TXN_3106811,Cake,3,3,9,Cash,Takeaway,9/27/2023,Cake,,,,Cake
TXN_5822344,Smoothie,5,4,20,Cash,In-store,9/27/2023,Smoothie,,,,Cookie
TXN_9470768,Smoothie,5,4,20,Credit Card,,9/27/2023,Smoothie,,,,Smoothie
TXN_6148337,Cookie,2,1,2,,In-store,9/27/2023,Cookie,,,,Smoothie
TXN_2832778,Cake,2,3,6,Credit Card,,9/27/2023,Cake,,,,Smoothie
TXN_5612022,Cookie,5,1,5,Digital Wallet,ERROR,9/27/2023,Cookie,,,,Cake
TXN_7876619,Cake,2,3,6,Cash,In-store,9/27/2023,Cake,,,,Smoothie
TXN_2579157,Smoothie,1,4,4,UNKNOWN,,9/27/2023,Smoothie,,,,Smoothie
TXN_7160017,Cake,1,3,3,Cash,In-store,9/27/2023,Cake,,,,Smoothie
TXN_9666257,Cake,2,3,6,,In-store,9/27/2023,Cake,,,,Smoothie
TXN_7775016,Smoothie,5,4,20,Cash,In-store,9/27/2023,Smoothie,,,,Smoothie
TXN_3489721,Coffee,3,2,6,Cash,,9/27/2023,Coffee,,,,Smoothie
TXN_9563024,Cookie,3,1,3,Digital Wallet,In-store,9/27/2023,Cookie,,,,Coffee
TXN_8739878,Cake,1,3,3,,,9/27/2023,Cake,,,,Cake
TXN_6941542,Smoothie,3,4,12,,In-store,9/27/2023,Smoothie,,,,Cookie
TXN_4602865,Cookie,5,1,5,Digital Wallet,Takeaway,9/27/2023,Cookie,,,,Tea
TXN_7528294,Cake,3,3,9,Digital Wallet,,9/27/2023,Cake,,,,Tea
TXN_4467046,Salad,4,5,20,Digital Wallet,Takeaway,9/27/2023,Salad,,,,Salad
TXN_2002730,Smoothie,2,4,8,UNKNOWN,Takeaway,9/27/2023,Smoothie,,,,Coffee
TXN_8999360,Cake,3,3,9,Cash,Takeaway,9/27/2023,Cake,,,,Cake
TXN_5344848,Salad,1,5,5,Digital Wallet,Takeaway,9/27/2023,Salad,,,,Smoothie
TXN_9496697,Tea,1,1.5,1.5,,In-store,9/27/2023,Tea,,,,Cookie
TXN_5526852,Smoothie,5,4,20,Digital Wallet,In-store,9/28/2023,Smoothie,,,,Smoothie
TXN_2964638,Salad,2,5,10,Digital Wallet,In-store,9/28/2023,Salad,,,,Tea
TXN_8321092,Cake,2,3,6,Credit Card,,9/28/2023,Cake,,,,Smoothie
TXN_8800818,Cake,2,3,6,Digital Wallet,,9/28/2023,Cake,,,,Cookie
TXN_6131350,Smoothie,2,4,8,Credit Card,,9/28/2023,Smoothie,,,,Salad
TXN_8996187,Salad,2,5,10,Credit Card,In-store,9/28/2023,Salad,,,,Coffee
TXN_1778597,Cookie,3,1,3,Cash,,9/28/2023,Cookie,,,,Salad
TXN_5086063,Cake,3,3,9,Digital Wallet,Takeaway,9/28/2023,Cake,,,,Cake
TXN_6068564,Cake,4,3,12,Credit Card,Takeaway,9/28/2023,Cake,,,,Cookie
TXN_7253734,Smoothie,5,4,20,Digital Wallet,,9/28/2023,Smoothie,,,,Salad
TXN_4504141,Smoothie,5,4,20,Credit Card,,9/28/2023,Smoothie,,,,Cake
TXN_9792093,Smoothie,1,4,4,,In-store,9/28/2023,Smoothie,,,,Salad
TXN_6158518,Cookie,5,1,5,Cash,ERROR,9/28/2023,Cookie,,,,Salad
TXN_7448158,Cake,2,3,6,Digital Wallet,Takeaway,9/28/2023,Cake,,,,Coffee
TXN_6266017,Cookie,4,1,4,UNKNOWN,In-store,9/28/2023,Cookie,,,,Coffee
TXN_2858635,Smoothie,1,4,4,Digital Wallet,In-store,9/28/2023,Smoothie,,,,Cookie
TXN_6122423,Salad,4,5,20,,In-store,9/28/2023,Salad,,,,Smoothie
TXN_7208983,Salad,1,5,5,Digital Wallet,In-store,9/28/2023,Salad,,,,Tea
TXN_9168898,Cake,2,3,6,Cash,Takeaway,9/28/2023,Cake,,,,Smoothie
TXN_5303258,Smoothie,4,4,16,Digital Wallet,In-store,9/28/2023,Smoothie,,,,Smoothie
TXN_7416669,Tea,3,1.5,4.5,,,9/28/2023,Tea,,,,Salad
TXN_6541329,Cookie,2,1,2,Cash,Takeaway,9/28/2023,Cookie,,,,Tea
TXN_2424839,Cake,4,3,12,Digital Wallet,In-store,9/28/2023,Cake,,,,Cookie
TXN_3050797,Smoothie,3,4,12,Credit Card,,9/28/2023,Smoothie,,,,Salad
TXN_4565080,Smoothie,4,4,16,Digital Wallet,In-store,9/28/2023,Smoothie,,,,Cookie
TXN_1002457,Cookie,5,1,5,Digital Wallet,Takeaway,9/29/2023,Cookie,,,,Cake
TXN_4250492,Salad,5,5,25,,Takeaway,9/29/2023,Salad,,,,Cake
TXN_4657842,Cookie,5,1,5,Cash,Takeaway,9/29/2023,Cookie,,,,Cake
TXN_2151688,Cake,5,3,15,,,9/29/2023,Cake,,,,Cake
TXN_3411281,Cake,2,3,6,UNKNOWN,,9/29/2023,Cake,,,,Cake
TXN_4175122,Coffee,4,2,8,Digital Wallet,In-store,9/29/2023,Coffee,,,,Smoothie
TXN_2666340,Cake,2,3,6,Cash,Takeaway,9/29/2023,Cake,,,,Coffee
TXN_9341159,Cake,5,3,15,,,9/29/2023,Cake,,,,Cookie
TXN_2465074,Smoothie,1,4,4,Digital Wallet,,9/29/2023,Smoothie,,,,Coffee
TXN_3499910,Cookie,4,1,4,Credit Card,Takeaway,9/29/2023,Cookie,,,,Smoothie
TXN_2000400,Tea,5,1.5,7.5,Digital Wallet,Takeaway,9/29/2023,Tea,,,,Salad
TXN_8610501,Smoothie,5,4,20,Cash,UNKNOWN,9/29/2023,Smoothie,,,,Cookie
TXN_7277750,Cake,2,3,6,,,9/29/2023,Cake,,,,Tea
TXN_4329116,Cake,3,3,9,Credit Card,In-store,9/29/2023,Cake,,,,Coffee
TXN_3617989,Smoothie,3,4,12,Credit Card,Takeaway,9/29/2023,Smoothie,,,,Salad
TXN_8036247,Coffee,1,2,2,Credit Card,Takeaway,9/29/2023,Coffee,,,,Tea
TXN_6312039,Cake,5,3,15,,In-store,9/29/2023,Cake,,,,Smoothie
TXN_7035067,Salad,2,5,10,Cash,,9/29/2023,Salad,,,,Cake
TXN_1529961,Smoothie,4,4,16,Credit Card,UNKNOWN,9/29/2023,Smoothie,,,,Cake
TXN_4696969,Salad,1,5,5,Credit Card,,9/29/2023,Salad,,,,Coffee
TXN_4566950,Coffee,2,2,4,Cash,Takeaway,9/29/2023,Coffee,,,,Cake
TXN_1933315,Cake,2,3,6,Digital Wallet,In-store,9/29/2023,Cake,,,,Coffee
TXN_6616787,Cake,2,3,6,ERROR,In-store,9/29/2023,Cake,,,,Tea
TXN_9023317,Salad,1,5,5,,,9/30/2023,Salad,,,,Coffee
TXN_6446616,Tea,3,1.5,4.5,ERROR,,9/30/2023,Tea,,,,Tea
TXN_2710779,Smoothie,5,4,20,Digital Wallet,In-store,9/30/2023,Smoothie,,,,Cookie
TXN_9577271,Smoothie,5,4,20,Cash,In-store,9/30/2023,Smoothie,,,,Cake
TXN_3873656,Coffee,3,2,6,,Takeaway,9/30/2023,Coffee,,,,Cake
TXN_3120023,Cookie,3,1,3,Cash,In-store,9/30/2023,Cookie,,,,Cake
TXN_4081759,Coffee,2,2,4,,,9/30/2023,Coffee,,,,Salad
TXN_1868447,Tea,3,1.5,4.5,Cash,ERROR,9/30/2023,Tea,,,,Smoothie
TXN_4126189,Tea,1,1.5,1.5,Credit Card,,9/30/2023,Tea,,,,Coffee
TXN_5159669,Tea,4,1.5,6,Credit Card,,9/30/2023,Tea,,,,Tea
TXN_9566593,Cake,2,3,6,Digital Wallet,,9/30/2023,Cake,,,,Cake
TXN_1585827,Cake,3,3,9,Credit Card,In-store,9/30/2023,Cake,,,,Tea
TXN_5796131,Smoothie,3,4,12,Digital Wallet,Takeaway,9/30/2023,Smoothie,,,,Salad
TXN_3619141,Cookie,4,1,4,Digital Wallet,In-store,9/30/2023,Cookie,,,,Tea
TXN_9555958,Smoothie,4,4,16,Digital Wallet,Takeaway,9/30/2023,Smoothie,,,,Smoothie
TXN_9605972,Cake,3,3,9,,ERROR,9/30/2023,Cake,,,,Cake
TXN_9477344,Cookie,2,1,2,Credit Card,In-store,9/30/2023,Cookie,,,,Smoothie
TXN_2954630,Salad,2,5,10,Credit Card,,9/30/2023,Salad,,,,Tea
TXN_4367689,Cookie,2,1,2,Cash,,9/30/2023,Cookie,,,,Smoothie
TXN_4547294,Tea,1,1.5,1.5,ERROR,,9/30/2023,Tea,,,,Cake
TXN_5244931,Coffee,1,2,2,ERROR,UNKNOWN,9/30/2023,Coffee,,,,Salad
TXN_4239051,Cake,2,3,6,Cash,,9/30/2023,Cake,,,,Cake
TXN_2253622,Smoothie,5,4,20,Digital Wallet,Takeaway,9/30/2023,Smoothie,,,,Cake
TXN_5504920,Cake,5,3,15,Cash,Takeaway,9/30/2023,Cake,,,,Cookie
TXN_9662827,Tea,1,1.5,1.5,ERROR,UNKNOWN,9/30/2023,Tea,,,,Cake
TXN_1770648,Smoothie,4,4,16,Credit Card,,9/30/2023,Smoothie,,,,Cookie
TXN_3410147,Cake,1,3,3,,,9/30/2023,Cake,,,,Cake
TXN_4843989,Tea,4,1.5,6,Digital Wallet,Takeaway,9/30/2023,Tea,,,,Coffee
TXN_8726874,Smoothie,2,4,8,,Takeaway,9/30/2023,Smoothie,,,,Coffee
TXN_7388851,Smoothie,1,4,4,Digital Wallet,,9/30/2023,Smoothie,,,,Cake
TXN_8587583,Cake,1,3,3,,,10/1/2023,Cake,,,,Cake
TXN_9265313,Cake,3,3,9,,In-store,10/1/2023,Cake,,,,Cookie
TXN_8379141,Salad,1,5,5,ERROR,In-store,10/1/2023,Salad,,,,Salad
TXN_8811565,Cake,5,3,15,Credit Card,,10/1/2023,Cake,,,,Salad
TXN_1931404,Cake,5,3,15,ERROR,In-store,10/1/2023,Cake,,,,Cake
TXN_2761949,Salad,3,5,15,Credit Card,In-store,10/1/2023,Salad,,,,Cookie
TXN_1910553,Smoothie,5,4,20,Cash,,10/1/2023,Smoothie,,,,Cookie
TXN_9814929,Cake,3,3,9,Digital Wallet,In-store,10/1/2023,Cake,,,,Smoothie
TXN_8261380,Cake,3,3,9,Cash,In-store,10/1/2023,Cake,,,,Salad
TXN_5734442,Cookie,4,1,4,Credit Card,Takeaway,10/1/2023,Cookie,,,,Smoothie
TXN_7030681,Cake,1,3,3,Cash,,10/1/2023,Cake,,,,Cake
TXN_8696857,Coffee,1,2,2,Digital Wallet,Takeaway,10/1/2023,Coffee,,,,Tea
TXN_3398611,Smoothie,5,4,20,Cash,,10/1/2023,Smoothie,,,,Cookie
TXN_3221795,Smoothie,5,4,20,Cash,,10/1/2023,Smoothie,,,,Tea
TXN_5808719,Cake,1,3,3,Cash,In-store,10/1/2023,Cake,,,,Cake
TXN_9407636,Smoothie,4,4,16,Cash,,10/1/2023,Smoothie,,,,Cake
TXN_8833319,Salad,1,5,5,ERROR,Takeaway,10/1/2023,Salad,,,,Tea
TXN_5398134,Coffee,2,2,4,Credit Card,UNKNOWN,10/1/2023,Coffee,,,,Cake
TXN_5992166,Cake,5,3,15,Cash,Takeaway,10/1/2023,Cake,,,,Salad
TXN_8644119,Smoothie,5,4,20,,,10/1/2023,Smoothie,,,,Cake
TXN_9191700,Tea,5,1.5,7.5,,In-store,10/1/2023,Tea,,,,Cake
TXN_9620080,Cake,4,3,12,,Takeaway,10/2/2023,Cake,,,,Smoothie
TXN_8929774,Cake,3,3,9,Cash,,10/2/2023,Cake,,,,Tea
TXN_1158829,Tea,1,1.5,1.5,Credit Card,,10/2/2023,Tea,,,,Smoothie
TXN_5546684,Coffee,1,2,2,Credit Card,In-store,10/2/2023,Coffee,,,,Salad
TXN_6712994,Coffee,3,2,6,Cash,Takeaway,10/2/2023,Coffee,,,,Salad
TXN_6745832,Coffee,2,2,4,Credit Card,UNKNOWN,10/2/2023,Coffee,,,,Cake
TXN_8062897,Smoothie,2,4,8,Digital Wallet,Takeaway,10/2/2023,Smoothie,,,,Smoothie
TXN_2515920,Cake,3,3,9,Cash,In-store,10/2/2023,Cake,,,,Cake
TXN_4477559,Cake,5,3,15,Credit Card,,10/2/2023,Cake,,,,Smoothie
TXN_2981117,Cake,1,3,3,UNKNOWN,In-store,10/2/2023,Cake,,,,Coffee
TXN_4310629,Cake,3,3,9,Credit Card,Takeaway,10/2/2023,Cake,,,,Salad
TXN_1197536,Salad,3,5,15,,Takeaway,10/2/2023,Salad,,,,Smoothie
TXN_3706167,Smoothie,5,4,20,Digital Wallet,Takeaway,10/2/2023,Smoothie,,,,Coffee
TXN_3974663,Cake,3,3,9,Cash,Takeaway,10/2/2023,Cake,,,,Coffee
TXN_6308974,Cookie,4,1,4,ERROR,In-store,10/2/2023,Cookie,,,,Cookie
TXN_9097321,Cake,2,3,6,Credit Card,,10/2/2023,Cake,,,,Smoothie
TXN_2909634,Smoothie,1,4,4,,Takeaway,10/2/2023,Smoothie,,,,Smoothie
TXN_7971660,Cookie,3,1,3,Cash,Takeaway,10/2/2023,Cookie,,,,Smoothie
TXN_8159772,Cake,1,3,3,Credit Card,In-store,10/2/2023,Cake,,,,Tea
TXN_9965686,Cake,4,3,12,Credit Card,Takeaway,10/2/2023,Cake,,,,Tea
TXN_9432758,Cookie,3,1,3,Cash,Takeaway,10/2/2023,Cookie,,,,Salad
TXN_5761414,Smoothie,1,4,4,Digital Wallet,,10/2/2023,Smoothie,,,,Cake
TXN_7768989,Smoothie,2,4,8,Cash,In-store,10/2/2023,Smoothie,,,,Smoothie
TXN_1423173,Smoothie,5,4,20,Credit Card,,10/2/2023,Smoothie,,,,Cookie
TXN_2536021,Cookie,5,1,5,UNKNOWN,Takeaway,10/2/2023,Cookie,,,,Coffee
TXN_7968892,Tea,2,1.5,3,,In-store,10/2/2023,Tea,,,,Coffee
TXN_3068204,Cookie,1,1,1,Credit Card,Takeaway,10/3/2023,Cookie,,,,Cake
TXN_2743397,Cake,2,3,6,Digital Wallet,,10/3/2023,Cake,,,,Cake
TXN_9553579,Cake,2,3,6,Credit Card,In-store,10/3/2023,Cake,,,,Tea
TXN_9124680,Cookie,2,1,2,Cash,Takeaway,10/3/2023,Cookie,,,,Salad
TXN_4643515,Smoothie,1,4,4,Digital Wallet,In-store,10/3/2023,Smoothie,,,,Cake
TXN_1672443,Coffee,1,2,2,Credit Card,Takeaway,10/3/2023,Coffee,,,,Salad
TXN_1351151,Smoothie,1,4,4,Credit Card,,10/3/2023,Smoothie,,,,Salad
TXN_1863866,Smoothie,1,4,4,Cash,,10/3/2023,Smoothie,,,,Cake
TXN_7926510,Salad,4,5,20,Cash,,10/3/2023,Salad,,,,Salad
TXN_8668840,Cake,5,3,15,Digital Wallet,,10/3/2023,Cake,,,,Tea
TXN_5005674,Salad,4,5,20,Credit Card,In-store,10/3/2023,Salad,,,,Cake
TXN_1443201,Cookie,5,1,5,Credit Card,In-store,10/3/2023,Cookie,,,,Smoothie
TXN_9407000,Smoothie,4,4,16,,Takeaway,10/3/2023,Smoothie,,,,Cake
TXN_1205020,Tea,5,1.5,7.5,Cash,,10/3/2023,Tea,,,,Tea
TXN_1449065,Salad,2,5,10,Cash,,10/3/2023,Salad,,,,Salad
TXN_7367134,Smoothie,4,4,16,Digital Wallet,,10/3/2023,Smoothie,,,,Smoothie
TXN_5261036,Cake,5,3,15,Cash,,10/3/2023,Cake,,,,Cake
TXN_5908362,Smoothie,5,4,20,Digital Wallet,,10/3/2023,Smoothie,,,,Cake
TXN_1313701,Cookie,2,1,2,,,10/3/2023,Cookie,,,,Smoothie
TXN_4835929,Coffee,2,2,4,,In-store,10/3/2023,Coffee,,,,Smoothie
TXN_3655322,Cake,3,3,9,Digital Wallet,Takeaway,10/3/2023,Cake,,,,Smoothie
TXN_8237192,Smoothie,3,4,12,,,10/3/2023,Smoothie,,,,Cookie
TXN_7978452,Cake,5,3,15,Digital Wallet,,10/3/2023,Cake,,,,Cake
TXN_9869593,Cake,2,3,6,Digital Wallet,Takeaway,10/3/2023,Cake,,,,Smoothie
TXN_3710523,Smoothie,3,4,12,Digital Wallet,,10/3/2023,Smoothie,,,,Coffee
TXN_5329431,Smoothie,3,4,12,Credit Card,In-store,10/3/2023,Smoothie,,,,Cake
TXN_2256622,Cookie,2,1,2,Cash,In-store,10/4/2023,Cookie,,,,Cake
TXN_4660753,Cake,1,3,3,Credit Card,Takeaway,10/4/2023,Cake,,,,Cake
TXN_9262803,Cake,5,3,15,Digital Wallet,,10/4/2023,Cake,,,,Cake
TXN_2565449,Smoothie,3,4,12,Credit Card,In-store,10/4/2023,Smoothie,,,,Cake
TXN_6315590,Tea,5,1.5,7.5,,In-store,10/4/2023,Tea,,,,Smoothie
TXN_5404249,Smoothie,1,4,4,,ERROR,10/4/2023,Smoothie,,,,Cake
TXN_6369875,Tea,5,1.5,7.5,Cash,,10/4/2023,Tea,,,,Cake
TXN_3539062,Salad,2,5,10,Digital Wallet,In-store,10/4/2023,Salad,,,,Tea
TXN_5774784,Cake,5,3,15,,In-store,10/4/2023,Cake,,,,Cookie
TXN_6817889,Tea,1,1.5,1.5,,,10/4/2023,Tea,,,,Cookie
TXN_2927909,Cake,4,3,12,Credit Card,,10/4/2023,Cake,,,,Cake
TXN_3844347,Smoothie,4,4,16,Cash,,10/4/2023,Smoothie,,,,Salad
TXN_3105786,Smoothie,3,4,12,,In-store,10/4/2023,Smoothie,,,,Smoothie
TXN_3642982,Coffee,5,2,10,Cash,UNKNOWN,10/4/2023,Coffee,,,,Tea
TXN_2346296,Cake,4,3,12,Digital Wallet,,10/4/2023,Cake,,,,Smoothie
TXN_1652596,Smoothie,5,4,20,Digital Wallet,,10/4/2023,Smoothie,,,,Smoothie
TXN_5189465,Cookie,4,1,4,,Takeaway,10/4/2023,Cookie,,,,Salad
TXN_9929732,Smoothie,4,4,16,Credit Card,,10/4/2023,Smoothie,,,,Cake
TXN_7251108,Cake,3,3,9,Credit Card,In-store,10/4/2023,Cake,,,,Coffee
TXN_6763296,Coffee,5,2,10,Cash,,10/4/2023,Coffee,,,,Smoothie
TXN_8942133,Salad,3,5,15,Cash,Takeaway,10/4/2023,Salad,,,,Cake
TXN_4747863,Cookie,2,1,2,Digital Wallet,In-store,10/4/2023,Cookie,,,,Smoothie
TXN_5297299,Coffee,5,2,10,,,10/4/2023,Coffee,,,,Cake
TXN_2057961,Cake,2,3,6,,In-store,10/4/2023,Cake,,,,Cookie
TXN_4554194,Smoothie,3,4,12,Credit Card,Takeaway,10/4/2023,Smoothie,,,,Cookie
TXN_5660244,Cake,5,3,15,Digital Wallet,,10/4/2023,Cake,,,,Cake
TXN_2275799,Smoothie,3,4,12,Digital Wallet,In-store,10/4/2023,Smoothie,,,,Smoothie
TXN_5368297,Smoothie,2,4,8,,Takeaway,10/4/2023,Smoothie,,,,Cake
TXN_1237674,Tea,3,1.5,4.5,Credit Card,UNKNOWN,10/4/2023,Tea,,,,Smoothie
TXN_2681833,Cookie,3,1,3,Digital Wallet,In-store,10/5/2023,Cookie,,,,Coffee
TXN_8386792,Coffee,3,2,6,,In-store,10/5/2023,Coffee,,,,Coffee
TXN_6188394,Cake,5,3,15,Credit Card,In-store,10/5/2023,Cake,,,,Cake
TXN_4356564,Coffee,2,2,4,Credit Card,Takeaway,10/5/2023,Coffee,,,,Salad
TXN_2936975,Tea,1,1.5,1.5,Digital Wallet,Takeaway,10/5/2023,Tea,,,,Tea
TXN_2488232,Tea,2,1.5,3,,,10/5/2023,Tea,,,,Tea
TXN_9175519,Cake,4,3,12,,ERROR,10/5/2023,Cake,,,,Smoothie
TXN_9810868,Cookie,1,1,1,Credit Card,Takeaway,10/5/2023,Cookie,,,,Smoothie
TXN_2703095,Salad,1,5,5,,UNKNOWN,10/5/2023,Salad,,,,Cake
TXN_7072883,Smoothie,1,4,4,Credit Card,,10/5/2023,Smoothie,,,,Cake
TXN_7027560,Tea,5,1.5,7.5,,In-store,10/5/2023,Tea,,,,Cookie
TXN_7876388,Cookie,4,1,4,Cash,In-store,10/5/2023,Cookie,,,,Salad
TXN_8014766,Smoothie,1,4,4,,,10/5/2023,Smoothie,,,,Salad
TXN_1804335,Cake,3,3,9,Credit Card,,10/5/2023,Cake,,,,Coffee
TXN_8885727,Tea,2,1.5,3,Cash,Takeaway,10/5/2023,Tea,,,,Smoothie
TXN_1228888,Cookie,1,1,1,Credit Card,In-store,10/5/2023,Cookie,,,,Smoothie
TXN_2490699,Coffee,1,2,2,Cash,,10/5/2023,Coffee,,,,Cake
TXN_3241510,Tea,5,1.5,7.5,Credit Card,ERROR,10/5/2023,Tea,,,,Salad
TXN_8209124,Coffee,2,2,4,Cash,,10/5/2023,Coffee,,,,Salad
TXN_7167980,Smoothie,3,4,12,ERROR,,10/5/2023,Smoothie,,,,Smoothie
TXN_4433211,Cake,3,3,9,ERROR,Takeaway,10/6/2023,Cake,,,,Tea
TXN_5780931,Tea,4,1.5,6,Digital Wallet,ERROR,10/6/2023,Tea,,,,Smoothie
TXN_3040823,Smoothie,1,4,4,,In-store,10/6/2023,Smoothie,,,,Smoothie
TXN_9036067,Cookie,5,1,5,Credit Card,,10/6/2023,Cookie,,,,Smoothie
TXN_9190969,Coffee,1,2,2,,In-store,10/6/2023,Coffee,,,,Smoothie
TXN_6491662,Coffee,2,2,4,Digital Wallet,Takeaway,10/6/2023,Coffee,,,,Cake
TXN_8510511,Coffee,4,2,8,,,10/6/2023,Coffee,,,,Cake
TXN_4943715,Coffee,5,2,10,Digital Wallet,,10/6/2023,Coffee,,,,Smoothie
TXN_2108125,Coffee,1,2,2,Credit Card,In-store,10/6/2023,Coffee,,,,Cookie
TXN_7551023,Salad,5,5,25,Cash,,10/6/2023,Salad,,,,Cake
TXN_9871971,Smoothie,3,4,12,,Takeaway,10/6/2023,Smoothie,,,,Cake
TXN_3463281,Cake,5,3,15,,Takeaway,10/6/2023,Cake,,,,Salad
TXN_2625464,Smoothie,3,4,12,Credit Card,In-store,10/6/2023,Smoothie,,,,Coffee
TXN_1707251,Smoothie,2,4,8,Digital Wallet,Takeaway,10/6/2023,Smoothie,,,,Cake
TXN_4908458,Tea,4,1.5,6,,,10/6/2023,Tea,,,,Coffee
TXN_1829391,Cake,4,3,12,Credit Card,,10/6/2023,Cake,,,,Cake
TXN_4852852,Smoothie,2,4,8,UNKNOWN,,10/6/2023,Smoothie,,,,Smoothie
TXN_9878237,Cake,1,3,3,Credit Card,,10/6/2023,Cake,,,,Smoothie
TXN_7954368,Cake,3,3,9,Credit Card,,10/6/2023,Cake,,,,Cookie
TXN_2741928,Cake,1,3,3,Digital Wallet,In-store,10/6/2023,Cake,,,,Cake
TXN_5209716,Cookie,5,1,5,Cash,,10/6/2023,Cookie,,,,Tea
TXN_2260070,Salad,1,5,5,Cash,,10/6/2023,Salad,,,,Tea
TXN_3554772,Tea,3,1.5,4.5,Credit Card,,10/6/2023,Tea,,,,Salad
TXN_1740742,Tea,4,1.5,6,Digital Wallet,In-store,10/6/2023,Tea,,,,Tea
TXN_2199236,Smoothie,5,4,20,,Takeaway,10/6/2023,Smoothie,,,,Smoothie
TXN_5896728,Cake,4,3,12,Digital Wallet,Takeaway,10/6/2023,Cake,,,,Tea
TXN_6779377,Smoothie,5,4,20,,In-store,10/6/2023,Smoothie,,,,Cake
TXN_8365857,Smoothie,5,4,20,Digital Wallet,Takeaway,10/6/2023,Smoothie,,,,Tea
TXN_7004303,Smoothie,3,4,12,Cash,In-store,10/6/2023,Smoothie,,,,Salad
TXN_6017034,Cake,4,3,12,UNKNOWN,,10/6/2023,Cake,,,,Tea
TXN_8813311,Cake,5,3,15,,In-store,10/7/2023,Cake,,,,Coffee
TXN_4134253,Tea,4,1.5,6,Cash,In-store,10/7/2023,Tea,,,,Salad
TXN_5813015,Cookie,5,1,5,Digital Wallet,UNKNOWN,10/7/2023,Cookie,,,,Salad
TXN_9907327,Salad,2,5,10,Credit Card,ERROR,10/7/2023,Salad,,,,Cookie
TXN_3790025,Smoothie,1,4,4,Cash,,10/7/2023,Smoothie,,,,Smoothie
TXN_2291079,Coffee,1,2,2,Cash,,10/7/2023,Coffee,,,,Salad
TXN_9867948,Smoothie,2,4,8,Digital Wallet,,10/7/2023,Smoothie,,,,Coffee
TXN_4215488,Salad,5,5,25,,In-store,10/7/2023,Salad,,,,Coffee
TXN_5052998,Cake,3,3,9,Credit Card,,10/7/2023,Cake,,,,Salad
TXN_2008137,Coffee,4,2,8,,ERROR,10/7/2023,Coffee,,,,Coffee
TXN_7218719,Cake,1,3,3,Cash,,10/7/2023,Cake,,,,Cookie
TXN_2134911,Tea,5,1.5,7.5,Digital Wallet,In-store,10/7/2023,Tea,,,,Cookie
TXN_7497565,Cookie,4,1,4,,Takeaway,10/7/2023,Cookie,,,,Cake
TXN_9470260,Coffee,5,2,10,,In-store,10/7/2023,Coffee,,,,Cookie
TXN_1643870,Salad,4,5,20,Digital Wallet,Takeaway,10/7/2023,Salad,,,,Salad
TXN_6879752,Tea,1,1.5,1.5,Digital Wallet,In-store,10/7/2023,Tea,,,,Coffee
TXN_3444569,Smoothie,1,4,4,Credit Card,Takeaway,10/7/2023,Smoothie,,,,Salad
TXN_3894173,Smoothie,5,4,20,Digital Wallet,Takeaway,10/7/2023,Smoothie,,,,Cookie
TXN_4496616,Salad,5,5,25,,Takeaway,10/7/2023,Salad,,,,Cake
TXN_9018195,Cake,5,3,15,Cash,,10/7/2023,Cake,,,,Tea
TXN_7511351,Tea,4,1.5,6,Cash,Takeaway,10/7/2023,Tea,,,,Cookie
TXN_6043396,Smoothie,3,4,12,,In-store,10/7/2023,Smoothie,,,,Cake
TXN_6587151,Smoothie,4,4,16,Credit Card,,10/7/2023,Smoothie,,,,Salad
TXN_8188818,Tea,2,1.5,3,ERROR,,10/7/2023,Tea,,,,Tea
TXN_7480853,Smoothie,2,4,8,Digital Wallet,In-store,10/7/2023,Smoothie,,,,Coffee
TXN_1576076,Coffee,3,2,6,Cash,Takeaway,10/7/2023,Coffee,,,,Cake
TXN_1450705,Cookie,5,1,5,,,10/7/2023,Cookie,,,,Smoothie
TXN_4631228,Cake,1,3,3,Digital Wallet,ERROR,10/7/2023,Cake,,,,Tea
TXN_6738516,Smoothie,5,4,20,Cash,,10/7/2023,Smoothie,,,,Cake
TXN_1911093,Tea,2,1.5,3,Digital Wallet,In-store,10/7/2023,Tea,,,,Tea
TXN_7936851,Smoothie,3,4,12,,,10/7/2023,Smoothie,,,,Salad
TXN_9547091,Cookie,3,1,3,Credit Card,,10/8/2023,Cookie,,,,Cookie
TXN_1259671,Smoothie,3,4,12,Digital Wallet,In-store,10/8/2023,Smoothie,,,,Smoothie
TXN_9263299,Cookie,2,1,2,Credit Card,Takeaway,10/8/2023,Cookie,,,,Coffee
TXN_9212503,Salad,2,5,10,Digital Wallet,Takeaway,10/8/2023,Salad,,,,Cake
TXN_1775884,Cake,4,3,12,Cash,,10/8/2023,Cake,,,,Cookie
TXN_6540946,Cake,4,3,12,Digital Wallet,,10/8/2023,Cake,,,,Smoothie
TXN_8973563,Coffee,1,2,2,,,10/8/2023,Coffee,,,,Coffee
TXN_3471223,Coffee,1,2,2,Digital Wallet,In-store,10/8/2023,Coffee,,,,Tea
TXN_3824443,Smoothie,3,4,12,UNKNOWN,In-store,10/8/2023,Smoothie,,,,Smoothie
TXN_4778105,Cake,4,3,12,Digital Wallet,In-store,10/8/2023,Cake,,,,Smoothie
TXN_5132082,Salad,5,5,25,ERROR,,10/8/2023,Salad,,,,Smoothie
TXN_2145530,Smoothie,3,4,12,Digital Wallet,ERROR,10/8/2023,Smoothie,,,,Salad
TXN_4708410,Cake,4,3,12,Digital Wallet,In-store,10/8/2023,Cake,,,,Cake
TXN_3656884,Coffee,5,2,10,Credit Card,,10/8/2023,Coffee,,,,Tea
TXN_7899761,Cake,2,3,6,UNKNOWN,In-store,10/8/2023,Cake,,,,Cookie
TXN_9697154,Tea,3,1.5,4.5,Credit Card,In-store,10/8/2023,Tea,,,,Salad
TXN_5255092,Smoothie,1,4,4,ERROR,Takeaway,10/8/2023,Smoothie,,,,Cake
TXN_4583957,Cookie,2,1,2,Credit Card,Takeaway,10/8/2023,Cookie,,,,Smoothie
TXN_5942011,Tea,1,1.5,1.5,Cash,,10/8/2023,Tea,,,,Cookie
TXN_8640383,Cake,2,3,6,ERROR,,10/8/2023,Cake,,,,Smoothie
TXN_4296023,Tea,5,1.5,7.5,Digital Wallet,In-store,10/8/2023,Tea,,,,Cake
TXN_5663260,Smoothie,4,4,16,Digital Wallet,,10/8/2023,Smoothie,,,,Cake
TXN_2435025,Cake,1,3,3,Cash,In-store,10/8/2023,Cake,,,,Smoothie
TXN_5100579,Cookie,2,1,2,Cash,Takeaway,10/8/2023,Cookie,,,,Cookie
TXN_2185727,Salad,4,5,20,Digital Wallet,In-store,10/8/2023,Salad,,,,Tea
TXN_8127929,Cookie,5,1,5,Credit Card,Takeaway,10/8/2023,Cookie,,,,Cake
TXN_1049697,Tea,3,1.5,4.5,Cash,In-store,10/8/2023,Tea,,,,Smoothie
TXN_4873173,Coffee,5,2,10,Cash,Takeaway,10/8/2023,Coffee,,,,Smoothie
TXN_2851446,Salad,2,5,10,Credit Card,Takeaway,10/8/2023,Salad,,,,Salad
TXN_7519611,Tea,4,1.5,6,Credit Card,In-store,10/8/2023,Tea,,,,Cake
TXN_4877436,Cake,4,3,12,,,10/8/2023,Cake,,,,Cake
TXN_1697299,Smoothie,3,4,12,Cash,In-store,10/8/2023,Smoothie,,,,Cookie
TXN_4521701,Cake,4,3,12,,In-store,10/8/2023,Cake,,,,Tea
TXN_9147596,Coffee,2,2,4,Digital Wallet,Takeaway,10/8/2023,Coffee,,,,Salad
TXN_1958525,Cookie,3,1,3,,Takeaway,10/8/2023,Cookie,,,,Coffee
TXN_8853997,Smoothie,2,4,8,Digital Wallet,Takeaway,10/9/2023,Smoothie,,,,Salad
TXN_8051289,Cake,1,3,3,,In-store,10/9/2023,Cake,,,,Cake
TXN_6007079,Cookie,2,1,2,Credit Card,In-store,10/9/2023,Cookie,,,,Cake
TXN_1096690,Smoothie,5,4,20,Credit Card,,10/9/2023,Smoothie,,,,Cake
TXN_4369292,Cake,1,3,3,Credit Card,Takeaway,10/9/2023,Cake,,,,Coffee
TXN_3195257,Salad,1,5,5,Cash,,10/9/2023,Salad,,,,Cake
TXN_9667219,Cake,4,3,12,Cash,In-store,10/9/2023,Cake,,,,Smoothie
TXN_7119228,Cake,4,3,12,Digital Wallet,,10/9/2023,Cake,,,,Smoothie
TXN_6575599,Coffee,5,2,10,Digital Wallet,Takeaway,10/9/2023,Coffee,,,,Cake
TXN_2864951,Tea,5,1.5,7.5,Credit Card,Takeaway,10/9/2023,Tea,,,,Tea
TXN_3986639,Salad,1,5,5,Credit Card,In-store,10/9/2023,Salad,,,,Cake
TXN_9531434,Cookie,1,1,1,Credit Card,Takeaway,10/9/2023,Cookie,,,,Cake
TXN_8258400,Salad,5,5,25,UNKNOWN,,10/9/2023,Salad,,,,Cake
TXN_7476348,Coffee,2,2,4,ERROR,In-store,10/9/2023,Coffee,,,,Cookie
TXN_8167311,Salad,1,5,5,UNKNOWN,Takeaway,10/9/2023,Salad,,,,Tea
TXN_9775984,Cake,2,3,6,Credit Card,In-store,10/9/2023,Cake,,,,Cake
TXN_8978924,Salad,5,5,25,Cash,ERROR,10/9/2023,Salad,,,,Smoothie
TXN_7645250,Cake,2,3,6,,,10/9/2023,Cake,,,,Cake
TXN_5157516,Salad,3,5,15,,In-store,10/9/2023,Salad,,,,Coffee
TXN_2323650,Tea,4,1.5,6,Digital Wallet,,10/9/2023,Tea,,,,Tea
TXN_9406938,Salad,1,5,5,ERROR,,10/9/2023,Salad,,,,Tea
TXN_8018572,Cookie,5,1,5,,In-store,10/9/2023,Cookie,,,,Coffee
TXN_2214698,Salad,4,5,20,Credit Card,,10/10/2023,Salad,,,,Cake
TXN_4206256,Smoothie,3,4,12,,ERROR,10/10/2023,Smoothie,,,,Cake
TXN_1346936,Cookie,5,1,5,ERROR,,10/10/2023,Cookie,,,,Coffee
TXN_9678108,Salad,3,5,15,ERROR,Takeaway,10/10/2023,Salad,,,,Cake
TXN_8631468,Cake,1,3,3,Credit Card,In-store,10/10/2023,Cake,,,,Smoothie
TXN_4563646,Cake,5,3,15,Cash,Takeaway,10/10/2023,Cake,,,,Cookie
TXN_1653570,Coffee,5,2,10,UNKNOWN,Takeaway,10/10/2023,Coffee,,,,Cookie
TXN_2897468,Salad,2,5,10,Cash,,10/10/2023,Salad,,,,Cake
TXN_7909509,Smoothie,3,4,12,,Takeaway,10/10/2023,Smoothie,,,,Salad
TXN_9367729,Coffee,2,2,4,,Takeaway,10/10/2023,Coffee,,,,Cake
TXN_3938018,Coffee,4,2,8,,Takeaway,10/10/2023,Coffee,,,,Tea
TXN_4311086,Cake,4,3,12,ERROR,In-store,10/10/2023,Cake,,,,Cookie
TXN_9723314,Coffee,4,2,8,Cash,In-store,10/10/2023,Coffee,,,,Cake
TXN_9603773,Cookie,2,1,2,Credit Card,,10/10/2023,Cookie,,,,Coffee
TXN_5036614,Smoothie,4,4,16,Digital Wallet,In-store,10/10/2023,Smoothie,,,,Smoothie
TXN_9626624,Smoothie,3,4,12,Cash,In-store,10/10/2023,Smoothie,,,,Salad
TXN_2564718,Salad,5,5,25,,Takeaway,10/10/2023,Salad,,,,Smoothie
TXN_1048616,Tea,1,1.5,1.5,Cash,,10/10/2023,Tea,,,,Salad
TXN_4366417,Smoothie,3,4,12,,Takeaway,10/10/2023,Smoothie,,,,Cake
TXN_2667131,Smoothie,2,4,8,Credit Card,Takeaway,10/10/2023,Smoothie,,,,Coffee
TXN_8020606,Cake,4,3,12,,Takeaway,10/10/2023,Cake,,,,Cake
TXN_3543930,Cake,2,3,6,Credit Card,Takeaway,10/10/2023,Cake,,,,Cake
TXN_7791428,Smoothie,5,4,20,Digital Wallet,Takeaway,10/10/2023,Smoothie,,,,Smoothie
TXN_5968921,Salad,5,5,25,Credit Card,Takeaway,10/10/2023,Salad,,,,Tea
TXN_1222338,Cookie,1,1,1,,In-store,10/11/2023,Cookie,,,,Smoothie
TXN_8699110,Salad,3,5,15,,Takeaway,10/11/2023,Salad,,,,Smoothie
TXN_1646009,Salad,4,5,20,Credit Card,,10/11/2023,Salad,,,,Coffee
TXN_6928137,Cake,3,3,9,Digital Wallet,In-store,10/11/2023,Cake,,,,Cookie
TXN_4896948,Cake,4,3,12,UNKNOWN,,10/11/2023,Cake,,,,Smoothie
TXN_5470087,Salad,2,5,10,,Takeaway,10/11/2023,Salad,,,,Cake
TXN_3443235,Smoothie,5,4,20,,UNKNOWN,10/11/2023,Smoothie,,,,Coffee
TXN_7145672,Smoothie,1,4,4,Credit Card,,10/11/2023,Smoothie,,,,Smoothie
TXN_8878830,Coffee,4,2,8,Credit Card,Takeaway,10/11/2023,Coffee,,,,Cake
TXN_4243591,Cake,4,3,12,Credit Card,In-store,10/11/2023,Cake,,,,Tea
TXN_3423451,Salad,4,5,20,Cash,ERROR,10/11/2023,Salad,,,,Salad
TXN_4567429,Tea,3,1.5,4.5,Cash,,10/11/2023,Tea,,,,Cake
TXN_2464879,Cake,2,3,6,Credit Card,,10/11/2023,Cake,,,,Tea
TXN_2258091,Cake,2,3,6,,In-store,10/11/2023,Cake,,,,Cookie
TXN_2513558,Cake,4,3,12,,,10/11/2023,Cake,,,,Coffee
TXN_7402846,Cake,2,3,6,Credit Card,Takeaway,10/11/2023,Cake,,,,Smoothie
TXN_4092551,Cake,5,3,15,Credit Card,Takeaway,10/11/2023,Cake,,,,Tea
TXN_2953908,Coffee,5,2,10,Credit Card,In-store,10/11/2023,Coffee,,,,Cake
TXN_6235329,Salad,2,5,10,Digital Wallet,In-store,10/11/2023,Salad,,,,Tea
TXN_9537106,Smoothie,3,4,12,,,10/11/2023,Smoothie,,,,Smoothie
TXN_5727550,Coffee,3,2,6,Digital Wallet,,10/11/2023,Coffee,,,,Cake
TXN_7221126,Tea,5,1.5,7.5,Digital Wallet,In-store,10/11/2023,Tea,,,,Cake
TXN_2084232,Tea,4,1.5,6,Digital Wallet,Takeaway,10/11/2023,Tea,,,,Smoothie
TXN_2020318,Tea,3,1.5,4.5,Digital Wallet,In-store,10/12/2023,Tea,,,,Salad
TXN_6467618,Tea,3,1.5,4.5,,Takeaway,10/12/2023,Tea,,,,Cake
TXN_4639621,Coffee,2,2,4,,In-store,10/12/2023,Coffee,,,,Cake
TXN_6778177,Cookie,4,1,4,,Takeaway,10/12/2023,Cookie,,,,Cookie
TXN_4462052,Cookie,1,1,1,Cash,In-store,10/12/2023,Cookie,,,,Cake
TXN_1203191,Coffee,5,2,10,ERROR,In-store,10/12/2023,Coffee,,,,Cake
TXN_9507568,Smoothie,4,4,16,Credit Card,,10/12/2023,Smoothie,,,,Smoothie
TXN_8397209,Tea,3,1.5,4.5,Cash,In-store,10/12/2023,Tea,,,,Coffee
TXN_4890770,Coffee,4,2,8,,Takeaway,10/12/2023,Coffee,,,,Cake
TXN_3209025,Salad,2,5,10,Cash,,10/12/2023,Salad,,,,Tea
TXN_3863163,Cookie,3,1,3,Digital Wallet,Takeaway,10/12/2023,Cookie,,,,Smoothie
TXN_1613996,Cake,2,3,6,,In-store,10/12/2023,Cake,,,,Tea
TXN_7835785,Salad,1,5,5,Cash,In-store,10/12/2023,Salad,,,,Cake
TXN_4046095,Cake,2,3,6,Digital Wallet,Takeaway,10/12/2023,Cake,,,,Cake
TXN_1963345,Smoothie,4,4,16,,In-store,10/12/2023,Smoothie,,,,Cake
TXN_8153957,Coffee,1,2,2,Digital Wallet,Takeaway,10/12/2023,Coffee,,,,Smoothie
TXN_2032049,Salad,2,5,10,Credit Card,UNKNOWN,10/12/2023,Salad,,,,Coffee
TXN_1148060,Cookie,5,1,5,Cash,,10/12/2023,Cookie,,,,Cake
TXN_4543793,Smoothie,2,4,8,Cash,In-store,10/12/2023,Smoothie,,,,Smoothie
TXN_8153550,Cookie,2,1,2,Cash,Takeaway,10/12/2023,Cookie,,,,Tea
TXN_2534066,Salad,2,5,10,Cash,,10/13/2023,Salad,,,,Salad
TXN_5616583,Smoothie,1,4,4,,,10/13/2023,Smoothie,,,,Cookie
TXN_7478389,Cookie,5,1,5,Digital Wallet,,10/13/2023,Cookie,,,,Smoothie
TXN_7950226,Tea,1,1.5,1.5,Digital Wallet,In-store,10/13/2023,Tea,,,,Tea
TXN_2560137,Cake,1,3,3,Cash,Takeaway,10/13/2023,Cake,,,,Smoothie
TXN_3665727,Cookie,1,1,1,,In-store,10/13/2023,Cookie,,,,Smoothie
TXN_5396727,Cake,2,3,6,Credit Card,Takeaway,10/13/2023,Cake,,,,Cookie
TXN_7944534,Tea,2,1.5,3,Digital Wallet,In-store,10/13/2023,Tea,,,,Coffee
TXN_1045022,Smoothie,4,4,16,Credit Card,Takeaway,10/13/2023,Smoothie,,,,Tea
TXN_5604797,Coffee,1,2,2,Cash,In-store,10/13/2023,Coffee,,,,Cookie
TXN_3741197,Cake,4,3,12,Credit Card,,10/13/2023,Cake,,,,Salad
TXN_4661976,Smoothie,3,4,12,Digital Wallet,,10/13/2023,Smoothie,,,,Cake
TXN_3227673,Cookie,1,1,1,Cash,,10/13/2023,Cookie,,,,Cake
TXN_1561430,Tea,2,1.5,3,,Takeaway,10/13/2023,Tea,,,,Cake
TXN_5921650,Salad,4,5,20,,In-store,10/13/2023,Salad,,,,Tea
TXN_6850528,Cookie,3,1,3,Cash,In-store,10/13/2023,Cookie,,,,Smoothie
TXN_6483589,Cake,3,3,9,Digital Wallet,,10/13/2023,Cake,,,,Smoothie
TXN_6929413,Tea,1,1.5,1.5,Digital Wallet,,10/13/2023,Tea,,,,Salad
TXN_6206792,Tea,4,1.5,6,Credit Card,,10/13/2023,Tea,,,,Coffee
TXN_3889213,Cake,1,3,3,Credit Card,,10/13/2023,Cake,,,,Smoothie
TXN_5609139,Tea,2,1.5,3,Digital Wallet,,10/13/2023,Tea,,,,Smoothie
TXN_2262195,Smoothie,3,4,12,Cash,,10/13/2023,Smoothie,,,,Cake
TXN_6761273,Cake,5,3,15,Digital Wallet,UNKNOWN,10/13/2023,Cake,,,,Tea
TXN_7413282,Cake,5,3,15,,,10/13/2023,Cake,,,,Cookie
TXN_3888864,Smoothie,1,4,4,Credit Card,In-store,10/13/2023,Smoothie,,,,Salad
TXN_1603186,Cake,3,3,9,Cash,Takeaway,10/13/2023,Cake,,,,Smoothie
TXN_4298189,Coffee,1,2,2,Digital Wallet,In-store,10/13/2023,Coffee,,,,Cake
TXN_1372003,Tea,4,1.5,6,Digital Wallet,Takeaway,10/13/2023,Tea,,,,Cookie
TXN_7902691,Cake,3,3,9,Digital Wallet,Takeaway,10/13/2023,Cake,,,,Cake
TXN_8330837,Cake,3,3,9,Digital Wallet,,10/13/2023,Cake,,,,Cookie
TXN_8964812,Salad,4,5,20,Digital Wallet,,10/14/2023,Salad,,,,Smoothie
TXN_9996968,Smoothie,1,4,4,Cash,In-store,10/14/2023,Smoothie,,,,Salad
TXN_4493176,Tea,3,1.5,4.5,,,10/14/2023,Tea,,,,Tea
TXN_1248266,Salad,3,5,15,Credit Card,In-store,10/14/2023,Salad,,,,Smoothie
TXN_4536827,Cookie,3,1,3,Digital Wallet,Takeaway,10/14/2023,Cookie,,,,Smoothie
TXN_1427963,Coffee,1,2,2,Cash,,10/14/2023,Coffee,,,,Cake
TXN_4849180,Cake,5,3,15,Credit Card,In-store,10/14/2023,Cake,,,,Smoothie
TXN_8413949,Cake,1,3,3,Credit Card,In-store,10/14/2023,Cake,,,,Smoothie
TXN_7692019,Cake,3,3,9,,In-store,10/14/2023,Cake,,,,Coffee
TXN_2576936,Cake,3,3,9,Cash,,10/14/2023,Cake,,,,Coffee
TXN_4650611,Coffee,1,2,2,Credit Card,,10/14/2023,Coffee,,,,Tea
TXN_6071866,Tea,4,1.5,6,,,10/14/2023,Tea,,,,Cake
TXN_7809290,Cake,1,3,3,Cash,Takeaway,10/14/2023,Cake,,,,Cake
TXN_9606045,Tea,2,1.5,3,Digital Wallet,,10/14/2023,Tea,,,,Salad
TXN_8345383,Tea,5,1.5,7.5,,Takeaway,10/14/2023,Tea,,,,Smoothie
TXN_9176533,Cake,3,3,9,Credit Card,,10/14/2023,Cake,,,,Smoothie
TXN_1122699,Salad,5,5,25,Digital Wallet,In-store,10/14/2023,Salad,,,,Coffee
TXN_1196223,Cake,3,3,9,Digital Wallet,In-store,10/14/2023,Cake,,,,Salad
TXN_7916758,Smoothie,1,4,4,,Takeaway,10/14/2023,Smoothie,,,,Salad
TXN_8955306,Coffee,3,2,6,Credit Card,In-store,10/14/2023,Coffee,,,,Cake
TXN_6190857,Tea,1,1.5,1.5,,In-store,10/14/2023,Tea,,,,Cake
TXN_8669422,Cake,4,3,12,Cash,Takeaway,10/15/2023,Cake,,,,Coffee
TXN_2447261,Cookie,3,1,3,Credit Card,Takeaway,10/15/2023,Cookie,,,,Smoothie
TXN_2761542,Cookie,4,1,4,,,10/15/2023,Cookie,,,,Smoothie
TXN_8398059,Cake,1,3,3,Cash,Takeaway,10/15/2023,Cake,,,,Cookie
TXN_9942247,Coffee,2,2,4,Cash,Takeaway,10/15/2023,Coffee,,,,Tea
TXN_8782513,Smoothie,5,4,20,,Takeaway,10/15/2023,Smoothie,,,,Smoothie
TXN_8124663,Smoothie,2,4,8,Credit Card,Takeaway,10/15/2023,Smoothie,,,,Cake
TXN_3828620,Salad,1,5,5,,In-store,10/15/2023,Salad,,,,Coffee
TXN_4833378,Cake,5,3,15,Digital Wallet,,10/15/2023,Cake,,,,Cake
TXN_8165784,Cake,5,3,15,Digital Wallet,,10/15/2023,Cake,,,,Tea
TXN_5852244,Cake,2,3,6,Credit Card,Takeaway,10/15/2023,Cake,,,,Smoothie
TXN_9212052,Salad,4,5,20,Cash,,10/15/2023,Salad,,,,Salad
TXN_4055876,Salad,3,5,15,Credit Card,In-store,10/15/2023,Salad,,,,Smoothie
TXN_7937905,Salad,5,5,25,,,10/15/2023,Salad,,,,Salad
TXN_4919285,Coffee,4,2,8,Cash,Takeaway,10/15/2023,Coffee,,,,Coffee
TXN_3172621,Smoothie,4,4,16,,Takeaway,10/15/2023,Smoothie,,,,Coffee
TXN_9836829,Cookie,5,1,5,,Takeaway,10/15/2023,Cookie,,,,Salad
TXN_7062893,Smoothie,2,4,8,Digital Wallet,In-store,10/15/2023,Smoothie,,,,Cake
TXN_6867995,Cookie,3,1,3,Digital Wallet,In-store,10/15/2023,Cookie,,,,Tea
TXN_1822234,Salad,2,5,10,Cash,,10/15/2023,Salad,,,,Cake
TXN_6098702,Coffee,3,2,6,Credit Card,ERROR,10/15/2023,Coffee,,,,Cake
TXN_9752207,Smoothie,4,4,16,,In-store,10/15/2023,Smoothie,,,,Smoothie
TXN_2244418,Salad,5,5,25,Cash,Takeaway,10/15/2023,Salad,,,,Tea
TXN_6805057,Cookie,4,1,4,Credit Card,,10/15/2023,Cookie,,,,Smoothie
TXN_9054074,Cake,1,3,3,Credit Card,Takeaway,10/15/2023,Cake,,,,Smoothie
TXN_4767609,Coffee,3,2,6,Digital Wallet,In-store,10/15/2023,Coffee,,,,Salad
TXN_8273780,Salad,2,5,10,Digital Wallet,Takeaway,10/15/2023,Salad,,,,Smoothie
TXN_8224079,Cookie,5,1,5,Cash,In-store,10/16/2023,Cookie,,,,Cake
TXN_7019782,Smoothie,5,4,20,,,10/16/2023,Smoothie,,,,Salad
TXN_8229546,Smoothie,2,4,8,Cash,,10/16/2023,Smoothie,,,,Coffee
TXN_9186913,Cookie,2,1,2,Credit Card,Takeaway,10/16/2023,Cookie,,,,Salad
TXN_4139983,Tea,5,1.5,7.5,Cash,Takeaway,10/16/2023,Tea,,,,Smoothie
TXN_4887268,Salad,1,5,5,Credit Card,In-store,10/16/2023,Salad,,,,Tea
TXN_7380756,Salad,1,5,5,Digital Wallet,Takeaway,10/16/2023,Salad,,,,Salad
TXN_8359674,Salad,3,5,15,,Takeaway,10/16/2023,Salad,,,,Salad
TXN_1252575,Tea,1,1.5,1.5,Digital Wallet,Takeaway,10/16/2023,Tea,,,,Cake
TXN_5865534,Smoothie,4,4,16,Digital Wallet,ERROR,10/16/2023,Smoothie,,,,Salad
TXN_8122317,Coffee,3,2,6,Cash,Takeaway,10/16/2023,Coffee,,,,Smoothie
TXN_2773085,Coffee,1,2,2,,,10/16/2023,Coffee,,,,Cake
TXN_1015883,Cookie,4,1,4,Cash,In-store,10/16/2023,Cookie,,,,Smoothie
TXN_6730130,Tea,2,1.5,3,,,10/16/2023,Tea,,,,Smoothie
TXN_3413156,Cake,1,3,3,Credit Card,In-store,10/16/2023,Cake,,,,Smoothie
TXN_6901619,Tea,2,1.5,3,Digital Wallet,In-store,10/16/2023,Tea,,,,Cookie
TXN_1571824,Cookie,4,1,4,Cash,Takeaway,10/16/2023,Cookie,,,,Smoothie
TXN_6724588,Cake,2,3,6,Digital Wallet,In-store,10/16/2023,Cake,,,,Cookie
TXN_7330330,Cookie,2,1,2,,In-store,10/16/2023,Cookie,,,,Smoothie
TXN_2112848,Cookie,4,1,4,Credit Card,In-store,10/16/2023,Cookie,,,,Smoothie
TXN_8246369,Cake,1,3,3,Credit Card,,10/16/2023,Cake,,,,Cake
TXN_9016451,Cookie,3,1,3,,,10/16/2023,Cookie,,,,Cookie
TXN_6335297,Cake,3,3,9,,,10/16/2023,Cake,,,,Smoothie
TXN_3846628,Cake,1,3,3,,Takeaway,10/16/2023,Cake,,,,Smoothie
TXN_4262451,Coffee,1,2,2,Digital Wallet,Takeaway,10/16/2023,Coffee,,,,Cookie
TXN_6367976,Cake,1,3,3,Digital Wallet,,10/16/2023,Cake,,,,Salad
TXN_3512665,Salad,5,5,25,Credit Card,,10/16/2023,Salad,,,,Cookie
TXN_9688601,Cake,1,3,3,,In-store,10/16/2023,Cake,,,,Smoothie
TXN_5134545,Tea,5,1.5,7.5,Digital Wallet,,10/17/2023,Tea,,,,Smoothie
TXN_9927061,Cookie,2,1,2,,,10/17/2023,Cookie,,,,Salad
TXN_1749105,Smoothie,5,4,20,Cash,In-store,10/17/2023,Smoothie,,,,Smoothie
TXN_6071339,Coffee,5,2,10,Cash,Takeaway,10/17/2023,Coffee,,,,Smoothie
TXN_4036214,Cake,2,3,6,Credit Card,UNKNOWN,10/17/2023,Cake,,,,Cake
TXN_7602467,Cookie,1,1,1,Credit Card,Takeaway,10/17/2023,Cookie,,,,Cake
TXN_4390633,Tea,2,1.5,3,UNKNOWN,,10/17/2023,Tea,,,,Cake
TXN_8511110,Tea,3,1.5,4.5,,,10/17/2023,Tea,,,,Cake
TXN_5812394,Salad,5,5,25,Cash,,10/17/2023,Salad,,,,Cake
TXN_1583315,Cookie,3,1,3,,Takeaway,10/17/2023,Cookie,,,,Salad
TXN_1636908,Cake,4,3,12,Digital Wallet,,10/17/2023,Cake,,,,Smoothie
TXN_3384640,Salad,4,5,20,,Takeaway,10/17/2023,Salad,,,,Tea
TXN_9918597,Smoothie,4,4,16,Digital Wallet,In-store,10/17/2023,Smoothie,,,,Smoothie
TXN_1679800,Smoothie,4,4,16,Cash,In-store,10/17/2023,Smoothie,,,,Cake
TXN_5598744,Smoothie,4,4,16,Digital Wallet,Takeaway,10/17/2023,Smoothie,,,,Coffee
TXN_8888249,Coffee,5,2,10,,,10/17/2023,Coffee,,,,Smoothie
TXN_7484638,Smoothie,3,4,12,Digital Wallet,In-store,10/17/2023,Smoothie,,,,Tea
TXN_9749790,Tea,3,1.5,4.5,,Takeaway,10/17/2023,Tea,,,,Smoothie
TXN_1898102,Cake,4,3,12,Credit Card,Takeaway,10/17/2023,Cake,,,,Cake
TXN_9665245,Cookie,1,1,1,UNKNOWN,Takeaway,10/17/2023,Cookie,,,,Smoothie
TXN_2617632,Smoothie,4,4,16,Digital Wallet,,10/17/2023,Smoothie,,,,Smoothie
TXN_8105705,Cake,1,3,3,Digital Wallet,Takeaway,10/17/2023,Cake,,,,Coffee
TXN_3672345,Tea,3,1.5,4.5,Credit Card,,10/17/2023,Tea,,,,Cake
TXN_1707537,Cake,3,3,9,Digital Wallet,Takeaway,10/17/2023,Cake,,,,Smoothie
TXN_4523273,Cake,4,3,12,Digital Wallet,,10/17/2023,Cake,,,,Cake
TXN_2810187,Coffee,4,2,8,ERROR,In-store,10/17/2023,Coffee,,,,Smoothie
TXN_8957369,Salad,4,5,20,Digital Wallet,,10/18/2023,Salad,,,,Cookie
TXN_2265984,Cookie,5,1,5,Credit Card,Takeaway,10/18/2023,Cookie,,,,Smoothie
TXN_1777959,Tea,5,1.5,7.5,,Takeaway,10/18/2023,Tea,,,,Coffee
TXN_5067373,Cookie,3,1,3,Cash,ERROR,10/18/2023,Cookie,,,,Tea
TXN_3131761,Smoothie,1,4,4,,Takeaway,10/18/2023,Smoothie,,,,Coffee
TXN_6064282,Smoothie,4,4,16,Credit Card,,10/18/2023,Smoothie,,,,Coffee
TXN_2015313,Salad,5,5,25,Cash,,10/18/2023,Salad,,,,Cake
TXN_3530720,Smoothie,5,4,20,Digital Wallet,In-store,10/18/2023,Smoothie,,,,Cookie
TXN_4171998,Smoothie,2,4,8,UNKNOWN,Takeaway,10/18/2023,Smoothie,,,,Smoothie
TXN_5380220,Coffee,4,2,8,Credit Card,In-store,10/18/2023,Coffee,,,,Smoothie
TXN_5423636,Smoothie,4,4,16,Cash,UNKNOWN,10/18/2023,Smoothie,,,,Cookie
TXN_2245037,Coffee,2,2,4,,,10/18/2023,Coffee,,,,Salad
TXN_2044945,Tea,2,1.5,3,Cash,,10/18/2023,Tea,,,,Salad
TXN_5927258,Tea,5,1.5,7.5,,In-store,10/18/2023,Tea,,,,Cake
TXN_8790282,Coffee,3,2,6,UNKNOWN,,10/18/2023,Coffee,,,,Coffee
TXN_5328814,Tea,3,1.5,4.5,Cash,,10/18/2023,Tea,,,,Cake
TXN_1336727,Smoothie,2,4,8,,In-store,10/18/2023,Smoothie,,,,Salad
TXN_8258798,Coffee,3,2,6,Cash,In-store,10/18/2023,Coffee,,,,Cake
TXN_9068244,Smoothie,5,4,20,Digital Wallet,Takeaway,10/19/2023,Smoothie,,,,Smoothie
TXN_5081978,Cake,1,3,3,,In-store,10/19/2023,Cake,,,,Cake
TXN_9340653,Smoothie,1,4,4,Digital Wallet,,10/19/2023,Smoothie,,,,Coffee
TXN_1387401,Cookie,4,1,4,Cash,In-store,10/19/2023,Cookie,,,,Cake
TXN_1124753,Salad,4,5,20,Digital Wallet,In-store,10/19/2023,Salad,,,,Smoothie
TXN_2126408,Cookie,3,1,3,Cash,Takeaway,10/19/2023,Cookie,,,,Salad
TXN_2416816,Smoothie,5,4,20,Digital Wallet,In-store,10/19/2023,Smoothie,,,,Cake
TXN_3125997,Cake,4,3,12,,,10/19/2023,Cake,,,,Cake
TXN_1476066,Smoothie,2,4,8,ERROR,Takeaway,10/19/2023,Smoothie,,,,Cookie
TXN_5580933,Smoothie,3,4,12,Cash,Takeaway,10/19/2023,Smoothie,,,,Tea
TXN_1833277,Tea,2,1.5,3,,Takeaway,10/19/2023,Tea,,,,Smoothie
TXN_7682605,Tea,5,1.5,7.5,Digital Wallet,UNKNOWN,10/19/2023,Tea,,,,Coffee
TXN_5595584,Smoothie,2,4,8,ERROR,In-store,10/19/2023,Smoothie,,,,Coffee
TXN_1000555,Tea,1,1.5,1.5,Credit Card,In-store,10/19/2023,Tea,,,,Smoothie
TXN_2336248,Cake,5,3,15,,Takeaway,10/19/2023,Cake,,,,Cookie
TXN_2797925,Cake,2,3,6,Cash,,10/19/2023,Cake,,,,Cake
TXN_4722816,Salad,4,5,20,Cash,In-store,10/19/2023,Salad,,,,Smoothie
TXN_4294955,Salad,5,5,25,UNKNOWN,UNKNOWN,10/19/2023,Salad,,,,Smoothie
TXN_7846513,Smoothie,3,4,12,Credit Card,,10/19/2023,Smoothie,,,,Coffee
TXN_7804740,Smoothie,2,4,8,Digital Wallet,,10/19/2023,Smoothie,,,,Cookie
TXN_5020643,Tea,3,1.5,4.5,Digital Wallet,In-store,10/19/2023,Tea,,,,Smoothie
TXN_6819128,Salad,1,5,5,Cash,,10/19/2023,Salad,,,,Smoothie
TXN_6708165,Cake,5,3,15,ERROR,In-store,10/19/2023,Cake,,,,Salad
TXN_7907259,Cake,1,3,3,Digital Wallet,Takeaway,10/19/2023,Cake,,,,Smoothie
TXN_3901665,Cake,1,3,3,Credit Card,Takeaway,10/19/2023,Cake,,,,Cake
TXN_8912589,Smoothie,3,4,12,Cash,ERROR,10/19/2023,Smoothie,,,,Salad
TXN_5823330,Salad,3,5,15,Digital Wallet,In-store,10/19/2023,Salad,,,,Salad
TXN_5845583,Tea,4,1.5,6,Cash,In-store,10/19/2023,Tea,,,,Cake
TXN_7255755,Smoothie,5,4,20,,,10/19/2023,Smoothie,,,,Cake
TXN_2997717,Cake,4,3,12,Credit Card,,10/19/2023,Cake,,,,Coffee
TXN_3398955,Cookie,3,1,3,Cash,ERROR,10/19/2023,Cookie,,,,Coffee
TXN_4216294,Tea,4,1.5,6,Cash,In-store,10/19/2023,Tea,,,,Smoothie
TXN_6393305,Salad,5,5,25,Digital Wallet,In-store,10/19/2023,Salad,,,,Cake
TXN_4987129,Smoothie,3,4,12,,In-store,10/20/2023,Smoothie,,,,Salad
TXN_3786188,Tea,3,1.5,4.5,Credit Card,In-store,10/20/2023,Tea,,,,Smoothie
TXN_7275407,Smoothie,2,4,8,Digital Wallet,In-store,10/20/2023,Smoothie,,,,Smoothie
TXN_7296560,Cake,2,3,6,,,10/20/2023,Cake,,,,Salad
TXN_3826038,Salad,1,5,5,Cash,Takeaway,10/20/2023,Salad,,,,Cake
TXN_5801294,Salad,1,5,5,ERROR,,10/20/2023,Salad,,,,Cake
TXN_6828371,Smoothie,4,4,16,,,10/20/2023,Smoothie,,,,Cake
TXN_2670487,Coffee,3,2,6,Digital Wallet,,10/20/2023,Coffee,,,,Smoothie
TXN_3296152,Salad,3,5,15,Credit Card,In-store,10/20/2023,Salad,,,,Tea
TXN_9917989,Smoothie,4,4,16,Digital Wallet,Takeaway,10/20/2023,Smoothie,,,,Cookie
TXN_3964398,Cake,4,3,12,Credit Card,Takeaway,10/20/2023,Cake,,,,Tea
TXN_1263426,Smoothie,2,4,8,,UNKNOWN,10/20/2023,Smoothie,,,,Cookie
TXN_2026084,Coffee,2,2,4,Cash,In-store,10/20/2023,Coffee,,,,Cookie
TXN_1576355,Coffee,4,2,8,,,10/20/2023,Coffee,,,,Smoothie
TXN_2417721,Coffee,4,2,8,Credit Card,Takeaway,10/20/2023,Coffee,,,,Smoothie
TXN_2402928,Coffee,4,2,8,Cash,,10/20/2023,Coffee,,,,Coffee
TXN_5467240,Smoothie,5,4,20,Digital Wallet,UNKNOWN,10/20/2023,Smoothie,,,,Tea
TXN_8019396,Smoothie,3,4,12,,,10/20/2023,Smoothie,,,,Cake
TXN_6503526,Cookie,5,1,5,Credit Card,In-store,10/20/2023,Cookie,,,,Tea
TXN_9772556,Coffee,5,2,10,,,10/20/2023,Coffee,,,,Smoothie
TXN_2328896,Smoothie,4,4,16,Cash,,10/20/2023,Smoothie,,,,Smoothie
TXN_9988801,Smoothie,5,4,20,Cash,,10/20/2023,Smoothie,,,,Smoothie
TXN_8982328,Cake,1,3,3,Credit Card,In-store,10/20/2023,Cake,,,,Coffee
TXN_3441457,Salad,2,5,10,Digital Wallet,,10/20/2023,Salad,,,,Coffee
TXN_3678804,Coffee,3,2,6,Digital Wallet,,10/20/2023,Coffee,,,,Smoothie
TXN_7416196,Smoothie,2,4,8,Cash,In-store,10/20/2023,Smoothie,,,,Cookie
TXN_7539585,Smoothie,5,4,20,,,10/20/2023,Smoothie,,,,Coffee
TXN_9265423,Cake,1,3,3,,,10/20/2023,Cake,,,,Tea
TXN_7079566,Cake,4,3,12,Digital Wallet,In-store,10/20/2023,Cake,,,,Coffee
TXN_7310356,Cake,4,3,12,Digital Wallet,,10/20/2023,Cake,,,,Salad
TXN_4122925,Cookie,4,1,4,,Takeaway,10/20/2023,Cookie,,,,Salad
TXN_4766549,Smoothie,2,4,8,Cash,,10/20/2023,Smoothie,,,,Smoothie
TXN_5415901,Cake,2,3,6,Digital Wallet,,10/21/2023,Cake,,,,Coffee
TXN_5307411,Cake,3,3,9,Digital Wallet,Takeaway,10/21/2023,Cake,,,,Coffee
TXN_5939055,Coffee,3,2,6,ERROR,Takeaway,10/21/2023,Coffee,,,,Smoothie
TXN_7515082,Coffee,2,2,4,,In-store,10/21/2023,Coffee,,,,Smoothie
TXN_9526867,Cookie,2,1,2,Digital Wallet,Takeaway,10/21/2023,Cookie,,,,Coffee
TXN_5130399,Cookie,3,1,3,,,10/21/2023,Cookie,,,,Smoothie
TXN_2621008,Cookie,2,1,2,Digital Wallet,Takeaway,10/21/2023,Cookie,,,,Cake
TXN_6249754,Smoothie,1,4,4,Credit Card,Takeaway,10/21/2023,Smoothie,,,,Cookie
TXN_3943672,Smoothie,4,4,16,Credit Card,,10/21/2023,Smoothie,,,,Smoothie
TXN_8424417,Smoothie,2,4,8,,Takeaway,10/21/2023,Smoothie,,,,Salad
TXN_6530886,Coffee,1,2,2,Credit Card,,10/21/2023,Coffee,,,,Smoothie
TXN_2490026,Cake,5,3,15,,,10/21/2023,Cake,,,,Salad
TXN_6179169,Smoothie,2,4,8,Cash,In-store,10/21/2023,Smoothie,,,,Salad
TXN_4191925,Coffee,2,2,4,,UNKNOWN,10/21/2023,Coffee,,,,Cookie
TXN_1193221,Tea,3,1.5,4.5,Credit Card,In-store,10/21/2023,Tea,,,,Coffee
TXN_9447946,Smoothie,2,4,8,Credit Card,In-store,10/21/2023,Smoothie,,,,Cookie
TXN_7505290,Salad,4,5,20,Digital Wallet,Takeaway,10/21/2023,Salad,,,,Salad
TXN_5299440,Cake,2,3,6,Credit Card,In-store,10/21/2023,Cake,,,,Coffee
TXN_7665695,Tea,3,1.5,4.5,ERROR,In-store,10/21/2023,Tea,,,,Cake
TXN_2276426,Cake,5,3,15,Credit Card,In-store,10/21/2023,Cake,,,,Coffee
TXN_1883231,Cake,5,3,15,ERROR,In-store,10/21/2023,Cake,,,,Tea
TXN_2889185,Smoothie,2,4,8,ERROR,,10/21/2023,Smoothie,,,,Cookie
TXN_3856510,Smoothie,5,4,20,Cash,,10/21/2023,Smoothie,,,,Tea
TXN_3770267,Cake,2,3,6,,UNKNOWN,10/21/2023,Cake,,,,Cake
TXN_3944582,Tea,5,1.5,7.5,UNKNOWN,In-store,10/21/2023,Tea,,,,Cookie
TXN_9012517,Coffee,2,2,4,Credit Card,In-store,10/21/2023,Coffee,,,,Smoothie
TXN_1844925,Tea,5,1.5,7.5,Cash,,10/21/2023,Tea,,,,Smoothie
TXN_5330387,Coffee,3,2,6,,,10/21/2023,Coffee,,,,Cake
TXN_7435096,Tea,4,1.5,6,,In-store,10/21/2023,Tea,,,,Salad
TXN_9647494,Smoothie,2,4,8,Credit Card,UNKNOWN,10/21/2023,Smoothie,,,,Smoothie
TXN_5470909,Cookie,4,1,4,Credit Card,In-store,10/21/2023,Cookie,,,,Cake
TXN_6826409,Smoothie,1,4,4,Credit Card,Takeaway,10/21/2023,Smoothie,,,,Cookie
TXN_2084377,Smoothie,1,4,4,Credit Card,ERROR,10/22/2023,Smoothie,,,,Cake
TXN_4980282,Cake,1,3,3,Digital Wallet,In-store,10/22/2023,Cake,,,,Tea
TXN_6842808,Tea,2,1.5,3,,UNKNOWN,10/22/2023,Tea,,,,Tea
TXN_3394710,Smoothie,1,4,4,Digital Wallet,In-store,10/22/2023,Smoothie,,,,Salad
TXN_6696913,Cake,4,3,12,,,10/22/2023,Cake,,,,Tea
TXN_3725837,Coffee,5,2,10,Cash,In-store,10/22/2023,Coffee,,,,Cookie
TXN_4220743,Smoothie,4,4,16,,In-store,10/22/2023,Smoothie,,,,Cake
TXN_8707598,Cake,4,3,12,Credit Card,,10/22/2023,Cake,,,,Cookie
TXN_7517996,Cake,2,3,6,Cash,ERROR,10/22/2023,Cake,,,,Cookie
TXN_3720223,Cake,4,3,12,Cash,Takeaway,10/22/2023,Cake,,,,Cake
TXN_9423451,Coffee,1,2,2,,,10/22/2023,Coffee,,,,Smoothie
TXN_1554195,Smoothie,2,4,8,Digital Wallet,,10/22/2023,Smoothie,,,,Cookie
TXN_6437055,Cake,1,3,3,UNKNOWN,,10/22/2023,Cake,,,,Coffee
TXN_3419352,Salad,3,5,15,Digital Wallet,In-store,10/22/2023,Salad,,,,Coffee
TXN_1165762,Coffee,3,2,6,Credit Card,,10/22/2023,Coffee,,,,Salad
TXN_8794205,Cake,4,3,12,Credit Card,Takeaway,10/22/2023,Cake,,,,Coffee
TXN_4509329,Tea,1,1.5,1.5,,Takeaway,10/22/2023,Tea,,,,Cake
TXN_6028331,Cake,4,3,12,Cash,,10/22/2023,Cake,,,,Coffee
TXN_4663537,Coffee,5,2,10,Credit Card,,10/22/2023,Coffee,,,,Cookie
TXN_9120328,Tea,5,1.5,7.5,Credit Card,Takeaway,10/22/2023,Tea,,,,Coffee
TXN_4028494,Cake,3,3,9,Digital Wallet,In-store,10/22/2023,Cake,,,,Cookie
TXN_2527007,Smoothie,1,4,4,Digital Wallet,,10/22/2023,Smoothie,,,,Smoothie
TXN_7366807,Salad,3,5,15,,,10/22/2023,Salad,,,,Cookie
TXN_5777542,Smoothie,2,4,8,ERROR,,10/22/2023,Smoothie,,,,Coffee
TXN_9362993,Coffee,3,2,6,Cash,In-store,10/22/2023,Coffee,,,,Coffee
TXN_7627772,Smoothie,4,4,16,Credit Card,Takeaway,10/22/2023,Smoothie,,,,Cake
TXN_1991987,Cake,3,3,9,Credit Card,In-store,10/22/2023,Cake,,,,Cake
TXN_5868082,Coffee,5,2,10,Credit Card,In-store,10/22/2023,Coffee,,,,Coffee
TXN_5528787,Cake,2,3,6,Digital Wallet,,10/22/2023,Cake,,,,Salad
TXN_3440487,Coffee,5,2,10,Cash,UNKNOWN,10/22/2023,Coffee,,,,Cake
TXN_3690903,Coffee,3,2,6,,In-store,10/22/2023,Coffee,,,,Cake
TXN_9375445,Smoothie,2,4,8,,In-store,10/22/2023,Smoothie,,,,Cake
TXN_2495471,Salad,3,5,15,Credit Card,Takeaway,10/22/2023,Salad,,,,Coffee
TXN_4630633,Smoothie,1,4,4,UNKNOWN,Takeaway,10/22/2023,Smoothie,,,,Cake
TXN_5974791,Cookie,2,1,2,Cash,,10/22/2023,Cookie,,,,Salad
TXN_3971440,Cake,4,3,12,Digital Wallet,Takeaway,10/22/2023,Cake,,,,Cake
TXN_3002889,Coffee,3,2,6,Digital Wallet,UNKNOWN,10/22/2023,Coffee,,,,Smoothie
TXN_6581437,Coffee,5,2,10,Digital Wallet,Takeaway,10/23/2023,Coffee,,,,Coffee
TXN_2855581,Coffee,4,2,8,Credit Card,UNKNOWN,10/23/2023,Coffee,,,,Smoothie
TXN_2179458,Cake,1,3,3,Cash,In-store,10/23/2023,Cake,,,,Salad
TXN_2018654,Salad,1,5,5,,,10/23/2023,Salad,,,,Smoothie
TXN_5775113,Salad,1,5,5,Digital Wallet,,10/23/2023,Salad,,,,Tea
TXN_3450160,Cake,4,3,12,Credit Card,In-store,10/23/2023,Cake,,,,Salad
TXN_8410712,Cake,5,3,15,Digital Wallet,Takeaway,10/23/2023,Cake,,,,Cake
TXN_8295101,Tea,4,1.5,6,,,10/23/2023,Tea,,,,Cake
TXN_6647319,Cake,5,3,15,Credit Card,,10/23/2023,Cake,,,,Coffee
TXN_8752130,Cake,2,3,6,Credit Card,Takeaway,10/23/2023,Cake,,,,Tea
TXN_9495930,Coffee,2,2,4,Digital Wallet,Takeaway,10/23/2023,Coffee,,,,Smoothie
TXN_7278248,Salad,5,5,25,Cash,Takeaway,10/23/2023,Salad,,,,Cake
TXN_9681369,Salad,5,5,25,,,10/23/2023,Salad,,,,Cake
TXN_9875865,Cookie,3,1,3,Digital Wallet,ERROR,10/23/2023,Cookie,,,,Cake
TXN_8130122,Smoothie,2,4,8,,In-store,10/23/2023,Smoothie,,,,Tea
TXN_4579666,Smoothie,2,4,8,,,10/23/2023,Smoothie,,,,Cookie
TXN_1133945,Smoothie,2,4,8,Digital Wallet,In-store,10/23/2023,Smoothie,,,,Cake
TXN_6571288,Smoothie,2,4,8,Credit Card,,10/23/2023,Smoothie,,,,Smoothie
TXN_8043218,Salad,2,5,10,Cash,In-store,10/23/2023,Salad,,,,Coffee
TXN_9818163,Tea,2,1.5,3,Digital Wallet,ERROR,10/23/2023,Tea,,,,Smoothie
TXN_6885218,Salad,1,5,5,,In-store,10/23/2023,Salad,,,,Cake
TXN_1124655,Salad,3,5,15,Cash,,10/23/2023,Salad,,,,Smoothie
TXN_6540200,Tea,2,1.5,3,Digital Wallet,In-store,10/23/2023,Tea,,,,Cookie
TXN_3376952,Tea,2,1.5,3,ERROR,Takeaway,10/23/2023,Tea,,,,Cake
TXN_1357780,Tea,4,1.5,6,,In-store,10/23/2023,Tea,,,,Smoothie
TXN_8359693,Smoothie,2,4,8,Digital Wallet,In-store,10/23/2023,Smoothie,,,,Cookie
TXN_3872616,Cake,2,3,6,,Takeaway,10/23/2023,Cake,,,,Salad
TXN_6063966,Cake,2,3,6,Digital Wallet,Takeaway,10/24/2023,Cake,,,,Cake
TXN_2239041,Tea,4,1.5,6,,In-store,10/24/2023,Tea,,,,Cake
TXN_8563346,Coffee,3,2,6,Credit Card,,10/24/2023,Coffee,,,,Smoothie
TXN_3760598,Cake,3,3,9,Digital Wallet,In-store,10/24/2023,Cake,,,,Tea
TXN_5038513,Cookie,2,1,2,Digital Wallet,Takeaway,10/24/2023,Cookie,,,,Smoothie
TXN_3163383,Tea,2,1.5,3,ERROR,In-store,10/24/2023,Tea,,,,Cookie
TXN_9328595,Tea,2,1.5,3,Cash,,10/24/2023,Tea,,,,Coffee
TXN_7401710,Smoothie,5,4,20,Cash,UNKNOWN,10/24/2023,Smoothie,,,,Salad
TXN_2160316,Smoothie,1,4,4,,In-store,10/24/2023,Smoothie,,,,Salad
TXN_2275914,Smoothie,2,4,8,UNKNOWN,Takeaway,10/24/2023,Smoothie,,,,Tea
TXN_8182245,Smoothie,5,4,20,Digital Wallet,Takeaway,10/24/2023,Smoothie,,,,Cake
TXN_7510217,Tea,5,1.5,7.5,Credit Card,In-store,10/24/2023,Tea,,,,Smoothie
TXN_2537138,Cake,3,3,9,,UNKNOWN,10/24/2023,Cake,,,,Cake
TXN_2432379,Coffee,1,2,2,Credit Card,In-store,10/24/2023,Coffee,,,,Cake
TXN_1188596,Cake,1,3,3,Cash,,10/24/2023,Cake,,,,Cookie
TXN_5177565,Smoothie,5,4,20,,,10/24/2023,Smoothie,,,,Coffee
TXN_6131195,Salad,1,5,5,,,10/24/2023,Salad,,,,Cake
TXN_4209748,Cookie,2,1,2,Digital Wallet,Takeaway,10/24/2023,Cookie,,,,Salad
TXN_8160791,Cake,5,3,15,Digital Wallet,In-store,10/24/2023,Cake,,,,Smoothie
TXN_7387056,Cake,4,3,12,Credit Card,,10/24/2023,Cake,,,,Cookie
TXN_8754977,Smoothie,3,4,12,Digital Wallet,In-store,10/24/2023,Smoothie,,,,Cookie
TXN_9264301,Coffee,1,2,2,UNKNOWN,In-store,10/24/2023,Coffee,,,,Coffee
TXN_5767392,Cake,5,3,15,Credit Card,,10/24/2023,Cake,,,,Cake
TXN_9608271,Coffee,2,2,4,,,10/24/2023,Coffee,,,,Cookie
TXN_7097760,Coffee,3,2,6,Digital Wallet,,10/24/2023,Coffee,,,,Salad
TXN_4129476,Coffee,2,2,4,Cash,,10/24/2023,Coffee,,,,Salad
TXN_2477650,Cookie,1,1,1,Cash,Takeaway,10/24/2023,Cookie,,,,Salad
TXN_3175177,Cake,3,3,9,Credit Card,,10/24/2023,Cake,,,,Salad
TXN_6188262,Cake,1,3,3,Cash,Takeaway,10/24/2023,Cake,,,,Coffee
TXN_3469469,Cookie,1,1,1,Digital Wallet,In-store,10/25/2023,Cookie,,,,Tea
TXN_4998786,Cake,5,3,15,Credit Card,Takeaway,10/25/2023,Cake,,,,Salad
TXN_2611990,Cookie,3,1,3,Digital Wallet,Takeaway,10/25/2023,Cookie,,,,Cake
TXN_8209794,Coffee,5,2,10,Credit Card,Takeaway,10/25/2023,Coffee,,,,Smoothie
TXN_7810285,Cake,4,3,12,Cash,Takeaway,10/25/2023,Cake,,,,Cake
TXN_1515059,Cake,4,3,12,,In-store,10/25/2023,Cake,,,,Tea
TXN_9181144,Cake,3,3,9,,Takeaway,10/25/2023,Cake,,,,Cake
TXN_5562799,Cookie,5,1,5,,,10/25/2023,Cookie,,,,Smoothie
TXN_8430735,Cake,2,3,6,,,10/25/2023,Cake,,,,Coffee
TXN_1842697,Cake,5,3,15,,,10/25/2023,Cake,,,,Cake
TXN_5071222,Cookie,5,1,5,Digital Wallet,ERROR,10/25/2023,Cookie,,,,Salad
TXN_3651337,Smoothie,4,4,16,Cash,In-store,10/25/2023,Smoothie,,,,Cake
TXN_4085337,Smoothie,3,4,12,,In-store,10/25/2023,Smoothie,,,,Coffee
TXN_7878672,Coffee,1,2,2,Cash,In-store,10/25/2023,Coffee,,,,Cake
TXN_1891141,Cake,4,3,12,Digital Wallet,In-store,10/25/2023,Cake,,,,Cake
TXN_8830924,Tea,2,1.5,3,Credit Card,,10/25/2023,Tea,,,,Cookie
TXN_6363733,Tea,1,1.5,1.5,ERROR,Takeaway,10/25/2023,Tea,,,,Smoothie
TXN_8360779,Cookie,4,1,4,Credit Card,In-store,10/25/2023,Cookie,,,,Cookie
TXN_1184377,Cake,1,3,3,Cash,,10/25/2023,Cake,,,,Smoothie
TXN_7436097,Coffee,5,2,10,ERROR,,10/25/2023,Coffee,,,,Smoothie
TXN_5179156,Coffee,5,2,10,ERROR,In-store,10/25/2023,Coffee,,,,Coffee
TXN_1367723,Coffee,3,2,6,Cash,In-store,10/25/2023,Coffee,,,,Salad
TXN_7060691,Salad,5,5,25,Credit Card,,10/25/2023,Salad,,,,Salad
TXN_2610195,Cake,2,3,6,,,10/25/2023,Cake,,,,Cake
TXN_8265257,Coffee,1,2,2,ERROR,In-store,10/25/2023,Coffee,,,,Smoothie
TXN_6657245,Smoothie,1,4,4,,In-store,10/25/2023,Smoothie,,,,Salad
TXN_6467796,Coffee,5,2,10,Credit Card,Takeaway,10/25/2023,Coffee,,,,Coffee
TXN_8476828,Tea,3,1.5,4.5,ERROR,Takeaway,10/25/2023,Tea,,,,Coffee
TXN_6474636,Tea,3,1.5,4.5,,In-store,10/25/2023,Tea,,,,Cake
TXN_3800182,Tea,2,1.5,3,Cash,In-store,10/26/2023,Tea,,,,Coffee
TXN_1340956,Coffee,4,2,8,,,10/26/2023,Coffee,,,,Cake
TXN_3381656,Cake,5,3,15,Cash,Takeaway,10/26/2023,Cake,,,,Tea
TXN_7688650,Tea,2,1.5,3,,,10/26/2023,Tea,,,,Cake
TXN_9866728,Cake,1,3,3,Cash,In-store,10/26/2023,Cake,,,,Cake
TXN_3183527,Coffee,3,2,6,Digital Wallet,,10/26/2023,Coffee,,,,Tea
TXN_2269396,Coffee,3,2,6,Digital Wallet,In-store,10/26/2023,Coffee,,,,Coffee
TXN_6813508,Salad,1,5,5,Cash,,10/26/2023,Salad,,,,Coffee
TXN_9969283,Smoothie,3,4,12,Digital Wallet,,10/26/2023,Smoothie,,,,Cake
TXN_5624179,Cookie,1,1,1,Cash,Takeaway,10/26/2023,Cookie,,,,Coffee
TXN_9508880,Coffee,4,2,8,,In-store,10/26/2023,Coffee,,,,Smoothie
TXN_4089089,Smoothie,5,4,20,,,10/26/2023,Smoothie,,,,Smoothie
TXN_4171507,Tea,1,1.5,1.5,,In-store,10/26/2023,Tea,,,,Smoothie
TXN_3520982,Salad,5,5,25,,,10/26/2023,Salad,,,,Tea
TXN_2260351,Coffee,3,2,6,Cash,,10/26/2023,Coffee,,,,Cookie
TXN_1307239,Coffee,1,2,2,Digital Wallet,Takeaway,10/26/2023,Coffee,,,,Smoothie
TXN_2299364,Salad,1,5,5,Cash,In-store,10/26/2023,Salad,,,,Cake
TXN_8499005,Coffee,5,2,10,,,10/26/2023,Coffee,,,,Cake
TXN_8145970,Cake,5,3,15,Digital Wallet,Takeaway,10/26/2023,Cake,,,,Coffee
TXN_6369590,Salad,5,5,25,Digital Wallet,Takeaway,10/26/2023,Salad,,,,Smoothie
TXN_9507397,Cookie,3,1,3,Credit Card,Takeaway,10/26/2023,Cookie,,,,Cake
TXN_1781777,Salad,3,5,15,Credit Card,Takeaway,10/26/2023,Salad,,,,Smoothie
TXN_6188306,Salad,1,5,5,,Takeaway,10/26/2023,Salad,,,,Smoothie
TXN_6899576,Salad,2,5,10,Digital Wallet,Takeaway,10/26/2023,Salad,,,,Smoothie
TXN_5303464,Cake,4,3,12,Cash,Takeaway,10/26/2023,Cake,,,,Smoothie
TXN_1199898,Smoothie,1,4,4,Credit Card,,10/26/2023,Smoothie,,,,Cookie
TXN_2556368,Smoothie,1,4,4,Digital Wallet,,10/26/2023,Smoothie,,,,Tea
TXN_7543765,Cake,1,3,3,,,10/26/2023,Cake,,,,Cake
TXN_3897788,Cake,5,3,15,Digital Wallet,In-store,10/26/2023,Cake,,,,Coffee
TXN_6780463,Tea,3,1.5,4.5,,,10/26/2023,Tea,,,,Coffee
TXN_2628157,Coffee,4,2,8,Digital Wallet,,10/26/2023,Coffee,,,,Smoothie
TXN_1141920,Coffee,4,2,8,Digital Wallet,,10/26/2023,Coffee,,,,Smoothie
TXN_3691228,Cake,3,3,9,Cash,Takeaway,10/26/2023,Cake,,,,Smoothie
TXN_8427104,Salad,2,5,10,,In-store,10/27/2023,Salad,,,,Cake
TXN_7633490,Cookie,1,1,1,Cash,Takeaway,10/27/2023,Cookie,,,,Cake
TXN_2947822,Cake,4,3,12,Digital Wallet,In-store,10/27/2023,Cake,,,,Cake
TXN_7453213,Coffee,3,2,6,,In-store,10/27/2023,Coffee,,,,Cake
TXN_2335088,Salad,4,5,20,Cash,In-store,10/27/2023,Salad,,,,Cake
TXN_6238191,Smoothie,4,4,16,ERROR,In-store,10/27/2023,Smoothie,,,,Cookie
TXN_8085790,Cookie,4,1,4,Cash,Takeaway,10/27/2023,Cookie,,,,Cake
TXN_9086710,Salad,2,5,10,,In-store,10/27/2023,Salad,,,,Smoothie
TXN_6584150,Cake,5,3,15,Credit Card,,10/27/2023,Cake,,,,Tea
TXN_6478978,Cake,3,3,9,Credit Card,Takeaway,10/27/2023,Cake,,,,Smoothie
TXN_4742476,Coffee,2,2,4,Cash,In-store,10/27/2023,Coffee,,,,Smoothie
TXN_2563505,Smoothie,1,4,4,Cash,Takeaway,10/27/2023,Smoothie,,,,Tea
TXN_5537517,Smoothie,3,4,12,Digital Wallet,Takeaway,10/27/2023,Smoothie,,,,Salad
TXN_1261028,Cake,3,3,9,ERROR,In-store,10/27/2023,Cake,,,,Cake
TXN_1079844,Salad,2,5,10,Digital Wallet,,10/27/2023,Salad,,,,Tea
TXN_6815753,Cookie,4,1,4,Digital Wallet,Takeaway,10/27/2023,Cookie,,,,Salad
TXN_2551378,Tea,2,1.5,3,,Takeaway,10/27/2023,Tea,,,,Smoothie
TXN_5236861,Coffee,4,2,8,Cash,Takeaway,10/27/2023,Coffee,,,,Tea
TXN_3338458,Cake,5,3,15,Cash,,10/27/2023,Cake,,,,Smoothie
TXN_1316036,Cake,2,3,6,Cash,Takeaway,10/27/2023,Cake,,,,Cake
TXN_2377667,Smoothie,3,4,12,Digital Wallet,Takeaway,10/27/2023,Smoothie,,,,Tea
TXN_6923480,Coffee,3,2,6,Cash,Takeaway,10/27/2023,Coffee,,,,Smoothie
TXN_2014042,Cookie,4,1,4,Digital Wallet,Takeaway,10/27/2023,Cookie,,,,Cake
TXN_9582818,Smoothie,1,4,4,Cash,In-store,10/27/2023,Smoothie,,,,Salad
TXN_6699534,Smoothie,4,4,16,Cash,UNKNOWN,10/28/2023,Smoothie,,,,Cake
TXN_5266394,Cake,3,3,9,Cash,In-store,10/28/2023,Cake,,,,Cake
TXN_5455936,Cake,5,3,15,,In-store,10/28/2023,Cake,,,,Coffee
TXN_1621920,Salad,3,5,15,,Takeaway,10/28/2023,Salad,,,,Cake
TXN_8964522,Cake,3,3,9,Credit Card,Takeaway,10/28/2023,Cake,,,,Tea
TXN_5350401,Smoothie,2,4,8,Digital Wallet,In-store,10/28/2023,Smoothie,,,,Cookie
TXN_7023528,Tea,5,1.5,7.5,Cash,In-store,10/28/2023,Tea,,,,Smoothie
TXN_6257776,Cake,5,3,15,Cash,In-store,10/28/2023,Cake,,,,Smoothie
TXN_5661891,Salad,1,5,5,Digital Wallet,Takeaway,10/28/2023,Salad,,,,Smoothie
TXN_6610554,Coffee,5,2,10,Digital Wallet,,10/28/2023,Coffee,,,,Coffee
TXN_4844386,Cake,5,3,15,Credit Card,In-store,10/28/2023,Cake,,,,Cake
TXN_1216051,Cake,4,3,12,Digital Wallet,Takeaway,10/28/2023,Cake,,,,Tea
TXN_2693584,Cookie,3,1,3,,,10/28/2023,Cookie,,,,Cake
TXN_5132747,Coffee,2,2,4,,,10/28/2023,Coffee,,,,Cake
TXN_6480646,Tea,2,1.5,3,,Takeaway,10/28/2023,Tea,,,,Smoothie
TXN_1004563,Tea,5,1.5,7.5,Credit Card,In-store,10/28/2023,Tea,,,,Coffee
TXN_7499330,Cookie,1,1,1,Credit Card,In-store,10/28/2023,Cookie,,,,Cake
TXN_1124796,Tea,5,1.5,7.5,Credit Card,,10/28/2023,Tea,,,,Salad
TXN_7533675,Smoothie,3,4,12,,In-store,10/28/2023,Smoothie,,,,Cookie
TXN_1749299,Smoothie,2,4,8,UNKNOWN,,10/28/2023,Smoothie,,,,Salad
TXN_5308047,Cookie,1,1,1,Credit Card,,10/28/2023,Cookie,,,,Cake
TXN_4582966,Cake,2,3,6,,,10/28/2023,Cake,,,,Coffee
TXN_3635628,Smoothie,3,4,12,Digital Wallet,In-store,10/28/2023,Smoothie,,,,Smoothie
TXN_4755860,Cake,5,3,15,Digital Wallet,In-store,10/28/2023,Cake,,,,Cake
TXN_7293600,Cake,3,3,9,Digital Wallet,,10/28/2023,Cake,,,,Cake
TXN_1936447,Cookie,2,1,2,Cash,,10/28/2023,Cookie,,,,Smoothie
TXN_8343149,Cake,5,3,15,Digital Wallet,In-store,10/28/2023,Cake,,,,Tea
TXN_7770188,Cake,5,3,15,Digital Wallet,In-store,10/28/2023,Cake,,,,Cake
TXN_4062032,Tea,5,1.5,7.5,Digital Wallet,,10/28/2023,Tea,,,,Cake
TXN_8035512,Tea,3,1.5,4.5,Cash,UNKNOWN,10/29/2023,Tea,,,,Smoothie
TXN_9561832,Smoothie,3,4,12,Digital Wallet,ERROR,10/29/2023,Smoothie,,,,Cake
TXN_4413506,Cake,4,3,12,Digital Wallet,In-store,10/29/2023,Cake,,,,Cookie
TXN_2245787,Salad,4,5,20,,Takeaway,10/29/2023,Salad,,,,Tea
TXN_7650834,Salad,2,5,10,Cash,Takeaway,10/29/2023,Salad,,,,Smoothie
TXN_9517380,Tea,4,1.5,6,Cash,,10/29/2023,Tea,,,,Coffee
TXN_9268974,Smoothie,2,4,8,Digital Wallet,Takeaway,10/29/2023,Smoothie,,,,Smoothie
TXN_8809853,Coffee,1,2,2,Digital Wallet,Takeaway,10/29/2023,Coffee,,,,Salad
TXN_5120215,Coffee,2,2,4,Digital Wallet,,10/29/2023,Coffee,,,,Cake
TXN_7129511,Coffee,5,2,10,Cash,Takeaway,10/29/2023,Coffee,,,,Tea
TXN_3478329,Tea,3,1.5,4.5,Digital Wallet,In-store,10/29/2023,Tea,,,,Cookie
TXN_8929329,Cake,4,3,12,,,10/29/2023,Cake,,,,Tea
TXN_3845871,Smoothie,1,4,4,,In-store,10/29/2023,Smoothie,,,,Cake
TXN_7368194,Smoothie,2,4,8,Credit Card,In-store,10/29/2023,Smoothie,,,,Cookie
TXN_3472433,Coffee,4,2,8,Credit Card,Takeaway,10/29/2023,Coffee,,,,Tea
TXN_4186842,Cake,5,3,15,UNKNOWN,Takeaway,10/29/2023,Cake,,,,Cake
TXN_5223162,Cake,3,3,9,Digital Wallet,,10/29/2023,Cake,,,,Cake
TXN_9223045,Tea,5,1.5,7.5,Credit Card,In-store,10/29/2023,Tea,,,,Cookie
TXN_8260461,Cookie,2,1,2,Digital Wallet,,10/29/2023,Cookie,,,,Cookie
TXN_4146795,Tea,5,1.5,7.5,Cash,In-store,10/29/2023,Tea,,,,Smoothie
TXN_8482887,Salad,1,5,5,Digital Wallet,Takeaway,10/29/2023,Salad,,,,Salad
TXN_9517146,Salad,5,5,25,Cash,Takeaway,10/30/2023,Salad,,,,Tea
TXN_2108894,Smoothie,4,4,16,Credit Card,In-store,10/30/2023,Smoothie,,,,Cake
TXN_4600048,Cookie,2,1,2,Cash,,10/30/2023,Cookie,,,,Cake
TXN_9662568,Tea,5,1.5,7.5,Cash,ERROR,10/30/2023,Tea,,,,Cookie
TXN_2193092,Cake,4,3,12,,Takeaway,10/30/2023,Cake,,,,Cookie
TXN_7051359,Coffee,5,2,10,UNKNOWN,,10/30/2023,Coffee,,,,Coffee
TXN_3267783,Cake,3,3,9,,In-store,10/30/2023,Cake,,,,Smoothie
TXN_5683213,Smoothie,2,4,8,Credit Card,In-store,10/30/2023,Smoothie,,,,Coffee
TXN_2370338,Cake,4,3,12,Credit Card,Takeaway,10/30/2023,Cake,,,,Tea
TXN_5300938,Tea,5,1.5,7.5,Cash,Takeaway,10/30/2023,Tea,,,,Tea
TXN_6438869,Cake,5,3,15,Credit Card,Takeaway,10/30/2023,Cake,,,,Coffee
TXN_3243410,Tea,2,1.5,3,,,10/30/2023,Tea,,,,Tea
TXN_6856558,Cake,4,3,12,,Takeaway,10/30/2023,Cake,,,,Smoothie
TXN_7780786,Cake,1,3,3,Credit Card,,10/30/2023,Cake,,,,Tea
TXN_7426387,Smoothie,5,4,20,Cash,,10/30/2023,Smoothie,,,,Smoothie
TXN_6234838,Cake,5,3,15,,In-store,10/30/2023,Cake,,,,Cake
TXN_9657902,Cake,1,3,3,Digital Wallet,,10/30/2023,Cake,,,,Tea
TXN_4458848,Cookie,2,1,2,,In-store,10/30/2023,Cookie,,,,Smoothie
TXN_9549208,Coffee,1,2,2,Digital Wallet,In-store,10/30/2023,Coffee,,,,Salad
TXN_8749775,Cake,5,3,15,Cash,Takeaway,10/30/2023,Cake,,,,Coffee
TXN_4907008,Coffee,3,2,6,,In-store,10/30/2023,Coffee,,,,Salad
TXN_4913329,Coffee,5,2,10,Credit Card,Takeaway,10/30/2023,Coffee,,,,Smoothie
TXN_9376428,Salad,1,5,5,Credit Card,Takeaway,10/30/2023,Salad,,,,Salad
TXN_8932087,Cake,1,3,3,Digital Wallet,Takeaway,10/30/2023,Cake,,,,Cake
TXN_5747509,Cookie,2,1,2,Cash,In-store,10/30/2023,Cookie,,,,Cookie
TXN_9194266,Salad,5,5,25,Cash,,10/30/2023,Salad,,,,Salad
TXN_2126034,Coffee,4,2,8,Cash,In-store,10/30/2023,Coffee,,,,Smoothie
TXN_6036240,Cake,4,3,12,Credit Card,In-store,10/30/2023,Cake,,,,Cake
TXN_3113428,Cake,2,3,6,Cash,In-store,10/30/2023,Cake,,,,Coffee
TXN_3119542,Smoothie,1,4,4,Credit Card,,10/31/2023,Smoothie,,,,Salad
TXN_5315441,Smoothie,5,4,20,Digital Wallet,In-store,10/31/2023,Smoothie,,,,Salad
TXN_5710748,Salad,1,5,5,,,10/31/2023,Salad,,,,Smoothie
TXN_5583534,Cookie,2,1,2,Cash,Takeaway,10/31/2023,Cookie,,,,Smoothie
TXN_9316158,Smoothie,5,4,20,Cash,In-store,10/31/2023,Smoothie,,,,Smoothie
TXN_8861275,Smoothie,2,4,8,,In-store,10/31/2023,Smoothie,,,,Smoothie
TXN_9349052,Cake,4,3,12,Cash,,10/31/2023,Cake,,,,Cake
TXN_3376958,Salad,4,5,20,,In-store,10/31/2023,Salad,,,,Cake
TXN_8591813,Coffee,3,2,6,Cash,Takeaway,10/31/2023,Coffee,,,,Cake
TXN_3446174,Cake,5,3,15,Cash,,10/31/2023,Cake,,,,Cake
TXN_7234224,Cake,3,3,9,,,10/31/2023,Cake,,,,Smoothie
TXN_5962237,Cake,1,3,3,,Takeaway,10/31/2023,Cake,,,,Smoothie
TXN_6397944,Salad,5,5,25,,UNKNOWN,10/31/2023,Salad,,,,Salad
TXN_3630981,Coffee,2,2,4,,In-store,10/31/2023,Coffee,,,,Smoothie
TXN_7321479,Cake,1,3,3,,ERROR,10/31/2023,Cake,,,,Cake
TXN_4475412,Smoothie,3,4,12,UNKNOWN,,10/31/2023,Smoothie,,,,Coffee
TXN_9384397,Smoothie,2,4,8,Cash,,10/31/2023,Smoothie,,,,Coffee
TXN_8627869,Cake,1,3,3,,,10/31/2023,Cake,,,,Cake
TXN_7427357,Cake,4,3,12,Digital Wallet,In-store,10/31/2023,Cake,,,,Tea
TXN_6699343,Cake,3,3,9,,Takeaway,10/31/2023,Cake,,,,Smoothie
TXN_8269366,Smoothie,1,4,4,,,10/31/2023,Smoothie,,,,Tea
TXN_5215704,Smoothie,5,4,20,Credit Card,,10/31/2023,Smoothie,,,,Cookie
TXN_3420316,Smoothie,3,4,12,,Takeaway,10/31/2023,Smoothie,,,,Cookie
TXN_5615114,Tea,4,1.5,6,Digital Wallet,ERROR,10/31/2023,Tea,,,,Cake
TXN_4428252,Smoothie,3,4,12,,Takeaway,10/31/2023,Smoothie,,,,Cake
TXN_8007337,Cake,2,3,6,Digital Wallet,Takeaway,11/1/2023,Cake,,,,Salad
TXN_2889622,Cake,4,3,12,Credit Card,,11/1/2023,Cake,,,,Cake
TXN_3142836,Cake,2,3,6,Cash,,11/1/2023,Cake,,,,Cake
TXN_9203920,Cake,4,3,12,,Takeaway,11/1/2023,Cake,,,,Tea
TXN_8692653,Cake,2,3,6,Cash,Takeaway,11/1/2023,Cake,,,,Smoothie
TXN_8900579,Smoothie,3,4,12,Credit Card,,11/1/2023,Smoothie,,,,Cake
TXN_9485101,Cookie,2,1,2,Cash,Takeaway,11/1/2023,Cookie,,,,Cookie
TXN_7107807,Cookie,1,1,1,Digital Wallet,,11/1/2023,Cookie,,,,Cookie
TXN_4979250,Tea,3,1.5,4.5,Cash,In-store,11/1/2023,Tea,,,,Tea
TXN_8388122,Tea,4,1.5,6,,In-store,11/1/2023,Tea,,,,Smoothie
TXN_6511228,Salad,4,5,20,Credit Card,UNKNOWN,11/1/2023,Salad,,,,Coffee
TXN_1499208,Smoothie,1,4,4,Cash,Takeaway,11/1/2023,Smoothie,,,,Coffee
TXN_3120848,Cookie,1,1,1,Cash,In-store,11/1/2023,Cookie,,,,Cookie
TXN_7533540,Smoothie,5,4,20,,In-store,11/1/2023,Smoothie,,,,Cookie
TXN_3371429,Salad,2,5,10,Credit Card,,11/1/2023,Salad,,,,Cake
TXN_9213505,Smoothie,2,4,8,UNKNOWN,,11/1/2023,Smoothie,,,,Cake
TXN_1849597,Smoothie,2,4,8,Cash,,11/1/2023,Smoothie,,,,Coffee
TXN_1021087,Smoothie,1,4,4,,ERROR,11/1/2023,Smoothie,,,,Smoothie
TXN_3809941,Cookie,4,1,4,Credit Card,,11/1/2023,Cookie,,,,Cake
TXN_4811225,Tea,5,1.5,7.5,Cash,Takeaway,11/1/2023,Tea,,,,Cake
TXN_1856538,Coffee,3,2,6,Cash,,11/1/2023,Coffee,,,,Cookie
TXN_1476775,Salad,3,5,15,Credit Card,,11/1/2023,Salad,,,,Smoothie
TXN_1516961,Smoothie,3,4,12,Credit Card,Takeaway,11/1/2023,Smoothie,,,,Salad
TXN_2976052,Cookie,5,1,5,,Takeaway,11/1/2023,Cookie,,,,Cake
TXN_7965998,Cake,1,3,3,Credit Card,In-store,11/2/2023,Cake,,,,Smoothie
TXN_9703120,Coffee,3,2,6,Credit Card,,11/2/2023,Coffee,,,,Cookie
TXN_8685737,Smoothie,2,4,8,,In-store,11/2/2023,Smoothie,,,,Smoothie
TXN_5215451,Smoothie,5,4,20,Digital Wallet,,11/2/2023,Smoothie,,,,Cake
TXN_6254003,Salad,2,5,10,,,11/2/2023,Salad,,,,Coffee
TXN_8076559,Cake,5,3,15,Cash,Takeaway,11/2/2023,Cake,,,,Cake
TXN_6738350,Cake,2,3,6,Digital Wallet,,11/2/2023,Cake,,,,Cake
TXN_6663486,Coffee,3,2,6,,,11/2/2023,Coffee,,,,Tea
TXN_4096816,Coffee,3,2,6,Digital Wallet,Takeaway,11/2/2023,Coffee,,,,Smoothie
TXN_1937611,Tea,2,1.5,3,Credit Card,Takeaway,11/2/2023,Tea,,,,Cookie
TXN_2396923,Cookie,1,1,1,Digital Wallet,,11/2/2023,Cookie,,,,Salad
TXN_9332035,Cookie,2,1,2,Digital Wallet,,11/2/2023,Cookie,,,,Cake
TXN_5930304,Smoothie,2,4,8,Digital Wallet,,11/2/2023,Smoothie,,,,Cake
TXN_5927925,Cake,4,3,12,Digital Wallet,In-store,11/2/2023,Cake,,,,Smoothie
TXN_6872833,Coffee,1,2,2,,,11/2/2023,Coffee,,,,Smoothie
TXN_3157867,Salad,2,5,10,,Takeaway,11/2/2023,Salad,,,,Cake
TXN_1606273,Coffee,1,2,2,Digital Wallet,Takeaway,11/2/2023,Coffee,,,,Cake
TXN_9067597,Salad,4,5,20,Cash,Takeaway,11/2/2023,Salad,,,,Cookie
TXN_2662711,Cake,1,3,3,UNKNOWN,,11/2/2023,Cake,,,,Cake
TXN_8273645,Cake,2,3,6,Cash,Takeaway,11/2/2023,Cake,,,,Cake
TXN_1830432,Cookie,3,1,3,Digital Wallet,Takeaway,11/2/2023,Cookie,,,,Tea
TXN_5832513,Cake,4,3,12,Cash,In-store,11/2/2023,Cake,,,,Cookie
TXN_3437948,Smoothie,2,4,8,Cash,,11/2/2023,Smoothie,,,,Cake
TXN_8672939,Smoothie,1,4,4,,ERROR,11/2/2023,Smoothie,,,,Cake
TXN_5399303,Coffee,2,2,4,ERROR,UNKNOWN,11/2/2023,Coffee,,,,Coffee
TXN_7595096,Cake,1,3,3,,UNKNOWN,11/2/2023,Cake,,,,Smoothie
TXN_8078640,Cake,4,3,12,Digital Wallet,In-store,11/3/2023,Cake,,,,Cookie
TXN_6421134,Smoothie,4,4,16,Cash,Takeaway,11/3/2023,Smoothie,,,,Cookie
TXN_3831848,Smoothie,1,4,4,Digital Wallet,Takeaway,11/3/2023,Smoothie,,,,Coffee
TXN_1153869,Smoothie,5,4,20,Credit Card,Takeaway,11/3/2023,Smoothie,,,,Cookie
TXN_2078474,Cookie,2,1,2,,Takeaway,11/3/2023,Cookie,,,,Cake
TXN_3142258,Salad,4,5,20,,Takeaway,11/3/2023,Salad,,,,Smoothie
TXN_4472156,Cookie,1,1,1,,In-store,11/3/2023,Cookie,,,,Cake
TXN_1315214,Tea,2,1.5,3,Digital Wallet,In-store,11/3/2023,Tea,,,,Cookie
TXN_3747376,Cookie,2,1,2,Digital Wallet,Takeaway,11/3/2023,Cookie,,,,Cake
TXN_7435796,Coffee,2,2,4,Cash,In-store,11/3/2023,Coffee,,,,Coffee
TXN_6249023,Cake,1,3,3,Credit Card,,11/3/2023,Cake,,,,Salad
TXN_1921415,Cake,1,3,3,Cash,Takeaway,11/3/2023,Cake,,,,Salad
TXN_7238674,Cookie,1,1,1,,,11/3/2023,Cookie,,,,Tea
TXN_2380352,Tea,3,1.5,4.5,Digital Wallet,,11/3/2023,Tea,,,,Cookie
TXN_1948437,Smoothie,2,4,8,,Takeaway,11/3/2023,Smoothie,,,,Salad
TXN_1266278,Smoothie,1,4,4,,Takeaway,11/3/2023,Smoothie,,,,Smoothie
TXN_6422545,Cake,2,3,6,Credit Card,Takeaway,11/3/2023,Cake,,,,Smoothie
TXN_9691955,Cake,3,3,9,Credit Card,In-store,11/3/2023,Cake,,,,Salad
TXN_8647048,Smoothie,2,4,8,Credit Card,In-store,11/3/2023,Smoothie,,,,Cake
TXN_2770536,Smoothie,2,4,8,,In-store,11/3/2023,Smoothie,,,,Salad
TXN_3312574,Cookie,2,1,2,UNKNOWN,,11/3/2023,Cookie,,,,Salad
TXN_2715086,Cake,2,3,6,Cash,,11/3/2023,Cake,,,,Coffee
TXN_6658070,Cake,2,3,6,Cash,Takeaway,11/3/2023,Cake,,,,Cake
TXN_2142941,Cookie,5,1,5,Digital Wallet,,11/3/2023,Cookie,,,,Cake
TXN_8488298,Cake,3,3,9,Cash,,11/3/2023,Cake,,,,Cake
TXN_3801338,Smoothie,3,4,12,Credit Card,,11/3/2023,Smoothie,,,,Smoothie
TXN_5651348,Salad,3,5,15,Cash,Takeaway,11/4/2023,Salad,,,,Tea
TXN_8441057,Cake,4,3,12,Credit Card,,11/4/2023,Cake,,,,Cake
TXN_2426782,Coffee,2,2,4,Credit Card,In-store,11/4/2023,Coffee,,,,Salad
TXN_1817596,Tea,2,1.5,3,UNKNOWN,In-store,11/4/2023,Tea,,,,Cookie
TXN_3034652,Cake,5,3,15,Credit Card,In-store,11/4/2023,Cake,,,,Cookie
TXN_1005331,Coffee,1,2,2,Digital Wallet,Takeaway,11/4/2023,Coffee,,,,Coffee
TXN_4809548,Smoothie,3,4,12,,Takeaway,11/4/2023,Smoothie,,,,Coffee
TXN_7503640,Salad,3,5,15,Digital Wallet,,11/4/2023,Salad,,,,Smoothie
TXN_8696065,Smoothie,3,4,12,Credit Card,In-store,11/4/2023,Smoothie,,,,Coffee
TXN_5632564,Cookie,1,1,1,Credit Card,,11/4/2023,Cookie,,,,Smoothie
TXN_8004162,Salad,5,5,25,ERROR,UNKNOWN,11/4/2023,Salad,,,,Salad
TXN_5089516,Smoothie,2,4,8,Credit Card,In-store,11/4/2023,Smoothie,,,,Tea
TXN_5274961,Cake,1,3,3,Credit Card,In-store,11/4/2023,Cake,,,,Coffee
TXN_8715388,Salad,1,5,5,,In-store,11/4/2023,Salad,,,,Cake
TXN_3709876,Coffee,1,2,2,Credit Card,Takeaway,11/4/2023,Coffee,,,,Smoothie
TXN_7727118,Smoothie,5,4,20,Digital Wallet,Takeaway,11/4/2023,Smoothie,,,,Cake
TXN_7493097,Cake,5,3,15,Credit Card,UNKNOWN,11/4/2023,Cake,,,,Salad
TXN_5225537,Tea,5,1.5,7.5,Digital Wallet,,11/4/2023,Tea,,,,Cake
TXN_3781198,Cake,3,3,9,Digital Wallet,In-store,11/4/2023,Cake,,,,Coffee
TXN_1360872,Coffee,2,2,4,Credit Card,In-store,11/4/2023,Coffee,,,,Salad
TXN_2510233,Smoothie,2,4,8,Credit Card,In-store,11/4/2023,Smoothie,,,,Smoothie
TXN_5963749,Cake,1,3,3,Digital Wallet,In-store,11/4/2023,Cake,,,,Smoothie
TXN_6794035,Smoothie,1,4,4,Digital Wallet,,11/4/2023,Smoothie,,,,Cake
TXN_1091115,Smoothie,5,4,20,Cash,Takeaway,11/4/2023,Smoothie,,,,Cake
TXN_2041190,Cake,1,3,3,Digital Wallet,,11/4/2023,Cake,,,,Cake
TXN_9061106,Cake,4,3,12,Digital Wallet,Takeaway,11/4/2023,Cake,,,,Cookie
TXN_5548914,Cake,2,3,6,Digital Wallet,In-store,11/4/2023,Cake,,,,Smoothie
TXN_6758675,Cake,1,3,3,Credit Card,In-store,11/5/2023,Cake,,,,Cake
TXN_6638051,Smoothie,2,4,8,Cash,,11/5/2023,Smoothie,,,,Salad
TXN_9798525,Coffee,2,2,4,Digital Wallet,Takeaway,11/5/2023,Coffee,,,,Coffee
TXN_1961943,Smoothie,3,4,12,Digital Wallet,In-store,11/5/2023,Smoothie,,,,Cake
TXN_9928337,Cake,1,3,3,ERROR,Takeaway,11/5/2023,Cake,,,,Cake
TXN_7762739,Smoothie,4,4,16,,In-store,11/5/2023,Smoothie,,,,Smoothie
TXN_4639918,Smoothie,1,4,4,Digital Wallet,ERROR,11/5/2023,Smoothie,,,,Cake
TXN_7408461,Cake,3,3,9,UNKNOWN,In-store,11/5/2023,Cake,,,,Salad
TXN_2788676,Cookie,2,1,2,Digital Wallet,,11/5/2023,Cookie,,,,Smoothie
TXN_6379692,Cookie,5,1,5,Digital Wallet,Takeaway,11/5/2023,Cookie,,,,Cookie
TXN_6833530,Cake,4,3,12,,In-store,11/5/2023,Cake,,,,Cake
TXN_3919672,Cookie,2,1,2,Credit Card,,11/5/2023,Cookie,,,,Salad
TXN_9288156,Coffee,3,2,6,,,11/5/2023,Coffee,,,,Cake
TXN_6361661,Smoothie,2,4,8,Cash,,11/5/2023,Smoothie,,,,Coffee
TXN_7631496,Cookie,3,1,3,Digital Wallet,In-store,11/5/2023,Cookie,,,,Cake
TXN_5517185,Smoothie,3,4,12,Digital Wallet,,11/5/2023,Smoothie,,,,Tea
TXN_4745933,Salad,1,5,5,Digital Wallet,In-store,11/5/2023,Salad,,,,Cake
TXN_8927252,Cookie,2,1,2,Credit Card,ERROR,11/6/2023,Cookie,,,,Coffee
TXN_7498727,Salad,3,5,15,Cash,,11/6/2023,Salad,,,,Cake
TXN_4991815,Cake,5,3,15,Cash,,11/6/2023,Cake,,,,Smoothie
TXN_5661147,Cake,1,3,3,,Takeaway,11/6/2023,Cake,,,,Cookie
TXN_2024121,Cake,5,3,15,Digital Wallet,In-store,11/6/2023,Cake,,,,Cake
TXN_2413626,Cake,1,3,3,Credit Card,Takeaway,11/6/2023,Cake,,,,Coffee
TXN_3713976,Cake,2,3,6,,Takeaway,11/6/2023,Cake,,,,Tea
TXN_4692976,Cake,1,3,3,Digital Wallet,UNKNOWN,11/6/2023,Cake,,,,Cake
TXN_4049949,Cookie,1,1,1,,Takeaway,11/6/2023,Cookie,,,,Cake
TXN_7231548,Smoothie,3,4,12,Credit Card,In-store,11/6/2023,Smoothie,,,,Smoothie
TXN_9270865,Smoothie,2,4,8,Credit Card,Takeaway,11/6/2023,Smoothie,,,,Salad
TXN_5932169,Salad,5,5,25,Credit Card,ERROR,11/6/2023,Salad,,,,Coffee
TXN_9729280,Tea,3,1.5,4.5,Credit Card,In-store,11/6/2023,Tea,,,,Smoothie
TXN_9506372,Cake,4,3,12,,,11/6/2023,Cake,,,,Cookie
TXN_5664467,Tea,4,1.5,6,Digital Wallet,Takeaway,11/6/2023,Tea,,,,Coffee
TXN_3315026,Cake,5,3,15,Cash,,11/6/2023,Cake,,,,Cake
TXN_1030539,Cake,3,3,9,,Takeaway,11/6/2023,Cake,,,,Cookie
TXN_6216278,Coffee,4,2,8,Credit Card,In-store,11/6/2023,Coffee,,,,Tea
TXN_1477525,Salad,3,5,15,Cash,Takeaway,11/6/2023,Salad,,,,Coffee
TXN_3317649,Smoothie,3,4,12,ERROR,Takeaway,11/6/2023,Smoothie,,,,Cake
TXN_6026451,Cake,2,3,6,Cash,In-store,11/6/2023,Cake,,,,Tea
TXN_5921766,Smoothie,3,4,12,,In-store,11/6/2023,Smoothie,,,,Cake
TXN_6880338,Cake,3,3,9,Digital Wallet,Takeaway,11/6/2023,Cake,,,,Salad
TXN_1317114,Cookie,2,1,2,Digital Wallet,Takeaway,11/6/2023,Cookie,,,,Salad
TXN_6071905,Cake,1,3,3,,In-store,11/6/2023,Cake,,,,Smoothie
TXN_4779192,Cookie,5,1,5,Digital Wallet,,11/6/2023,Cookie,,,,Cake
TXN_4837447,Cake,2,3,6,Digital Wallet,Takeaway,11/6/2023,Cake,,,,Cake
TXN_4179797,Tea,2,1.5,3,,,11/6/2023,Tea,,,,Salad
TXN_8552898,Coffee,5,2,10,Credit Card,Takeaway,11/6/2023,Coffee,,,,Tea
TXN_8469087,Salad,2,5,10,Digital Wallet,Takeaway,11/6/2023,Salad,,,,Smoothie
TXN_7568175,Salad,1,5,5,Cash,In-store,11/6/2023,Salad,,,,Salad
TXN_3986876,Cake,3,3,9,Cash,Takeaway,11/6/2023,Cake,,,,Cake
TXN_8316135,Salad,3,5,15,Digital Wallet,Takeaway,11/6/2023,Salad,,,,Cake
TXN_8860270,Smoothie,1,4,4,Cash,Takeaway,11/6/2023,Smoothie,,,,Tea
TXN_2548360,Salad,5,5,25,Cash,Takeaway,11/7/2023,Salad,,,,Salad
TXN_2123367,Cookie,2,1,2,,,11/7/2023,Cookie,,,,Smoothie
TXN_8955912,Smoothie,1,4,4,,,11/7/2023,Smoothie,,,,Salad
TXN_5446858,Cookie,1,1,1,Cash,In-store,11/7/2023,Cookie,,,,Coffee
TXN_7608816,Cake,3,3,9,Digital Wallet,In-store,11/7/2023,Cake,,,,Coffee
TXN_4114503,Salad,5,5,25,,Takeaway,11/7/2023,Salad,,,,Cake
TXN_7376092,Cookie,4,1,4,Cash,In-store,11/7/2023,Cookie,,,,Cake
TXN_3206876,Salad,4,5,20,,In-store,11/7/2023,Salad,,,,Tea
TXN_5186460,Cake,3,3,9,Credit Card,UNKNOWN,11/7/2023,Cake,,,,Smoothie
TXN_3854036,Cake,3,3,9,Cash,,11/7/2023,Cake,,,,Smoothie
TXN_8459594,Smoothie,1,4,4,Credit Card,ERROR,11/7/2023,Smoothie,,,,Cookie
TXN_4355766,Cookie,5,1,5,Digital Wallet,,11/7/2023,Cookie,,,,Coffee
TXN_1949789,Salad,2,5,10,,Takeaway,11/7/2023,Salad,,,,Cake
TXN_6013295,Cake,2,3,6,Cash,Takeaway,11/7/2023,Cake,,,,Cookie
TXN_5625110,Salad,3,5,15,Digital Wallet,Takeaway,11/7/2023,Salad,,,,Smoothie
TXN_6991736,Cake,2,3,6,Digital Wallet,In-store,11/7/2023,Cake,,,,Salad
TXN_9799633,Cake,4,3,12,Cash,In-store,11/7/2023,Cake,,,,Smoothie
TXN_8489120,Cookie,2,1,2,Credit Card,,11/7/2023,Cookie,,,,Salad
TXN_7543841,Cookie,3,1,3,Cash,In-store,11/7/2023,Cookie,,,,Smoothie
TXN_1504466,Coffee,1,2,2,Cash,,11/7/2023,Coffee,,,,Tea
TXN_4991731,Tea,1,1.5,1.5,Digital Wallet,Takeaway,11/7/2023,Tea,,,,Salad
TXN_2052060,Smoothie,3,4,12,Cash,Takeaway,11/7/2023,Smoothie,,,,Cake
TXN_5743619,Salad,5,5,25,Digital Wallet,Takeaway,11/7/2023,Salad,,,,Cake
TXN_1971201,Smoothie,2,4,8,Digital Wallet,,11/7/2023,Smoothie,,,,Smoothie
TXN_9629256,Cake,4,3,12,Digital Wallet,In-store,11/7/2023,Cake,,,,Smoothie
TXN_3205079,Cake,5,3,15,Credit Card,,11/7/2023,Cake,,,,Cake
TXN_7682621,Smoothie,4,4,16,Cash,Takeaway,11/7/2023,Smoothie,,,,Tea
TXN_5830991,Cookie,4,1,4,ERROR,Takeaway,11/7/2023,Cookie,,,,Cake
TXN_4797429,Salad,5,5,25,Digital Wallet,In-store,11/7/2023,Salad,,,,Smoothie
TXN_6526078,Smoothie,5,4,20,Cash,,11/7/2023,Smoothie,,,,Salad
TXN_3676019,Cake,4,3,12,Digital Wallet,,11/7/2023,Cake,,,,Cake
TXN_6612143,Tea,5,1.5,7.5,Cash,In-store,11/7/2023,Tea,,,,Cake
TXN_8746881,Cake,2,3,6,UNKNOWN,,11/7/2023,Cake,,,,Coffee
TXN_7316790,Coffee,1,2,2,Credit Card,In-store,11/7/2023,Coffee,,,,Salad
TXN_8938445,Cake,3,3,9,,In-store,11/7/2023,Cake,,,,Smoothie
TXN_6170729,Smoothie,3,4,12,Cash,In-store,11/7/2023,Smoothie,,,,Tea
TXN_6830557,Coffee,3,2,6,Digital Wallet,Takeaway,11/8/2023,Coffee,,,,Tea
TXN_3519066,Cake,1,3,3,,Takeaway,11/8/2023,Cake,,,,Tea
TXN_5474440,Cake,2,3,6,Credit Card,,11/8/2023,Cake,,,,Coffee
TXN_3604156,Coffee,5,2,10,Credit Card,Takeaway,11/8/2023,Coffee,,,,Cake
TXN_7616002,Tea,2,1.5,3,,In-store,11/8/2023,Tea,,,,Salad
TXN_8541074,Salad,4,5,20,,In-store,11/8/2023,Salad,,,,Smoothie
TXN_8498613,Smoothie,2,4,8,,,11/8/2023,Smoothie,,,,Cake
TXN_4483304,Smoothie,4,4,16,Credit Card,Takeaway,11/8/2023,Smoothie,,,,Cake
TXN_2134660,Cake,5,3,15,Credit Card,In-store,11/8/2023,Cake,,,,Tea
TXN_8494538,Cake,4,3,12,,,11/8/2023,Cake,,,,Smoothie
TXN_1660757,Cake,4,3,12,Digital Wallet,Takeaway,11/8/2023,Cake,,,,Salad
TXN_1493452,Smoothie,3,4,12,,,11/8/2023,Smoothie,,,,Cake
TXN_9184804,Cookie,2,1,2,Digital Wallet,,11/8/2023,Cookie,,,,Cookie
TXN_5644074,Smoothie,2,4,8,Digital Wallet,In-store,11/8/2023,Smoothie,,,,Cookie
TXN_4497327,Cookie,2,1,2,Credit Card,UNKNOWN,11/8/2023,Cookie,,,,Smoothie
TXN_2830671,Smoothie,1,4,4,Cash,Takeaway,11/8/2023,Smoothie,,,,Coffee
TXN_9923613,Smoothie,4,4,16,,In-store,11/8/2023,Smoothie,,,,Cake
TXN_4104718,Cookie,2,1,2,Cash,,11/8/2023,Cookie,,,,Salad
TXN_2761003,Smoothie,2,4,8,ERROR,In-store,11/8/2023,Smoothie,,,,Cookie
TXN_6824743,Smoothie,2,4,8,Digital Wallet,Takeaway,11/8/2023,Smoothie,,,,Tea
TXN_9618962,Coffee,3,2,6,Credit Card,Takeaway,11/8/2023,Coffee,,,,Cake
TXN_1999100,Smoothie,3,4,12,Digital Wallet,,11/8/2023,Smoothie,,,,Cookie
TXN_8100384,Smoothie,1,4,4,Cash,,11/8/2023,Smoothie,,,,Cake
TXN_2174821,Coffee,1,2,2,,,11/8/2023,Coffee,,,,Coffee
TXN_6276679,Cookie,3,1,3,Digital Wallet,Takeaway,11/8/2023,Cookie,,,,Smoothie
TXN_1390754,Cake,2,3,6,,Takeaway,11/8/2023,Cake,,,,Salad
TXN_2334047,Tea,1,1.5,1.5,,Takeaway,11/8/2023,Tea,,,,Cake
TXN_7668576,Cake,2,3,6,,,11/8/2023,Cake,,,,Cookie
TXN_6008133,Coffee,3,2,6,Digital Wallet,UNKNOWN,11/8/2023,Coffee,,,,Cake
TXN_7533411,Cookie,1,1,1,Digital Wallet,In-store,11/9/2023,Cookie,,,,Smoothie
TXN_6402128,Smoothie,4,4,16,Digital Wallet,In-store,11/9/2023,Smoothie,,,,Cookie
TXN_5855981,Cake,2,3,6,Cash,,11/9/2023,Cake,,,,Tea
TXN_2711627,Smoothie,5,4,20,Cash,ERROR,11/9/2023,Smoothie,,,,Salad
TXN_7323040,Cookie,3,1,3,,Takeaway,11/9/2023,Cookie,,,,Smoothie
TXN_1063524,Smoothie,5,4,20,Credit Card,,11/9/2023,Smoothie,,,,Cookie
TXN_1122700,Salad,5,5,25,Digital Wallet,In-store,11/9/2023,Salad,,,,Tea
TXN_7126770,Cake,4,3,12,Credit Card,Takeaway,11/9/2023,Cake,,,,Cake
TXN_1475459,Tea,4,1.5,6,,Takeaway,11/9/2023,Tea,,,,Cake
TXN_8424592,Smoothie,4,4,16,Credit Card,Takeaway,11/9/2023,Smoothie,,,,Coffee
TXN_6637989,Smoothie,1,4,4,Cash,,11/9/2023,Smoothie,,,,Smoothie
TXN_7186675,Cookie,4,1,4,Cash,,11/9/2023,Cookie,,,,Cookie
TXN_7742182,Tea,2,1.5,3,,,11/9/2023,Tea,,,,Salad
TXN_5966765,Cake,5,3,15,Credit Card,Takeaway,11/9/2023,Cake,,,,Coffee
TXN_9417344,Tea,3,1.5,4.5,,Takeaway,11/9/2023,Tea,,,,Coffee
TXN_8432045,Cake,3,3,9,Credit Card,,11/9/2023,Cake,,,,Cake
TXN_2694605,Cookie,2,1,2,Credit Card,Takeaway,11/9/2023,Cookie,,,,Smoothie
TXN_1309055,Coffee,2,2,4,Credit Card,Takeaway,11/9/2023,Coffee,,,,Tea
TXN_8209509,Cookie,4,1,4,,Takeaway,11/9/2023,Cookie,,,,Salad
TXN_3492861,Cookie,5,1,5,Cash,,11/9/2023,Cookie,,,,Salad
TXN_8219472,Cookie,4,1,4,Credit Card,,11/9/2023,Cookie,,,,Salad
TXN_5974796,Smoothie,4,4,16,Cash,In-store,11/9/2023,Smoothie,,,,Coffee
TXN_5129701,Smoothie,2,4,8,Credit Card,Takeaway,11/9/2023,Smoothie,,,,Tea
TXN_2010060,Cake,1,3,3,Cash,,11/9/2023,Cake,,,,Tea
TXN_7785034,Smoothie,4,4,16,UNKNOWN,Takeaway,11/9/2023,Smoothie,,,,Coffee
TXN_2464706,Cake,4,3,12,Digital Wallet,Takeaway,11/9/2023,Cake,,,,Smoothie
TXN_9778251,Tea,4,1.5,6,,Takeaway,11/9/2023,Tea,,,,Cake
TXN_1330506,Cookie,3,1,3,Digital Wallet,UNKNOWN,11/10/2023,Cookie,,,,Cake
TXN_7098730,Cake,2,3,6,Digital Wallet,,11/10/2023,Cake,,,,Coffee
TXN_6316959,Tea,2,1.5,3,Cash,In-store,11/10/2023,Tea,,,,Smoothie
TXN_6428182,Cake,5,3,15,Cash,In-store,11/10/2023,Cake,,,,Smoothie
TXN_6128621,Salad,3,5,15,Digital Wallet,In-store,11/10/2023,Salad,,,,Smoothie
TXN_4468830,Smoothie,4,4,16,Digital Wallet,In-store,11/10/2023,Smoothie,,,,Coffee
TXN_2452624,Cake,1,3,3,Cash,,11/10/2023,Cake,,,,Coffee
TXN_8337899,Cookie,1,1,1,Digital Wallet,,11/10/2023,Cookie,,,,Cake
TXN_1459078,Cookie,5,1,5,,In-store,11/10/2023,Cookie,,,,Coffee
TXN_1367003,Salad,5,5,25,Cash,In-store,11/10/2023,Salad,,,,Tea
TXN_6270766,Cookie,1,1,1,,In-store,11/10/2023,Cookie,,,,Cookie
TXN_5762127,Coffee,2,2,4,,Takeaway,11/10/2023,Coffee,,,,Salad
TXN_9970195,Coffee,2,2,4,,UNKNOWN,11/10/2023,Coffee,,,,Smoothie
TXN_8964166,Cake,5,3,15,Cash,,11/10/2023,Cake,,,,Cake
TXN_2817210,Cake,4,3,12,,,11/10/2023,Cake,,,,Smoothie
TXN_9707159,Cake,5,3,15,Credit Card,In-store,11/10/2023,Cake,,,,Cookie
TXN_3801485,Coffee,5,2,10,Credit Card,In-store,11/10/2023,Coffee,,,,Cake
TXN_8966922,Cake,4,3,12,,Takeaway,11/10/2023,Cake,,,,Cake
TXN_5922981,Salad,5,5,25,Digital Wallet,Takeaway,11/10/2023,Salad,,,,Salad
TXN_6438980,Salad,2,5,10,Credit Card,Takeaway,11/10/2023,Salad,,,,Cake
TXN_2097023,Salad,3,5,15,Digital Wallet,Takeaway,11/10/2023,Salad,,,,Tea
TXN_4011509,Smoothie,4,4,16,Digital Wallet,,11/10/2023,Smoothie,,,,Salad
TXN_8843061,Smoothie,1,4,4,Cash,Takeaway,11/10/2023,Smoothie,,,,Smoothie
TXN_2352308,Cookie,2,1,2,Cash,,11/10/2023,Cookie,,,,Cake
TXN_1861717,Tea,2,1.5,3,Cash,In-store,11/10/2023,Tea,,,,Cake
TXN_3641001,Smoothie,3,4,12,Digital Wallet,ERROR,11/10/2023,Smoothie,,,,Cookie
TXN_5907854,Cake,3,3,9,,In-store,11/11/2023,Cake,,,,Cake
TXN_7397665,Salad,5,5,25,Credit Card,Takeaway,11/11/2023,Salad,,,,Cookie
TXN_9561441,Tea,5,1.5,7.5,Cash,In-store,11/11/2023,Tea,,,,Coffee
TXN_9246948,Cake,5,3,15,Credit Card,,11/11/2023,Cake,,,,Cookie
TXN_7145259,Cake,2,3,6,Digital Wallet,In-store,11/11/2023,Cake,,,,Cake
TXN_8536578,Cake,5,3,15,Digital Wallet,In-store,11/11/2023,Cake,,,,Cake
TXN_7838576,Coffee,3,2,6,,In-store,11/11/2023,Coffee,,,,Coffee
TXN_8821839,Smoothie,5,4,20,ERROR,Takeaway,11/11/2023,Smoothie,,,,Coffee
TXN_9714665,Salad,1,5,5,,Takeaway,11/11/2023,Salad,,,,Smoothie
TXN_2673294,Coffee,3,2,6,Cash,,11/11/2023,Coffee,,,,Cookie
TXN_2347248,Salad,1,5,5,Credit Card,ERROR,11/11/2023,Salad,,,,Tea
TXN_5279293,Smoothie,3,4,12,Digital Wallet,Takeaway,11/11/2023,Smoothie,,,,Cake
TXN_1311237,Cookie,4,1,4,Credit Card,,11/11/2023,Cookie,,,,Cake
TXN_6856530,Smoothie,5,4,20,Digital Wallet,,11/11/2023,Smoothie,,,,Smoothie
TXN_4251500,Cookie,4,1,4,Digital Wallet,Takeaway,11/11/2023,Cookie,,,,Tea
TXN_2522182,Salad,2,5,10,Digital Wallet,In-store,11/11/2023,Salad,,,,Smoothie
TXN_4822256,Smoothie,1,4,4,Credit Card,,11/11/2023,Smoothie,,,,Salad
TXN_7724048,Smoothie,1,4,4,ERROR,In-store,11/12/2023,Smoothie,,,,Cake
TXN_9536472,Cake,5,3,15,,,11/12/2023,Cake,,,,Coffee
TXN_4179561,Cookie,2,1,2,Digital Wallet,In-store,11/12/2023,Cookie,,,,Cookie
TXN_7864080,Tea,5,1.5,7.5,Credit Card,Takeaway,11/12/2023,Tea,,,,Cookie
TXN_2406254,Cake,5,3,15,,Takeaway,11/12/2023,Cake,,,,Smoothie
TXN_3064922,Salad,2,5,10,Cash,,11/12/2023,Salad,,,,Cake
TXN_3103967,Cake,2,3,6,Credit Card,ERROR,11/12/2023,Cake,,,,Coffee
TXN_8936663,Cookie,4,1,4,Credit Card,,11/12/2023,Cookie,,,,Smoothie
TXN_8845592,Smoothie,5,4,20,Credit Card,In-store,11/12/2023,Smoothie,,,,Cake
TXN_5190685,Cookie,4,1,4,Cash,Takeaway,11/12/2023,Cookie,,,,Cake
TXN_6392156,Cookie,5,1,5,Credit Card,Takeaway,11/12/2023,Cookie,,,,Cake
TXN_8958723,Smoothie,4,4,16,Digital Wallet,,11/12/2023,Smoothie,,,,Cookie
TXN_2273573,Cookie,5,1,5,Cash,In-store,11/12/2023,Cookie,,,,Smoothie
TXN_9320167,Cake,5,3,15,Credit Card,,11/12/2023,Cake,,,,Smoothie
TXN_9868114,Smoothie,2,4,8,Credit Card,In-store,11/12/2023,Smoothie,,,,Smoothie
TXN_8941409,Cake,3,3,9,ERROR,,11/12/2023,Cake,,,,Salad
TXN_3430805,Cake,4,3,12,Credit Card,,11/12/2023,Cake,,,,Cake
TXN_8903958,Cake,2,3,6,Digital Wallet,Takeaway,11/12/2023,Cake,,,,Salad
TXN_9658354,Tea,3,1.5,4.5,Credit Card,In-store,11/12/2023,Tea,,,,Tea
TXN_5430200,Smoothie,3,4,12,Credit Card,Takeaway,11/12/2023,Smoothie,,,,Cake
TXN_2780349,Coffee,5,2,10,Cash,,11/12/2023,Coffee,,,,Tea
TXN_5424614,Cake,1,3,3,,In-store,11/12/2023,Cake,,,,Smoothie
TXN_8492074,Tea,3,1.5,4.5,Digital Wallet,In-store,11/12/2023,Tea,,,,Smoothie
TXN_5127984,Smoothie,3,4,12,Cash,In-store,11/12/2023,Smoothie,,,,Tea
TXN_4503716,Cake,1,3,3,,,11/12/2023,Cake,,,,Cake
TXN_2708387,Tea,4,1.5,6,Credit Card,,11/12/2023,Tea,,,,Salad
TXN_2322162,Cake,5,3,15,Digital Wallet,,11/12/2023,Cake,,,,Cake
TXN_1672229,Cookie,2,1,2,Cash,,11/12/2023,Cookie,,,,Cake
TXN_4291940,Cake,3,3,9,Credit Card,In-store,11/13/2023,Cake,,,,Cake
TXN_2130245,Smoothie,5,4,20,Credit Card,,11/13/2023,Smoothie,,,,Cake
TXN_9103318,Smoothie,2,4,8,,ERROR,11/13/2023,Smoothie,,,,Smoothie
TXN_8066743,Tea,3,1.5,4.5,Cash,Takeaway,11/13/2023,Tea,,,,Cake
TXN_5375349,Coffee,1,2,2,,Takeaway,11/13/2023,Coffee,,,,Smoothie
TXN_6404763,Smoothie,5,4,20,Digital Wallet,Takeaway,11/13/2023,Smoothie,,,,Salad
TXN_3833729,Smoothie,4,4,16,Digital Wallet,In-store,11/13/2023,Smoothie,,,,Cake
TXN_3388054,Coffee,5,2,10,Cash,,11/13/2023,Coffee,,,,Salad
TXN_1987716,Coffee,1,2,2,Credit Card,,11/13/2023,Coffee,,,,Smoothie
TXN_7460497,Cake,5,3,15,Cash,,11/13/2023,Cake,,,,Salad
TXN_8949453,Smoothie,5,4,20,,Takeaway,11/13/2023,Smoothie,,,,Cookie
TXN_6074414,Salad,2,5,10,Credit Card,ERROR,11/13/2023,Salad,,,,Salad
TXN_9252414,Tea,1,1.5,1.5,,In-store,11/13/2023,Tea,,,,Cake
TXN_2308317,Coffee,2,2,4,Digital Wallet,Takeaway,11/13/2023,Coffee,,,,Cake
TXN_4791072,Coffee,3,2,6,,ERROR,11/13/2023,Coffee,,,,Coffee
TXN_2642834,Salad,2,5,10,Cash,,11/13/2023,Salad,,,,Cake
TXN_3330279,Cake,1,3,3,Credit Card,,11/13/2023,Cake,,,,Cookie
TXN_4989644,Cake,5,3,15,Digital Wallet,,11/13/2023,Cake,,,,Cake
TXN_2119325,Cake,5,3,15,,In-store,11/13/2023,Cake,,,,Salad
TXN_5301926,Cake,1,3,3,Digital Wallet,Takeaway,11/13/2023,Cake,,,,Cake
TXN_2807324,Smoothie,2,4,8,Cash,,11/13/2023,Smoothie,,,,Cookie
TXN_7010812,Salad,2,5,10,Digital Wallet,In-store,11/13/2023,Salad,,,,Smoothie
TXN_1984774,Tea,3,1.5,4.5,Cash,Takeaway,11/13/2023,Tea,,,,Cake
TXN_6104335,Smoothie,2,4,8,Credit Card,,11/13/2023,Smoothie,,,,Cake
TXN_1746320,Salad,1,5,5,Cash,,11/14/2023,Salad,,,,Smoothie
TXN_7399897,Cake,4,3,12,,Takeaway,11/14/2023,Cake,,,,Cake
TXN_2773491,Salad,5,5,25,Cash,,11/14/2023,Salad,,,,Tea
TXN_3164212,Smoothie,4,4,16,,In-store,11/14/2023,Smoothie,,,,Smoothie
TXN_6755107,Smoothie,2,4,8,Digital Wallet,,11/14/2023,Smoothie,,,,Smoothie
TXN_6621756,Cookie,1,1,1,,,11/14/2023,Cookie,,,,Coffee
TXN_7991322,Coffee,5,2,10,Digital Wallet,,11/14/2023,Coffee,,,,Smoothie
TXN_2037742,Cake,4,3,12,Digital Wallet,In-store,11/14/2023,Cake,,,,Tea
TXN_7502273,Coffee,5,2,10,UNKNOWN,In-store,11/14/2023,Coffee,,,,Tea
TXN_2954575,Tea,2,1.5,3,Digital Wallet,Takeaway,11/14/2023,Tea,,,,Tea
TXN_8598575,Smoothie,4,4,16,Digital Wallet,,11/14/2023,Smoothie,,,,Coffee
TXN_5765294,Cookie,4,1,4,Digital Wallet,In-store,11/14/2023,Cookie,,,,Salad
TXN_5628251,Cake,4,3,12,Credit Card,,11/14/2023,Cake,,,,Tea
TXN_3263746,Coffee,1,2,2,Cash,Takeaway,11/14/2023,Coffee,,,,Smoothie
TXN_1348274,Cake,5,3,15,,,11/14/2023,Cake,,,,Smoothie
TXN_6242107,Coffee,3,2,6,Cash,,11/14/2023,Coffee,,,,Cake
TXN_3061498,Salad,5,5,25,,,11/14/2023,Salad,,,,Smoothie
TXN_7434172,Cookie,2,1,2,Digital Wallet,Takeaway,11/14/2023,Cookie,,,,Smoothie
TXN_6219454,Tea,1,1.5,1.5,Cash,In-store,11/14/2023,Tea,,,,Smoothie
TXN_9285475,Tea,5,1.5,7.5,Digital Wallet,ERROR,11/14/2023,Tea,,,,Salad
TXN_1569248,Tea,1,1.5,1.5,Credit Card,,11/14/2023,Tea,,,,Cake
TXN_2674372,Cookie,4,1,4,Credit Card,Takeaway,11/14/2023,Cookie,,,,Smoothie
TXN_6037924,Coffee,4,2,8,,Takeaway,11/14/2023,Coffee,,,,Tea
TXN_4431264,Smoothie,2,4,8,,,11/14/2023,Smoothie,,,,Smoothie
TXN_3234146,Cake,1,3,3,UNKNOWN,Takeaway,11/14/2023,Cake,,,,Cookie
TXN_6090715,Cake,3,3,9,Credit Card,In-store,11/14/2023,Cake,,,,Salad
TXN_5820892,Cake,1,3,3,Digital Wallet,ERROR,11/14/2023,Cake,,,,Smoothie
TXN_3530118,Cake,5,3,15,Digital Wallet,UNKNOWN,11/14/2023,Cake,,,,Cookie
TXN_3967103,Coffee,5,2,10,Cash,,11/14/2023,Coffee,,,,Smoothie
TXN_2847255,Salad,3,5,15,Credit Card,In-store,11/15/2023,Salad,,,,Cake
TXN_6717827,Salad,3,5,15,Digital Wallet,,11/15/2023,Salad,,,,Tea
TXN_9265319,Salad,3,5,15,Cash,,11/15/2023,Salad,,,,Cookie
TXN_5348445,Salad,5,5,25,Digital Wallet,In-store,11/15/2023,Salad,,,,Cookie
TXN_7448296,Cookie,1,1,1,Credit Card,In-store,11/15/2023,Cookie,,,,Salad
TXN_7812601,Tea,2,1.5,3,Credit Card,,11/15/2023,Tea,,,,Smoothie
TXN_1907250,Cookie,1,1,1,Credit Card,,11/15/2023,Cookie,,,,Cake
TXN_4360040,Salad,1,5,5,Credit Card,,11/15/2023,Salad,,,,Tea
TXN_9309509,Tea,5,1.5,7.5,,,11/15/2023,Tea,,,,Cookie
TXN_5255023,Smoothie,2,4,8,Credit Card,In-store,11/15/2023,Smoothie,,,,Tea
TXN_4993989,Smoothie,2,4,8,,,11/15/2023,Smoothie,,,,Smoothie
TXN_6746916,Coffee,1,2,2,Cash,Takeaway,11/15/2023,Coffee,,,,Cake
TXN_7601706,Cake,2,3,6,Credit Card,In-store,11/15/2023,Cake,,,,Smoothie
TXN_4721830,Smoothie,3,4,12,UNKNOWN,,11/15/2023,Smoothie,,,,Cake
TXN_6027031,Cake,5,3,15,Credit Card,In-store,11/15/2023,Cake,,,,Smoothie
TXN_9540340,Smoothie,2,4,8,Cash,,11/15/2023,Smoothie,,,,Coffee
TXN_2408143,Coffee,2,2,4,Digital Wallet,,11/15/2023,Coffee,,,,Cake
TXN_6251282,Cake,4,3,12,Cash,,11/15/2023,Cake,,,,Tea
TXN_7485706,Cookie,5,1,5,Credit Card,Takeaway,11/15/2023,Cookie,,,,Cake
TXN_3877643,Cake,4,3,12,Cash,In-store,11/15/2023,Cake,,,,Cake
TXN_8621589,Cake,5,3,15,Digital Wallet,,11/15/2023,Cake,,,,Cookie
TXN_4260738,Coffee,2,2,4,,In-store,11/15/2023,Coffee,,,,Tea
TXN_4597600,Cookie,5,1,5,,Takeaway,11/15/2023,Cookie,,,,Tea
TXN_6744096,Coffee,1,2,2,Digital Wallet,In-store,11/15/2023,Coffee,,,,Cake
TXN_3864453,Cookie,5,1,5,Digital Wallet,,11/15/2023,Cookie,,,,Smoothie
TXN_6487003,Coffee,4,2,8,Credit Card,Takeaway,11/15/2023,Coffee,,,,Cake
TXN_6846228,Salad,3,5,15,,In-store,11/16/2023,Salad,,,,Smoothie
TXN_9401522,Smoothie,4,4,16,Digital Wallet,In-store,11/16/2023,Smoothie,,,,Salad
TXN_4473352,Cake,1,3,3,UNKNOWN,In-store,11/16/2023,Cake,,,,Coffee
TXN_8255965,Cake,2,3,6,,In-store,11/16/2023,Cake,,,,Coffee
TXN_1987977,Smoothie,2,4,8,,,11/16/2023,Smoothie,,,,Coffee
TXN_1726774,Salad,3,5,15,,,11/16/2023,Salad,,,,Cake
TXN_6304285,Cake,5,3,15,Digital Wallet,Takeaway,11/16/2023,Cake,,,,Cake
TXN_5369243,Smoothie,4,4,16,Cash,Takeaway,11/16/2023,Smoothie,,,,Coffee
TXN_3299535,Coffee,3,2,6,,Takeaway,11/16/2023,Coffee,,,,Cookie
TXN_4151440,Cake,5,3,15,,In-store,11/16/2023,Cake,,,,Cookie
TXN_9923860,Cookie,2,1,2,,,11/16/2023,Cookie,,,,Smoothie
TXN_4565233,Salad,3,5,15,Credit Card,In-store,11/16/2023,Salad,,,,Smoothie
TXN_8880299,Tea,1,1.5,1.5,UNKNOWN,,11/16/2023,Tea,,,,Smoothie
TXN_3337203,Smoothie,3,4,12,,Takeaway,11/16/2023,Smoothie,,,,Cake
TXN_2887332,Smoothie,5,4,20,,,11/16/2023,Smoothie,,,,Cake
TXN_8049635,Salad,3,5,15,Cash,,11/16/2023,Salad,,,,Smoothie
TXN_7051683,Cake,3,3,9,Digital Wallet,In-store,11/16/2023,Cake,,,,Tea
TXN_4382956,Tea,4,1.5,6,Credit Card,,11/16/2023,Tea,,,,Smoothie
TXN_6154823,Smoothie,5,4,20,Digital Wallet,Takeaway,11/16/2023,Smoothie,,,,Cake
TXN_9206923,Smoothie,1,4,4,,,11/16/2023,Smoothie,,,,Cake
TXN_5139074,Cake,1,3,3,Digital Wallet,Takeaway,11/16/2023,Cake,,,,Cake
TXN_8275137,Salad,4,5,20,Cash,ERROR,11/16/2023,Salad,,,,Salad
TXN_4872708,Coffee,5,2,10,Cash,,11/16/2023,Coffee,,,,Cake
TXN_6091431,Tea,3,1.5,4.5,Credit Card,,11/16/2023,Tea,,,,Coffee
TXN_6883187,Cake,2,3,6,ERROR,,11/16/2023,Cake,,,,Cookie
TXN_2638810,Tea,2,1.5,3,,Takeaway,11/16/2023,Tea,,,,Salad
TXN_3668051,Cake,1,3,3,UNKNOWN,UNKNOWN,11/17/2023,Cake,,,,Salad
TXN_2980008,Cake,3,3,9,Digital Wallet,,11/17/2023,Cake,,,,Cookie
TXN_3917193,Cake,5,3,15,Credit Card,Takeaway,11/17/2023,Cake,,,,Salad
TXN_1372991,Coffee,4,2,8,,In-store,11/17/2023,Coffee,,,,Tea
TXN_1901704,Salad,5,5,25,Cash,,11/17/2023,Salad,,,,Cake
TXN_5106045,Coffee,3,2,6,Credit Card,,11/17/2023,Coffee,,,,Coffee
TXN_6922833,Tea,1,1.5,1.5,ERROR,Takeaway,11/17/2023,Tea,,,,Smoothie
TXN_3315467,Smoothie,2,4,8,Digital Wallet,Takeaway,11/17/2023,Smoothie,,,,Cake
TXN_7332192,Coffee,1,2,2,Credit Card,Takeaway,11/17/2023,Coffee,,,,Cake
TXN_2883054,Cake,4,3,12,Cash,In-store,11/17/2023,Cake,,,,Cake
TXN_4832163,Cake,4,3,12,Cash,Takeaway,11/17/2023,Cake,,,,Coffee
TXN_9714116,Smoothie,4,4,16,,In-store,11/17/2023,Smoothie,,,,Cake
TXN_4197090,Cake,3,3,9,Credit Card,Takeaway,11/17/2023,Cake,,,,Smoothie
TXN_9131153,Smoothie,3,4,12,,Takeaway,11/17/2023,Smoothie,,,,Cake
TXN_1296879,Cake,1,3,3,,Takeaway,11/17/2023,Cake,,,,Cake
TXN_8980495,Smoothie,4,4,16,Credit Card,Takeaway,11/17/2023,Smoothie,,,,Cookie
TXN_8180793,Cookie,4,1,4,Digital Wallet,,11/17/2023,Cookie,,,,Smoothie
TXN_4276702,Cookie,1,1,1,Credit Card,In-store,11/17/2023,Cookie,,,,Smoothie
TXN_6086123,Cake,3,3,9,Credit Card,Takeaway,11/17/2023,Cake,,,,Smoothie
TXN_8325221,Coffee,2,2,4,Credit Card,ERROR,11/17/2023,Coffee,,,,Salad
TXN_2133223,Cake,3,3,9,Cash,,11/17/2023,Cake,,,,Tea
TXN_9099694,Salad,3,5,15,,Takeaway,11/18/2023,Salad,,,,Smoothie
TXN_8955259,Smoothie,2,4,8,Credit Card,,11/18/2023,Smoothie,,,,Smoothie
TXN_5447694,Smoothie,1,4,4,Digital Wallet,In-store,11/18/2023,Smoothie,,,,Coffee
TXN_4631695,Cookie,5,1,5,UNKNOWN,In-store,11/18/2023,Cookie,,,,Tea
TXN_9285663,Cookie,4,1,4,,ERROR,11/18/2023,Cookie,,,,Coffee
TXN_9212178,Cake,1,3,3,Credit Card,Takeaway,11/18/2023,Cake,,,,Cake
TXN_7373126,Smoothie,2,4,8,Credit Card,,11/18/2023,Smoothie,,,,Smoothie
TXN_7543369,Tea,5,1.5,7.5,Digital Wallet,Takeaway,11/18/2023,Tea,,,,Smoothie
TXN_2693108,Cookie,3,1,3,Cash,In-store,11/18/2023,Cookie,,,,Coffee
TXN_7538763,Smoothie,1,4,4,,Takeaway,11/18/2023,Smoothie,,,,Cookie
TXN_3458602,Cake,2,3,6,Cash,In-store,11/18/2023,Cake,,,,Smoothie
TXN_1990029,Tea,4,1.5,6,Credit Card,In-store,11/18/2023,Tea,,,,Coffee
TXN_5048650,Smoothie,2,4,8,Cash,Takeaway,11/18/2023,Smoothie,,,,Smoothie
TXN_8214944,Tea,3,1.5,4.5,Credit Card,In-store,11/18/2023,Tea,,,,Tea
TXN_9382596,Smoothie,5,4,20,Credit Card,Takeaway,11/18/2023,Smoothie,,,,Cake
TXN_5611239,Cookie,4,1,4,Cash,Takeaway,11/18/2023,Cookie,,,,Cake
TXN_1350239,Smoothie,5,4,20,Cash,,11/18/2023,Smoothie,,,,Tea
TXN_2453194,Cake,4,3,12,Digital Wallet,ERROR,11/18/2023,Cake,,,,Smoothie
TXN_5390533,Smoothie,3,4,12,,In-store,11/18/2023,Smoothie,,,,Coffee
TXN_9684822,Cake,1,3,3,,ERROR,11/18/2023,Cake,,,,Cake
TXN_8090470,Smoothie,4,4,16,Digital Wallet,Takeaway,11/18/2023,Smoothie,,,,Smoothie
TXN_3931393,Smoothie,2,4,8,Digital Wallet,,11/18/2023,Smoothie,,,,Cake
TXN_1434598,Smoothie,5,4,20,Cash,Takeaway,11/18/2023,Smoothie,,,,Cake
TXN_7908929,Tea,2,1.5,3,Digital Wallet,,11/18/2023,Tea,,,,Smoothie
TXN_5260646,Tea,4,1.5,6,Cash,Takeaway,11/18/2023,Tea,,,,Cookie
TXN_7421687,Coffee,5,2,10,Credit Card,In-store,11/18/2023,Coffee,,,,Cake
TXN_9550508,Smoothie,5,4,20,,,11/18/2023,Smoothie,,,,Smoothie
TXN_5148201,Smoothie,5,4,20,UNKNOWN,,11/18/2023,Smoothie,,,,Cake
TXN_1209852,Cookie,2,1,2,Credit Card,In-store,11/18/2023,Cookie,,,,Cookie
TXN_2226371,Cake,1,3,3,Cash,,11/18/2023,Cake,,,,Coffee
TXN_8844497,Smoothie,3,4,12,,Takeaway,11/18/2023,Smoothie,,,,Smoothie
TXN_9904662,Smoothie,1,4,4,,In-store,11/19/2023,Smoothie,,,,Salad
TXN_3755379,Cookie,2,1,2,Digital Wallet,In-store,11/19/2023,Cookie,,,,Tea
TXN_4255503,Coffee,3,2,6,Digital Wallet,Takeaway,11/19/2023,Coffee,,,,Smoothie
TXN_9454212,Cake,5,3,15,Cash,In-store,11/19/2023,Cake,,,,Coffee
TXN_8788437,Coffee,1,2,2,,UNKNOWN,11/19/2023,Coffee,,,,Cake
TXN_2490759,Smoothie,3,4,12,Cash,,11/19/2023,Smoothie,,,,Salad
TXN_2966262,Tea,3,1.5,4.5,Cash,,11/19/2023,Tea,,,,Cookie
TXN_6129460,Cake,5,3,15,Cash,UNKNOWN,11/19/2023,Cake,,,,Smoothie
TXN_4740892,Cake,1,3,3,Digital Wallet,Takeaway,11/19/2023,Cake,,,,Cake
TXN_2917211,Smoothie,5,4,20,Digital Wallet,Takeaway,11/19/2023,Smoothie,,,,Tea
TXN_4837909,Cake,5,3,15,,Takeaway,11/19/2023,Cake,,,,Tea
TXN_4807265,Smoothie,3,4,12,Digital Wallet,ERROR,11/19/2023,Smoothie,,,,Salad
TXN_5932892,Cake,4,3,12,Digital Wallet,In-store,11/19/2023,Cake,,,,Smoothie
TXN_3054405,Cake,3,3,9,Cash,In-store,11/19/2023,Cake,,,,Coffee
TXN_4571510,Smoothie,3,4,12,Cash,Takeaway,11/19/2023,Smoothie,,,,Tea
TXN_2337113,Coffee,1,2,2,Digital Wallet,Takeaway,11/19/2023,Coffee,,,,Cake
TXN_3920436,Cake,2,3,6,Digital Wallet,In-store,11/19/2023,Cake,,,,Cookie
TXN_8917565,Coffee,1,2,2,Cash,ERROR,11/19/2023,Coffee,,,,Salad
TXN_4493874,Cookie,5,1,5,,In-store,11/19/2023,Cookie,,,,Coffee
TXN_5677869,Cake,5,3,15,Cash,In-store,11/19/2023,Cake,,,,Tea
TXN_9547654,Cookie,2,1,2,UNKNOWN,In-store,11/19/2023,Cookie,,,,Cookie
TXN_8126586,Smoothie,5,4,20,,In-store,11/19/2023,Smoothie,,,,Coffee
TXN_6888839,Tea,3,1.5,4.5,Digital Wallet,Takeaway,11/19/2023,Tea,,,,Smoothie
TXN_9114647,Salad,5,5,25,Digital Wallet,In-store,11/19/2023,Salad,,,,Cookie
TXN_4112230,Smoothie,5,4,20,,Takeaway,11/19/2023,Smoothie,,,,Salad
TXN_2822949,Smoothie,2,4,8,Digital Wallet,,11/19/2023,Smoothie,,,,Cake
TXN_3202346,Salad,2,5,10,,In-store,11/19/2023,Salad,,,,Salad
TXN_8549600,Coffee,3,2,6,Digital Wallet,Takeaway,11/19/2023,Coffee,,,,Tea
TXN_6398450,Tea,2,1.5,3,Digital Wallet,In-store,11/19/2023,Tea,,,,Salad
TXN_1047450,Coffee,2,2,4,Cash,In-store,11/19/2023,Coffee,,,,Coffee
TXN_5349288,Coffee,4,2,8,Digital Wallet,,11/20/2023,Coffee,,,,Cake
TXN_6747376,Smoothie,3,4,12,Digital Wallet,In-store,11/20/2023,Smoothie,,,,Cake
TXN_6389404,Cake,5,3,15,Digital Wallet,In-store,11/20/2023,Cake,,,,Cookie
TXN_5222822,Salad,1,5,5,,In-store,11/20/2023,Salad,,,,Salad
TXN_8242126,Salad,4,5,20,Digital Wallet,In-store,11/20/2023,Salad,,,,Cake
TXN_8284313,Salad,5,5,25,,,11/20/2023,Salad,,,,Cake
TXN_3224756,Cake,2,3,6,Credit Card,Takeaway,11/20/2023,Cake,,,,Coffee
TXN_6327785,Tea,3,1.5,4.5,Credit Card,,11/20/2023,Tea,,,,Smoothie
TXN_6424202,Cookie,2,1,2,Credit Card,In-store,11/20/2023,Cookie,,,,Cake
TXN_7176851,Tea,4,1.5,6,Credit Card,Takeaway,11/20/2023,Tea,,,,Smoothie
TXN_2437508,Salad,2,5,10,,Takeaway,11/20/2023,Salad,,,,Smoothie
TXN_5324330,Salad,3,5,15,Digital Wallet,Takeaway,11/20/2023,Salad,,,,Cake
TXN_3607778,Smoothie,2,4,8,Cash,UNKNOWN,11/20/2023,Smoothie,,,,Cake
TXN_7894069,Cake,2,3,6,Digital Wallet,In-store,11/20/2023,Cake,,,,Cake
TXN_7187578,Salad,5,5,25,,In-store,11/20/2023,Salad,,,,Cake
TXN_8230414,Smoothie,4,4,16,Cash,,11/20/2023,Smoothie,,,,Tea
TXN_6011304,Cake,4,3,12,Cash,,11/20/2023,Cake,,,,Cake
TXN_3751420,Smoothie,5,4,20,,Takeaway,11/20/2023,Smoothie,,,,Coffee
TXN_1228474,Smoothie,4,4,16,,In-store,11/20/2023,Smoothie,,,,Smoothie
TXN_8783484,Smoothie,1,4,4,Cash,In-store,11/20/2023,Smoothie,,,,Coffee
TXN_6241505,Smoothie,4,4,16,Cash,Takeaway,11/20/2023,Smoothie,,,,Cookie
TXN_1251960,Smoothie,5,4,20,Digital Wallet,Takeaway,11/20/2023,Smoothie,,,,Coffee
TXN_4175191,Smoothie,2,4,8,Cash,ERROR,11/20/2023,Smoothie,,,,Smoothie
TXN_7838802,Cookie,2,1,2,Credit Card,Takeaway,11/20/2023,Cookie,,,,Cake
TXN_9810581,Cake,1,3,3,Cash,,11/20/2023,Cake,,,,Cake
TXN_3334632,Coffee,1,2,2,Credit Card,Takeaway,11/20/2023,Coffee,,,,Salad
TXN_9249507,Cookie,4,1,4,Credit Card,In-store,11/21/2023,Cookie,,,,Coffee
TXN_6152588,Coffee,3,2,6,Cash,Takeaway,11/21/2023,Coffee,,,,Cookie
TXN_7078232,Cake,5,3,15,Digital Wallet,Takeaway,11/21/2023,Cake,,,,Tea
TXN_2667225,Salad,2,5,10,Cash,In-store,11/21/2023,Salad,,,,Salad
TXN_1505947,Cookie,3,1,3,Cash,,11/21/2023,Cookie,,,,Smoothie
TXN_8837375,Smoothie,2,4,8,Digital Wallet,Takeaway,11/21/2023,Smoothie,,,,Smoothie
TXN_9948425,Cake,3,3,9,UNKNOWN,Takeaway,11/21/2023,Cake,,,,Smoothie
TXN_9172616,Coffee,4,2,8,,Takeaway,11/21/2023,Coffee,,,,Tea
TXN_5861158,Smoothie,3,4,12,Credit Card,Takeaway,11/21/2023,Smoothie,,,,Smoothie
TXN_6641409,Smoothie,5,4,20,Digital Wallet,ERROR,11/21/2023,Smoothie,,,,Smoothie
TXN_1869147,Smoothie,4,4,16,Digital Wallet,,11/21/2023,Smoothie,,,,Cookie
TXN_1250407,Cookie,1,1,1,Credit Card,Takeaway,11/21/2023,Cookie,,,,Smoothie
TXN_4564556,Coffee,3,2,6,Credit Card,,11/21/2023,Coffee,,,,Smoothie
TXN_8308356,Smoothie,1,4,4,Digital Wallet,,11/21/2023,Smoothie,,,,Cake
TXN_3311860,Cake,1,3,3,Digital Wallet,In-store,11/21/2023,Cake,,,,Smoothie
TXN_3017494,Tea,1,1.5,1.5,UNKNOWN,Takeaway,11/21/2023,Tea,,,,Cake
TXN_8521037,Smoothie,1,4,4,,In-store,11/21/2023,Smoothie,,,,Cake
TXN_9590819,Coffee,3,2,6,,In-store,11/21/2023,Coffee,,,,Cake
TXN_5434310,Smoothie,3,4,12,Cash,,11/21/2023,Smoothie,,,,Cookie
TXN_3740505,Tea,2,1.5,3,,,11/21/2023,Tea,,,,Cake
TXN_1191659,Coffee,4,2,8,Credit Card,In-store,11/21/2023,Coffee,,,,Cake
TXN_1713098,Smoothie,4,4,16,ERROR,,11/22/2023,Smoothie,,,,Coffee
TXN_7470910,Salad,2,5,10,Cash,In-store,11/22/2023,Salad,,,,Salad
TXN_2333576,Tea,2,1.5,3,Digital Wallet,Takeaway,11/22/2023,Tea,,,,Coffee
TXN_5765576,Smoothie,5,4,20,,In-store,11/22/2023,Smoothie,,,,Cake
TXN_2879361,Cake,3,3,9,,Takeaway,11/22/2023,Cake,,,,Smoothie
TXN_1523567,Salad,3,5,15,Digital Wallet,Takeaway,11/22/2023,Salad,,,,Smoothie
TXN_2217295,Cake,4,3,12,Credit Card,In-store,11/22/2023,Cake,,,,Coffee
TXN_4305997,Tea,3,1.5,4.5,,In-store,11/22/2023,Tea,,,,Smoothie
TXN_4031726,Cake,4,3,12,Credit Card,Takeaway,11/22/2023,Cake,,,,Cake
TXN_7475500,Cookie,2,1,2,Cash,,11/22/2023,Cookie,,,,Cake
TXN_8473362,Cake,3,3,9,Digital Wallet,,11/22/2023,Cake,,,,Smoothie
TXN_4561296,Salad,5,5,25,Cash,In-store,11/22/2023,Salad,,,,Coffee
TXN_6533450,Smoothie,1,4,4,,In-store,11/22/2023,Smoothie,,,,Smoothie
TXN_7233393,Cake,5,3,15,Credit Card,In-store,11/22/2023,Cake,,,,Salad
TXN_5680687,Salad,4,5,20,Credit Card,,11/22/2023,Salad,,,,Cake
TXN_6007437,Cake,1,3,3,Credit Card,,11/22/2023,Cake,,,,Smoothie
TXN_2073001,Coffee,2,2,4,Digital Wallet,,11/22/2023,Coffee,,,,Cake
TXN_6372515,Cookie,1,1,1,Digital Wallet,In-store,11/22/2023,Cookie,,,,Coffee
TXN_3388908,Cookie,4,1,4,,Takeaway,11/22/2023,Cookie,,,,Tea
TXN_6137394,Smoothie,1,4,4,ERROR,In-store,11/22/2023,Smoothie,,,,Smoothie
TXN_9897215,Cake,3,3,9,Credit Card,,11/22/2023,Cake,,,,Salad
TXN_1701766,Cake,4,3,12,,,11/22/2023,Cake,,,,Smoothie
TXN_6420902,Cake,3,3,9,Credit Card,Takeaway,11/22/2023,Cake,,,,Cake
TXN_8982764,Cake,5,3,15,Digital Wallet,Takeaway,11/23/2023,Cake,,,,Smoothie
TXN_4356223,Salad,3,5,15,Digital Wallet,Takeaway,11/23/2023,Salad,,,,Tea
TXN_8831813,Smoothie,5,4,20,,,11/23/2023,Smoothie,,,,Salad
TXN_8626161,Smoothie,3,4,12,Digital Wallet,In-store,11/23/2023,Smoothie,,,,Cake
TXN_3912836,Salad,1,5,5,Credit Card,In-store,11/23/2023,Salad,,,,Cake
TXN_3851247,Cake,1,3,3,Credit Card,In-store,11/23/2023,Cake,,,,Smoothie
TXN_4526296,Smoothie,5,4,20,UNKNOWN,Takeaway,11/23/2023,Smoothie,,,,Salad
TXN_8041777,Cake,1,3,3,Cash,,11/23/2023,Cake,,,,Cake
TXN_6484387,Cookie,5,1,5,Cash,,11/23/2023,Cookie,,,,Salad
TXN_3193212,Cake,1,3,3,Cash,In-store,11/23/2023,Cake,,,,Cookie
TXN_4561006,Cake,3,3,9,Credit Card,,11/23/2023,Cake,,,,Cake
TXN_5093855,Tea,4,1.5,6,Cash,Takeaway,11/23/2023,Tea,,,,Smoothie
TXN_9549381,Cake,1,3,3,Digital Wallet,In-store,11/23/2023,Cake,,,,Tea
TXN_5722123,Cake,4,3,12,Digital Wallet,Takeaway,11/23/2023,Cake,,,,Salad
TXN_8215595,Tea,2,1.5,3,Cash,,11/23/2023,Tea,,,,Coffee
TXN_4826214,Coffee,3,2,6,Digital Wallet,Takeaway,11/23/2023,Coffee,,,,Smoothie
TXN_5392630,Cake,5,3,15,Cash,Takeaway,11/23/2023,Cake,,,,Salad
TXN_3705669,Tea,2,1.5,3,ERROR,,11/23/2023,Tea,,,,Coffee
TXN_1721242,Smoothie,5,4,20,,In-store,11/23/2023,Smoothie,,,,Cake
TXN_3819085,Smoothie,1,4,4,,Takeaway,11/23/2023,Smoothie,,,,Smoothie
TXN_4107706,Salad,1,5,5,,In-store,11/23/2023,Salad,,,,Cake
TXN_5061600,Cake,3,3,9,,In-store,11/23/2023,Cake,,,,Cake
TXN_1128577,Smoothie,1,4,4,Digital Wallet,In-store,11/23/2023,Smoothie,,,,Cookie
TXN_1466002,Cake,3,3,9,,,11/23/2023,Cake,,,,Salad
TXN_8675052,Cookie,3,1,3,Credit Card,,11/23/2023,Cookie,,,,Tea
TXN_2205071,Coffee,5,2,10,Credit Card,In-store,11/23/2023,Coffee,,,,Cake
TXN_9464961,Smoothie,4,4,16,Cash,In-store,11/23/2023,Smoothie,,,,Coffee
TXN_8830264,Salad,1,5,5,Cash,ERROR,11/23/2023,Salad,,,,Cookie
TXN_9363711,Coffee,5,2,10,Digital Wallet,Takeaway,11/23/2023,Coffee,,,,Salad
TXN_3803063,Cake,4,3,12,Credit Card,Takeaway,11/23/2023,Cake,,,,Tea
TXN_4183705,Tea,2,1.5,3,Credit Card,In-store,11/23/2023,Tea,,,,Cake
TXN_2375919,Smoothie,3,4,12,,ERROR,11/23/2023,Smoothie,,,,Cake
TXN_4350798,Salad,1,5,5,Credit Card,In-store,11/23/2023,Salad,,,,Tea
TXN_4755623,Cake,3,3,9,Cash,,11/23/2023,Cake,,,,Smoothie
TXN_2738904,Smoothie,4,4,16,Digital Wallet,,11/23/2023,Smoothie,,,,Coffee
TXN_4339925,Cookie,1,1,1,Cash,Takeaway,11/23/2023,Cookie,,,,Cookie
TXN_1921262,Smoothie,2,4,8,ERROR,ERROR,11/24/2023,Smoothie,,,,Coffee
TXN_3152531,Coffee,3,2,6,Credit Card,UNKNOWN,11/24/2023,Coffee,,,,Smoothie
TXN_4987246,Cookie,3,1,3,Digital Wallet,Takeaway,11/24/2023,Cookie,,,,Smoothie
TXN_3244935,Salad,5,5,25,,Takeaway,11/24/2023,Salad,,,,Coffee
TXN_6131415,Tea,5,1.5,7.5,Digital Wallet,UNKNOWN,11/24/2023,Tea,,,,Cookie
TXN_2103018,Cake,5,3,15,Credit Card,In-store,11/24/2023,Cake,,,,Cake
TXN_8046057,Coffee,1,2,2,Credit Card,In-store,11/24/2023,Coffee,,,,Tea
TXN_4087571,Cookie,2,1,2,,,11/24/2023,Cookie,,,,Salad
TXN_8799945,Coffee,2,2,4,Cash,,11/24/2023,Coffee,,,,Cake
TXN_7308629,Salad,4,5,20,ERROR,Takeaway,11/24/2023,Salad,,,,Smoothie
TXN_9660030,Cake,5,3,15,Credit Card,In-store,11/24/2023,Cake,,,,Smoothie
TXN_3028667,Cake,2,3,6,,Takeaway,11/24/2023,Cake,,,,Cake
TXN_7495804,Cake,3,3,9,Credit Card,Takeaway,11/24/2023,Cake,,,,Tea
TXN_8505782,Cookie,2,1,2,,In-store,11/24/2023,Cookie,,,,Coffee
TXN_9644830,Cookie,1,1,1,,,11/24/2023,Cookie,,,,Coffee
TXN_3363746,Smoothie,3,4,12,Credit Card,,11/25/2023,Smoothie,,,,Cake
TXN_6541415,Cake,4,3,12,Cash,In-store,11/25/2023,Cake,,,,Smoothie
TXN_4283157,Salad,5,5,25,Digital Wallet,In-store,11/25/2023,Salad,,,,Cookie
TXN_8989148,Tea,2,1.5,3,,,11/25/2023,Tea,,,,Salad
TXN_2130483,Tea,4,1.5,6,Cash,,11/25/2023,Tea,,,,Cake
TXN_2392934,Coffee,2,2,4,,In-store,11/25/2023,Coffee,,,,Smoothie
TXN_7786214,Smoothie,1,4,4,Credit Card,,11/25/2023,Smoothie,,,,Cookie
TXN_1022523,Salad,4,5,20,Cash,In-store,11/25/2023,Salad,,,,Tea
TXN_3817784,Salad,1,5,5,,,11/25/2023,Salad,,,,Coffee
TXN_2828596,Coffee,2,2,4,,,11/25/2023,Coffee,,,,Salad
TXN_3845754,Tea,4,1.5,6,,Takeaway,11/25/2023,Tea,,,,Cookie
TXN_5390428,Cake,2,3,6,,In-store,11/25/2023,Cake,,,,Cake
TXN_9725461,Smoothie,3,4,12,Credit Card,In-store,11/25/2023,Smoothie,,,,Salad
TXN_1074435,Coffee,1,2,2,,In-store,11/25/2023,Coffee,,,,Smoothie
TXN_1912525,Smoothie,4,4,16,Cash,Takeaway,11/25/2023,Smoothie,,,,Smoothie
TXN_3105263,Smoothie,4,4,16,Credit Card,Takeaway,11/25/2023,Smoothie,,,,Tea
TXN_2028930,Cookie,2,1,2,Digital Wallet,,11/25/2023,Cookie,,,,Smoothie
TXN_2525207,Cookie,2,1,2,Digital Wallet,,11/25/2023,Cookie,,,,Smoothie
TXN_8398809,Tea,2,1.5,3,UNKNOWN,Takeaway,11/25/2023,Tea,,,,Salad
TXN_1086324,Cake,3,3,9,,In-store,11/25/2023,Cake,,,,Cake
TXN_6472656,Tea,3,1.5,4.5,Cash,Takeaway,11/25/2023,Tea,,,,Tea
TXN_2086896,Cake,4,3,12,Cash,Takeaway,11/25/2023,Cake,,,,Smoothie
TXN_5031020,Coffee,5,2,10,,,11/25/2023,Coffee,,,,Tea
TXN_8990101,Smoothie,5,4,20,,In-store,11/25/2023,Smoothie,,,,Smoothie
TXN_9549021,Salad,2,5,10,,,11/25/2023,Salad,,,,Cake
TXN_3655950,Cookie,1,1,1,,In-store,11/25/2023,Cookie,,,,Cookie
TXN_5784400,Cake,4,3,12,Digital Wallet,,11/25/2023,Cake,,,,Cookie
TXN_1512159,Cake,2,3,6,Credit Card,In-store,11/25/2023,Cake,,,,Coffee
TXN_6053617,Smoothie,2,4,8,Credit Card,,11/25/2023,Smoothie,,,,Tea
TXN_4008135,Cookie,5,1,5,Cash,Takeaway,11/25/2023,Cookie,,,,Cookie
TXN_1210058,Tea,5,1.5,7.5,,,11/25/2023,Tea,,,,Cake
TXN_4865338,Smoothie,4,4,16,,In-store,11/26/2023,Smoothie,,,,Salad
TXN_1436343,Cookie,1,1,1,Credit Card,In-store,11/26/2023,Cookie,,,,Cookie
TXN_6708156,Tea,5,1.5,7.5,Credit Card,,11/26/2023,Tea,,,,Cookie
TXN_6363897,Salad,5,5,25,Credit Card,Takeaway,11/26/2023,Salad,,,,Cookie
TXN_2450799,Tea,5,1.5,7.5,ERROR,UNKNOWN,11/26/2023,Tea,,,,Salad
TXN_6345733,Coffee,1,2,2,,In-store,11/26/2023,Coffee,,,,Cake
TXN_7797321,Smoothie,5,4,20,,,11/26/2023,Smoothie,,,,Cake
TXN_1218016,Tea,3,1.5,4.5,Digital Wallet,,11/26/2023,Tea,,,,Tea
TXN_4242676,Coffee,5,2,10,Credit Card,Takeaway,11/26/2023,Coffee,,,,Smoothie
TXN_7014091,Coffee,5,2,10,Cash,In-store,11/26/2023,Coffee,,,,Cookie
TXN_4897182,Cake,3,3,9,Cash,Takeaway,11/26/2023,Cake,,,,Cake
TXN_5496019,Cookie,5,1,5,Cash,In-store,11/26/2023,Cookie,,,,Salad
TXN_8402941,Cake,5,3,15,Credit Card,In-store,11/26/2023,Cake,,,,Salad
TXN_8019335,Smoothie,3,4,12,Digital Wallet,Takeaway,11/26/2023,Smoothie,,,,Tea
TXN_8655424,Cookie,2,1,2,,In-store,11/26/2023,Cookie,,,,Coffee
TXN_4035164,Cake,5,3,15,,In-store,11/26/2023,Cake,,,,Cake
TXN_9436342,Cake,4,3,12,Digital Wallet,In-store,11/26/2023,Cake,,,,Salad
TXN_3109057,Tea,4,1.5,6,Cash,,11/26/2023,Tea,,,,Salad
TXN_1419188,Cake,5,3,15,Credit Card,,11/26/2023,Cake,,,,Smoothie
TXN_6846861,Smoothie,4,4,16,,In-store,11/26/2023,Smoothie,,,,Tea
TXN_5426405,Tea,5,1.5,7.5,,In-store,11/26/2023,Tea,,,,Tea
TXN_2693278,Tea,3,1.5,4.5,,,11/26/2023,Tea,,,,Cake
TXN_3785049,Smoothie,4,4,16,,,11/26/2023,Smoothie,,,,Cake
TXN_9731999,Smoothie,4,4,16,,Takeaway,11/26/2023,Smoothie,,,,Smoothie
TXN_3608237,Salad,1,5,5,Digital Wallet,Takeaway,11/26/2023,Salad,,,,Salad
TXN_6915068,Cake,2,3,6,Cash,In-store,11/26/2023,Cake,,,,Smoothie
TXN_8003664,Smoothie,1,4,4,Credit Card,UNKNOWN,11/26/2023,Smoothie,,,,Salad
TXN_1888706,Cookie,1,1,1,,Takeaway,11/26/2023,Cookie,,,,Cookie
TXN_9989719,Smoothie,2,4,8,Credit Card,Takeaway,11/26/2023,Smoothie,,,,Smoothie
TXN_7598654,Coffee,3,2,6,Credit Card,,11/26/2023,Coffee,,,,Cookie
TXN_8318388,Cake,5,3,15,UNKNOWN,UNKNOWN,11/26/2023,Cake,,,,Salad
TXN_3696194,Salad,2,5,10,Credit Card,In-store,11/27/2023,Salad,,,,Salad
TXN_6105240,Cake,5,3,15,,In-store,11/27/2023,Cake,,,,Cake
TXN_2148444,Cake,2,3,6,Cash,,11/27/2023,Cake,,,,Cake
TXN_7127903,Coffee,5,2,10,,In-store,11/27/2023,Coffee,,,,Coffee
TXN_9657957,Smoothie,2,4,8,,,11/27/2023,Smoothie,,,,Cake
TXN_7211792,Tea,3,1.5,4.5,ERROR,Takeaway,11/27/2023,Tea,,,,Cake
TXN_6158865,Cookie,1,1,1,Digital Wallet,,11/27/2023,Cookie,,,,Cookie
TXN_8155325,Coffee,5,2,10,Digital Wallet,In-store,11/27/2023,Coffee,,,,Salad
TXN_5202349,Cookie,4,1,4,,In-store,11/27/2023,Cookie,,,,Smoothie
TXN_8936086,Smoothie,4,4,16,,In-store,11/27/2023,Smoothie,,,,Coffee
TXN_6958638,Tea,1,1.5,1.5,Digital Wallet,Takeaway,11/27/2023,Tea,,,,Tea
TXN_2726078,Coffee,3,2,6,Digital Wallet,,11/27/2023,Coffee,,,,Cookie
TXN_6948649,Tea,5,1.5,7.5,Cash,In-store,11/27/2023,Tea,,,,Cake
TXN_7089316,Tea,2,1.5,3,Cash,In-store,11/27/2023,Tea,,,,Smoothie
TXN_2920551,Smoothie,4,4,16,Credit Card,Takeaway,11/27/2023,Smoothie,,,,Cake
TXN_7463102,Smoothie,5,4,20,Cash,Takeaway,11/27/2023,Smoothie,,,,Coffee
TXN_9487384,Cake,1,3,3,Credit Card,,11/27/2023,Cake,,,,Cake
TXN_2141924,Salad,5,5,25,Cash,In-store,11/27/2023,Salad,,,,Cake
TXN_2716940,Coffee,1,2,2,,,11/27/2023,Coffee,,,,Coffee
TXN_2147448,Coffee,4,2,8,Credit Card,In-store,11/27/2023,Coffee,,,,Salad
TXN_2101934,Smoothie,4,4,16,Cash,In-store,11/27/2023,Smoothie,,,,Cake
TXN_9737509,Tea,5,1.5,7.5,Digital Wallet,In-store,11/27/2023,Tea,,,,Cookie
TXN_6097664,Salad,4,5,20,Digital Wallet,In-store,11/27/2023,Salad,,,,Smoothie
TXN_5014959,Cookie,2,1,2,Credit Card,In-store,11/28/2023,Cookie,,,,Cookie
TXN_2633600,Salad,5,5,25,Cash,Takeaway,11/28/2023,Salad,,,,Salad
TXN_3091582,Smoothie,5,4,20,,,11/28/2023,Smoothie,,,,Coffee
TXN_4773465,Coffee,5,2,10,Digital Wallet,Takeaway,11/28/2023,Coffee,,,,Coffee
TXN_7804488,Cookie,2,1,2,Digital Wallet,,11/28/2023,Cookie,,,,Cake
TXN_8620426,Cookie,3,1,3,Credit Card,Takeaway,11/28/2023,Cookie,,,,Salad
TXN_4296204,Salad,5,5,25,Digital Wallet,In-store,11/28/2023,Salad,,,,Cookie
TXN_7738013,Salad,5,5,25,Credit Card,Takeaway,11/28/2023,Salad,,,,Smoothie
TXN_7568316,Cake,2,3,6,Credit Card,,11/28/2023,Cake,,,,Tea
TXN_6995795,Salad,4,5,20,,In-store,11/28/2023,Salad,,,,Cake
TXN_3826298,Cookie,3,1,3,,,11/28/2023,Cookie,,,,Salad
TXN_2643748,Salad,3,5,15,Cash,,11/28/2023,Salad,,,,Smoothie
TXN_1559512,Cake,5,3,15,Credit Card,,11/28/2023,Cake,,,,Smoothie
TXN_9128859,Coffee,2,2,4,,Takeaway,11/28/2023,Coffee,,,,Smoothie
TXN_1228927,Tea,2,1.5,3,Credit Card,,11/28/2023,Tea,,,,Cookie
TXN_2422584,Tea,1,1.5,1.5,Cash,In-store,11/28/2023,Tea,,,,Cake
TXN_2496907,Coffee,2,2,4,Credit Card,,11/28/2023,Coffee,,,,Coffee
TXN_5000665,Cake,3,3,9,Digital Wallet,In-store,11/28/2023,Cake,,,,Cake
TXN_1231366,Smoothie,3,4,12,Digital Wallet,Takeaway,11/28/2023,Smoothie,,,,Smoothie
TXN_8039752,Coffee,2,2,4,,Takeaway,11/28/2023,Coffee,,,,Smoothie
TXN_2491186,Salad,5,5,25,,,11/28/2023,Salad,,,,Smoothie
TXN_4867316,Smoothie,1,4,4,Digital Wallet,,11/28/2023,Smoothie,,,,Smoothie
TXN_5018462,Smoothie,5,4,20,Cash,In-store,11/28/2023,Smoothie,,,,Salad
TXN_7661609,Cake,1,3,3,,In-store,11/29/2023,Cake,,,,Coffee
TXN_7444541,Salad,2,5,10,Cash,,11/29/2023,Salad,,,,Salad
TXN_1991104,Cake,2,3,6,Digital Wallet,Takeaway,11/29/2023,Cake,,,,Cake
TXN_5913013,Cookie,2,1,2,Credit Card,Takeaway,11/29/2023,Cookie,,,,Smoothie
TXN_8219519,Tea,5,1.5,7.5,,,11/29/2023,Tea,,,,Smoothie
TXN_5395229,Coffee,5,2,10,Cash,,11/29/2023,Coffee,,,,Smoothie
TXN_8313892,Salad,3,5,15,Credit Card,Takeaway,11/29/2023,Salad,,,,Cake
TXN_9202272,Smoothie,3,4,12,,,11/29/2023,Smoothie,,,,Cake
TXN_1783857,Coffee,2,2,4,Digital Wallet,In-store,11/29/2023,Coffee,,,,Coffee
TXN_9452261,Cake,5,3,15,,,11/29/2023,Cake,,,,Smoothie
TXN_3014261,Salad,4,5,20,Cash,In-store,11/29/2023,Salad,,,,Tea
TXN_9348801,Cake,1,3,3,,,11/29/2023,Cake,,,,Tea
TXN_6408024,Cookie,3,1,3,,In-store,11/29/2023,Cookie,,,,Salad
TXN_5962196,Smoothie,2,4,8,Cash,Takeaway,11/29/2023,Smoothie,,,,Tea
TXN_4432546,Coffee,2,2,4,Digital Wallet,UNKNOWN,11/29/2023,Coffee,,,,Cake
TXN_6383779,Coffee,1,2,2,,ERROR,11/29/2023,Coffee,,,,Cake
TXN_1577802,Cake,2,3,6,Credit Card,In-store,11/29/2023,Cake,,,,Coffee
TXN_3454881,Salad,1,5,5,Cash,In-store,11/29/2023,Salad,,,,Coffee
TXN_5402821,Salad,4,5,20,,,11/29/2023,Salad,,,,Smoothie
TXN_5433077,Cake,4,3,12,Cash,In-store,11/29/2023,Cake,,,,Cookie
TXN_4773210,Coffee,1,2,2,Credit Card,,11/29/2023,Coffee,,,,Cake
TXN_8654093,Coffee,3,2,6,Digital Wallet,UNKNOWN,11/29/2023,Coffee,,,,Salad
TXN_6778796,Cake,5,3,15,Cash,,11/29/2023,Cake,,,,Smoothie
TXN_8494583,Cookie,5,1,5,Credit Card,In-store,11/29/2023,Cookie,,,,Smoothie
TXN_8966400,Cake,5,3,15,Credit Card,Takeaway,11/29/2023,Cake,,,,Cake
TXN_8543211,Cake,3,3,9,,Takeaway,11/30/2023,Cake,,,,Tea
TXN_4548466,Tea,4,1.5,6,Credit Card,Takeaway,11/30/2023,Tea,,,,Cake
TXN_5455079,Salad,2,5,10,Cash,In-store,11/30/2023,Salad,,,,Smoothie
TXN_8767676,Smoothie,1,4,4,,,11/30/2023,Smoothie,,,,Cake
TXN_8103439,Smoothie,1,4,4,,Takeaway,11/30/2023,Smoothie,,,,Smoothie
TXN_9991468,Cake,4,3,12,Credit Card,,11/30/2023,Cake,,,,Cookie
TXN_4547995,Cake,3,3,9,Digital Wallet,,11/30/2023,Cake,,,,Cookie
TXN_8944175,Salad,3,5,15,Digital Wallet,,11/30/2023,Salad,,,,Tea
TXN_1694090,Coffee,4,2,8,Digital Wallet,,11/30/2023,Coffee,,,,Smoothie
TXN_2652800,Cake,4,3,12,Cash,,11/30/2023,Cake,,,,Smoothie
TXN_2851804,Coffee,3,2,6,,,11/30/2023,Coffee,,,,Cake
TXN_5353468,Tea,2,1.5,3,Credit Card,In-store,11/30/2023,Tea,,,,Cake
TXN_7811387,Cookie,5,1,5,Credit Card,Takeaway,11/30/2023,Cookie,,,,Smoothie
TXN_9811033,Cookie,3,1,3,Cash,Takeaway,11/30/2023,Cookie,,,,Cake
TXN_2356583,Smoothie,4,4,16,Digital Wallet,In-store,11/30/2023,Smoothie,,,,Coffee
TXN_1006942,Salad,1,5,5,Credit Card,In-store,11/30/2023,Salad,,,,Smoothie
TXN_1686323,Smoothie,4,4,16,Digital Wallet,In-store,11/30/2023,Smoothie,,,,Cake
TXN_4734216,Salad,3,5,15,Digital Wallet,In-store,11/30/2023,Salad,,,,Smoothie
TXN_9874192,Smoothie,3,4,12,,,11/30/2023,Smoothie,,,,Cookie
TXN_4986668,Cake,3,3,9,Digital Wallet,UNKNOWN,11/30/2023,Cake,,,,Coffee
TXN_1849406,Smoothie,5,4,20,Cash,In-store,11/30/2023,Smoothie,,,,Smoothie
TXN_9596023,Coffee,5,2,10,Digital Wallet,Takeaway,11/30/2023,Coffee,,,,Smoothie
TXN_2005032,Cookie,2,1,2,Digital Wallet,,11/30/2023,Cookie,,,,Tea
TXN_4155001,Smoothie,1,4,4,,,11/30/2023,Smoothie,,,,Salad
TXN_3386311,Cake,1,3,3,Cash,In-store,11/30/2023,Cake,,,,Salad
TXN_5425911,Smoothie,1,4,4,Digital Wallet,,11/30/2023,Smoothie,,,,Cake
TXN_5132361,Smoothie,3,4,12,Digital Wallet,Takeaway,12/1/2023,Smoothie,,,,Coffee
TXN_2062854,Smoothie,4,4,16,Digital Wallet,Takeaway,12/1/2023,Smoothie,,,,Smoothie
TXN_1243964,Tea,3,1.5,4.5,,Takeaway,12/1/2023,Tea,,,,Salad
TXN_4706042,Salad,5,5,25,,In-store,12/1/2023,Salad,,,,Salad
TXN_4041845,Cake,5,3,15,,,12/1/2023,Cake,,,,Smoothie
TXN_2605566,Cake,2,3,6,,,12/1/2023,Cake,,,,Salad
TXN_9690114,Coffee,2,2,4,Credit Card,Takeaway,12/1/2023,Coffee,,,,Coffee
TXN_8199524,Cake,5,3,15,Cash,ERROR,12/1/2023,Cake,,,,Smoothie
TXN_3114654,Cake,3,3,9,,In-store,12/1/2023,Cake,,,,Smoothie
TXN_9781961,Coffee,1,2,2,Credit Card,In-store,12/1/2023,Coffee,,,,Coffee
TXN_3518789,Coffee,2,2,4,Digital Wallet,Takeaway,12/1/2023,Coffee,,,,Cake
TXN_4849860,Tea,4,1.5,6,Credit Card,In-store,12/1/2023,Tea,,,,Cookie
TXN_9696138,Cake,3,3,9,,,12/1/2023,Cake,,,,Coffee
TXN_3373078,Smoothie,4,4,16,Digital Wallet,In-store,12/1/2023,Smoothie,,,,Salad
TXN_2055898,Tea,4,1.5,6,,,12/1/2023,Tea,,,,Smoothie
TXN_9262504,Smoothie,3,4,12,Credit Card,,12/1/2023,Smoothie,,,,Smoothie
TXN_3061405,Smoothie,5,4,20,,Takeaway,12/1/2023,Smoothie,,,,Tea
TXN_9833793,Cookie,1,1,1,,Takeaway,12/1/2023,Cookie,,,,Coffee
TXN_2536821,Salad,5,5,25,,Takeaway,12/1/2023,Salad,,,,Coffee
TXN_5820621,Cookie,5,1,5,,In-store,12/1/2023,Cookie,,,,Coffee
TXN_2841233,Cookie,1,1,1,Cash,Takeaway,12/1/2023,Cookie,,,,Cake
TXN_1602435,Smoothie,1,4,4,Cash,ERROR,12/1/2023,Smoothie,,,,Tea
TXN_5282804,Smoothie,1,4,4,Credit Card,,12/1/2023,Smoothie,,,,Tea
TXN_6397921,Smoothie,1,4,4,,In-store,12/1/2023,Smoothie,,,,Smoothie
TXN_2730798,Tea,4,1.5,6,Credit Card,,12/1/2023,Tea,,,,Cake
TXN_6272908,Cake,3,3,9,Cash,Takeaway,12/1/2023,Cake,,,,Smoothie
TXN_1190402,Cake,1,3,3,Credit Card,Takeaway,12/1/2023,Cake,,,,Smoothie
TXN_3649492,Salad,4,5,20,Digital Wallet,,12/1/2023,Salad,,,,Cake
TXN_4689500,Smoothie,4,4,16,,,12/2/2023,Smoothie,,,,Coffee
TXN_9759896,Tea,4,1.5,6,,UNKNOWN,12/2/2023,Tea,,,,Cake
TXN_1559313,Smoothie,2,4,8,Credit Card,,12/2/2023,Smoothie,,,,Coffee
TXN_8336656,Salad,5,5,25,Cash,Takeaway,12/2/2023,Salad,,,,Smoothie
TXN_3616362,Smoothie,5,4,20,Digital Wallet,In-store,12/2/2023,Smoothie,,,,Cookie
TXN_1525046,Smoothie,2,4,8,Cash,,12/2/2023,Smoothie,,,,Salad
TXN_7299015,Coffee,5,2,10,,Takeaway,12/2/2023,Coffee,,,,Tea
TXN_7294526,Smoothie,5,4,20,Digital Wallet,Takeaway,12/2/2023,Smoothie,,,,Coffee
TXN_7975760,Cake,3,3,9,Digital Wallet,In-store,12/2/2023,Cake,,,,Cookie
TXN_7595206,Smoothie,5,4,20,Credit Card,In-store,12/2/2023,Smoothie,,,,Coffee
TXN_4341764,Coffee,2,2,4,Cash,,12/2/2023,Coffee,,,,Salad
TXN_5350200,Smoothie,1,4,4,Cash,In-store,12/2/2023,Smoothie,,,,Cake
TXN_6264113,Coffee,4,2,8,,,12/2/2023,Coffee,,,,Smoothie
TXN_6413250,Salad,4,5,20,Cash,UNKNOWN,12/2/2023,Salad,,,,Smoothie
TXN_1856153,Coffee,5,2,10,Credit Card,,12/2/2023,Coffee,,,,Cake
TXN_7312736,Cookie,2,1,2,Digital Wallet,,12/2/2023,Cookie,,,,Coffee
TXN_3677109,Cake,5,3,15,Digital Wallet,,12/2/2023,Cake,,,,Cake
TXN_3858607,Salad,5,5,25,Digital Wallet,,12/2/2023,Salad,,,,Salad
TXN_4914203,Coffee,1,2,2,Credit Card,,12/2/2023,Coffee,,,,Cake
TXN_2978326,Smoothie,3,4,12,Cash,,12/2/2023,Smoothie,,,,Cake
TXN_2910247,Smoothie,4,4,16,Digital Wallet,,12/2/2023,Smoothie,,,,Smoothie
TXN_7383137,Coffee,2,2,4,Credit Card,In-store,12/2/2023,Coffee,,,,Salad
TXN_7687146,Coffee,1,2,2,Digital Wallet,Takeaway,12/2/2023,Coffee,,,,Smoothie
TXN_3689579,Smoothie,2,4,8,Digital Wallet,Takeaway,12/2/2023,Smoothie,,,,Smoothie
TXN_6637315,Cake,3,3,9,Cash,,12/2/2023,Cake,,,,Cookie
TXN_8131570,Salad,4,5,20,,In-store,12/2/2023,Salad,,,,Cake
TXN_7695629,Cookie,3,1,3,Digital Wallet,,12/2/2023,Cookie,,,,Smoothie
TXN_5997803,Coffee,5,2,10,,In-store,12/3/2023,Coffee,,,,Cake
TXN_3101575,Coffee,2,2,4,,Takeaway,12/3/2023,Coffee,,,,Salad
TXN_4491072,Smoothie,4,4,16,Credit Card,,12/3/2023,Smoothie,,,,Smoothie
TXN_8118419,Cake,3,3,9,,UNKNOWN,12/3/2023,Cake,,,,Cake
TXN_7606512,Cookie,5,1,5,Cash,,12/3/2023,Cookie,,,,Smoothie
TXN_6792445,Cake,3,3,9,Cash,ERROR,12/3/2023,Cake,,,,Coffee
TXN_4903004,Tea,4,1.5,6,Digital Wallet,In-store,12/3/2023,Tea,,,,Salad
TXN_1270603,Cake,4,3,12,Credit Card,Takeaway,12/3/2023,Cake,,,,Coffee
TXN_6627338,Cake,5,3,15,,Takeaway,12/3/2023,Cake,,,,Cookie
TXN_5355693,Smoothie,1,4,4,,,12/3/2023,Smoothie,,,,Cake
TXN_8266689,Cake,5,3,15,Cash,In-store,12/3/2023,Cake,,,,Cake
TXN_4152709,Smoothie,4,4,16,,,12/3/2023,Smoothie,,,,Smoothie
TXN_7975336,Tea,5,1.5,7.5,Credit Card,Takeaway,12/3/2023,Tea,,,,Salad
TXN_6416741,Coffee,4,2,8,Cash,,12/3/2023,Coffee,,,,Salad
TXN_5799196,Smoothie,3,4,12,Digital Wallet,,12/3/2023,Smoothie,,,,Cookie
TXN_3067195,Salad,3,5,15,Cash,,12/3/2023,Salad,,,,Smoothie
TXN_1634534,Cake,5,3,15,,,12/3/2023,Cake,,,,Smoothie
TXN_9399452,Cake,4,3,12,Credit Card,In-store,12/3/2023,Cake,,,,Cookie
TXN_3201783,Cake,3,3,9,UNKNOWN,,12/3/2023,Cake,,,,Salad
TXN_1443928,Cake,4,3,12,Cash,Takeaway,12/3/2023,Cake,,,,Coffee
TXN_5641209,Salad,3,5,15,,Takeaway,12/3/2023,Salad,,,,Cookie
TXN_8131537,Smoothie,2,4,8,Credit Card,,12/3/2023,Smoothie,,,,Tea
TXN_9042309,Coffee,2,2,4,Cash,,12/3/2023,Coffee,,,,Tea
TXN_7799711,Smoothie,5,4,20,Digital Wallet,Takeaway,12/3/2023,Smoothie,,,,Smoothie
TXN_6332405,Cake,3,3,9,Digital Wallet,Takeaway,12/3/2023,Cake,,,,Coffee
TXN_1396019,Coffee,4,2,8,Cash,In-store,12/3/2023,Coffee,,,,Tea
TXN_1770073,Cookie,2,1,2,,Takeaway,12/3/2023,Cookie,,,,Cookie
TXN_5010968,Smoothie,2,4,8,Digital Wallet,,12/3/2023,Smoothie,,,,Smoothie
TXN_3648160,Coffee,5,2,10,,Takeaway,12/3/2023,Coffee,,,,Cake
TXN_2764625,Tea,1,1.5,1.5,Cash,In-store,12/3/2023,Tea,,,,Salad
TXN_8932070,Smoothie,3,4,12,Digital Wallet,In-store,12/3/2023,Smoothie,,,,Coffee
TXN_1234097,Cookie,4,1,4,Cash,,12/4/2023,Cookie,,,,Salad
TXN_9081115,Cake,3,3,9,,,12/4/2023,Cake,,,,Coffee
TXN_2114258,Cookie,1,1,1,Digital Wallet,In-store,12/4/2023,Cookie,,,,Tea
TXN_6731518,Cookie,1,1,1,Digital Wallet,Takeaway,12/4/2023,Cookie,,,,Coffee
TXN_6386662,Salad,5,5,25,Credit Card,Takeaway,12/4/2023,Salad,,,,Cake
TXN_3203928,Coffee,3,2,6,,In-store,12/4/2023,Coffee,,,,Tea
TXN_3200203,Smoothie,2,4,8,,UNKNOWN,12/4/2023,Smoothie,,,,Cookie
TXN_6092344,Cookie,5,1,5,Credit Card,Takeaway,12/4/2023,Cookie,,,,Salad
TXN_9773606,Tea,2,1.5,3,Cash,Takeaway,12/4/2023,Tea,,,,Cookie
TXN_3131555,Smoothie,2,4,8,Cash,Takeaway,12/4/2023,Smoothie,,,,Tea
TXN_6388107,Cake,3,3,9,Digital Wallet,In-store,12/4/2023,Cake,,,,Tea
TXN_2827994,Cake,5,3,15,Digital Wallet,In-store,12/4/2023,Cake,,,,Salad
TXN_8236432,Salad,1,5,5,,,12/4/2023,Salad,,,,Salad
TXN_5749454,Cake,4,3,12,Digital Wallet,Takeaway,12/4/2023,Cake,,,,Coffee
TXN_1056256,Cake,4,3,12,UNKNOWN,In-store,12/4/2023,Cake,,,,Coffee
TXN_6324434,Coffee,4,2,8,Cash,Takeaway,12/4/2023,Coffee,,,,Smoothie
TXN_1853983,Tea,1,1.5,1.5,Cash,In-store,12/4/2023,Tea,,,,Cookie
TXN_6655017,Smoothie,4,4,16,Cash,Takeaway,12/4/2023,Smoothie,,,,Tea
TXN_9107842,Tea,2,1.5,3,,Takeaway,12/4/2023,Tea,,,,Smoothie
TXN_4528522,Coffee,5,2,10,Digital Wallet,Takeaway,12/4/2023,Coffee,,,,Smoothie
TXN_5103036,Cake,2,3,6,UNKNOWN,Takeaway,12/4/2023,Cake,,,,Cake
TXN_3043371,Smoothie,1,4,4,UNKNOWN,,12/4/2023,Smoothie,,,,Tea
TXN_4501915,Cake,4,3,12,Credit Card,Takeaway,12/4/2023,Cake,,,,Salad
TXN_8014289,Cake,5,3,15,Digital Wallet,In-store,12/4/2023,Cake,,,,Cake
TXN_3219378,Salad,3,5,15,Digital Wallet,In-store,12/4/2023,Salad,,,,Salad
TXN_1059293,Smoothie,5,4,20,UNKNOWN,,12/4/2023,Smoothie,,,,Cake
TXN_9344399,Cookie,2,1,2,UNKNOWN,,12/4/2023,Cookie,,,,Tea
TXN_4699706,Coffee,5,2,10,,In-store,12/4/2023,Coffee,,,,Cake
TXN_8379919,Cookie,3,1,3,Digital Wallet,,12/4/2023,Cookie,,,,Smoothie
TXN_2675174,Salad,2,5,10,,Takeaway,12/4/2023,Salad,,,,Cake
TXN_8614868,Smoothie,5,4,20,Digital Wallet,Takeaway,12/5/2023,Smoothie,,,,Cake
TXN_8716752,Cake,1,3,3,,In-store,12/5/2023,Cake,,,,Coffee
TXN_4479052,Salad,4,5,20,Digital Wallet,In-store,12/5/2023,Salad,,,,Coffee
TXN_7913451,Smoothie,5,4,20,Credit Card,,12/5/2023,Smoothie,,,,Cake
TXN_8997048,Cake,1,3,3,,In-store,12/5/2023,Cake,,,,Cake
TXN_6877186,Cookie,2,1,2,Credit Card,In-store,12/5/2023,Cookie,,,,Tea
TXN_4745094,Tea,5,1.5,7.5,Credit Card,,12/5/2023,Tea,,,,Smoothie
TXN_6549132,Salad,5,5,25,,,12/5/2023,Salad,,,,Coffee
TXN_5732615,Coffee,2,2,4,Cash,Takeaway,12/5/2023,Coffee,,,,Coffee
TXN_5618976,Coffee,2,2,4,Cash,Takeaway,12/5/2023,Coffee,,,,Cookie
TXN_9914747,Coffee,5,2,10,,,12/5/2023,Coffee,,,,Salad
TXN_2659832,Smoothie,3,4,12,Credit Card,ERROR,12/5/2023,Smoothie,,,,Smoothie
TXN_5026431,Smoothie,5,4,20,Cash,,12/5/2023,Smoothie,,,,Coffee
TXN_8855046,Cake,3,3,9,,Takeaway,12/5/2023,Cake,,,,Coffee
TXN_8141558,Cake,5,3,15,Credit Card,UNKNOWN,12/5/2023,Cake,,,,Cake
TXN_2522047,Salad,1,5,5,UNKNOWN,Takeaway,12/5/2023,Salad,,,,Tea
TXN_1640649,Cookie,4,1,4,,In-store,12/5/2023,Cookie,,,,Tea
TXN_2962728,Salad,4,5,20,Credit Card,,12/5/2023,Salad,,,,Salad
TXN_7667139,Smoothie,3,4,12,Credit Card,Takeaway,12/5/2023,Smoothie,,,,Coffee
TXN_9815454,Cake,5,3,15,Digital Wallet,,12/5/2023,Cake,,,,Salad
TXN_2210019,Smoothie,3,4,12,Cash,In-store,12/5/2023,Smoothie,,,,Cake
TXN_4038488,Cake,3,3,9,Credit Card,,12/5/2023,Cake,,,,Smoothie
TXN_9129403,Smoothie,3,4,12,Credit Card,,12/5/2023,Smoothie,,,,Coffee
TXN_7710078,Cake,2,3,6,Credit Card,Takeaway,12/5/2023,Cake,,,,Cake
TXN_2501648,Cake,2,3,6,Credit Card,UNKNOWN,12/5/2023,Cake,,,,Cookie
TXN_2368126,Cake,5,3,15,,In-store,12/6/2023,Cake,,,,Coffee
TXN_2643815,Cookie,3,1,3,ERROR,,12/6/2023,Cookie,,,,Cake
TXN_2498488,Smoothie,2,4,8,Digital Wallet,Takeaway,12/6/2023,Smoothie,,,,Coffee
TXN_2391446,Smoothie,3,4,12,,In-store,12/6/2023,Smoothie,,,,Smoothie
TXN_2660295,Cookie,3,1,3,,UNKNOWN,12/6/2023,Cookie,,,,Coffee
TXN_2009893,Smoothie,3,4,12,ERROR,,12/6/2023,Smoothie,,,,Tea
TXN_9390740,Cake,2,3,6,Cash,In-store,12/6/2023,Cake,,,,Cake
TXN_3115258,Salad,1,5,5,,Takeaway,12/6/2023,Salad,,,,Smoothie
TXN_9639025,Coffee,5,2,10,,,12/6/2023,Coffee,,,,Cake
TXN_6542877,Cake,1,3,3,,In-store,12/6/2023,Cake,,,,Smoothie
TXN_8777692,Coffee,4,2,8,Credit Card,In-store,12/6/2023,Coffee,,,,Salad
TXN_3061266,Cookie,4,1,4,Credit Card,In-store,12/6/2023,Cookie,,,,Smoothie
TXN_7785297,Cookie,3,1,3,Cash,,12/6/2023,Cookie,,,,Smoothie
TXN_1522430,Smoothie,3,4,12,Credit Card,,12/6/2023,Smoothie,,,,Coffee
TXN_3509437,Smoothie,4,4,16,,In-store,12/6/2023,Smoothie,,,,Smoothie
TXN_6269540,Smoothie,3,4,12,,,12/6/2023,Smoothie,,,,Cookie
TXN_5824950,Coffee,1,2,2,Credit Card,In-store,12/6/2023,Coffee,,,,Salad
TXN_8515063,Cookie,3,1,3,,Takeaway,12/6/2023,Cookie,,,,Coffee
TXN_7543921,Coffee,3,2,6,Cash,In-store,12/6/2023,Coffee,,,,Salad
TXN_9864890,Smoothie,3,4,12,,In-store,12/6/2023,Smoothie,,,,Smoothie
TXN_7160196,Smoothie,1,4,4,,In-store,12/6/2023,Smoothie,,,,Smoothie
TXN_8847610,Cake,3,3,9,Digital Wallet,Takeaway,12/6/2023,Cake,,,,Tea
TXN_3794410,Cake,4,3,12,Credit Card,,12/6/2023,Cake,,,,Salad
TXN_2221447,Cookie,1,1,1,Credit Card,In-store,12/6/2023,Cookie,,,,Salad
TXN_9952479,Smoothie,1,4,4,Digital Wallet,Takeaway,12/6/2023,Smoothie,,,,Tea
TXN_7105069,Coffee,1,2,2,Cash,Takeaway,12/6/2023,Coffee,,,,Salad
TXN_7947711,Salad,3,5,15,Digital Wallet,Takeaway,12/6/2023,Salad,,,,Smoothie
TXN_1392546,Cake,2,3,6,Digital Wallet,In-store,12/6/2023,Cake,,,,Coffee
TXN_8821579,Smoothie,4,4,16,,Takeaway,12/6/2023,Smoothie,,,,Smoothie
TXN_9826170,Cake,2,3,6,,,12/6/2023,Cake,,,,Tea
TXN_1065721,Smoothie,4,4,16,Cash,Takeaway,12/6/2023,Smoothie,,,,Tea
TXN_7110444,Salad,4,5,20,Cash,,12/7/2023,Salad,,,,Coffee
TXN_5386752,Salad,4,5,20,Digital Wallet,In-store,12/7/2023,Salad,,,,Smoothie
TXN_1792573,Smoothie,5,4,20,Cash,Takeaway,12/7/2023,Smoothie,,,,Tea
TXN_7391267,Cake,3,3,9,Digital Wallet,In-store,12/7/2023,Cake,,,,Smoothie
TXN_4698656,Smoothie,4,4,16,,,12/7/2023,Smoothie,,,,Coffee
TXN_4897993,Smoothie,4,4,16,,In-store,12/7/2023,Smoothie,,,,Cake
TXN_9816901,Coffee,2,2,4,Cash,ERROR,12/7/2023,Coffee,,,,Salad
TXN_3830605,Coffee,1,2,2,,Takeaway,12/7/2023,Coffee,,,,Cake
TXN_7454416,Tea,1,1.5,1.5,Credit Card,Takeaway,12/7/2023,Tea,,,,Smoothie
TXN_3171673,Smoothie,2,4,8,Digital Wallet,Takeaway,12/7/2023,Smoothie,,,,Coffee
TXN_7205370,Smoothie,4,4,16,Cash,,12/7/2023,Smoothie,,,,Cake
TXN_9731164,Salad,1,5,5,Cash,,12/7/2023,Salad,,,,Tea
TXN_1058466,Cookie,3,1,3,Digital Wallet,Takeaway,12/7/2023,Cookie,,,,Cake
TXN_2140056,Cookie,1,1,1,Digital Wallet,Takeaway,12/7/2023,Cookie,,,,Cookie
TXN_1208926,Cookie,4,1,4,Credit Card,In-store,12/7/2023,Cookie,,,,Smoothie
TXN_9608095,Coffee,1,2,2,Credit Card,In-store,12/7/2023,Coffee,,,,Coffee
TXN_3801179,Cake,2,3,6,Cash,In-store,12/7/2023,Cake,,,,Coffee
TXN_6433362,Cookie,2,1,2,Cash,In-store,12/7/2023,Cookie,,,,Smoothie
TXN_2102950,Coffee,5,2,10,Digital Wallet,Takeaway,12/7/2023,Coffee,,,,Tea
TXN_6217375,Smoothie,5,4,20,Cash,UNKNOWN,12/7/2023,Smoothie,,,,Salad
TXN_8571432,Cake,2,3,6,Cash,,12/7/2023,Cake,,,,Cake
TXN_1748121,Cake,2,3,6,,In-store,12/7/2023,Cake,,,,Salad
TXN_6044979,Cookie,1,1,1,Cash,In-store,12/8/2023,Cookie,,,,Smoothie
TXN_6908953,Tea,1,1.5,1.5,,In-store,12/8/2023,Tea,,,,Tea
TXN_4936135,Coffee,4,2,8,Cash,In-store,12/8/2023,Coffee,,,,Coffee
TXN_9224501,Salad,5,5,25,Credit Card,In-store,12/8/2023,Salad,,,,Cookie
TXN_1582958,Coffee,2,2,4,Cash,,12/8/2023,Coffee,,,,Cookie
TXN_2130415,Coffee,1,2,2,Digital Wallet,Takeaway,12/8/2023,Coffee,,,,Smoothie
TXN_3088330,Tea,5,1.5,7.5,Digital Wallet,In-store,12/8/2023,Tea,,,,Coffee
TXN_9007414,Cake,3,3,9,Cash,,12/8/2023,Cake,,,,Cake
TXN_5506907,Cookie,2,1,2,Cash,Takeaway,12/8/2023,Cookie,,,,Tea
TXN_4807037,Salad,5,5,25,Cash,In-store,12/8/2023,Salad,,,,Salad
TXN_7606965,Cake,5,3,15,Digital Wallet,In-store,12/8/2023,Cake,,,,Smoothie
TXN_8735820,Tea,2,1.5,3,Credit Card,Takeaway,12/8/2023,Tea,,,,Salad
TXN_5296083,Smoothie,3,4,12,,,12/8/2023,Smoothie,,,,Smoothie
TXN_7951885,Salad,3,5,15,Credit Card,,12/8/2023,Salad,,,,Smoothie
TXN_4991594,Smoothie,2,4,8,Credit Card,In-store,12/8/2023,Smoothie,,,,Smoothie
TXN_7102166,Coffee,4,2,8,,,12/8/2023,Coffee,,,,Salad
TXN_6897172,Coffee,4,2,8,Digital Wallet,,12/8/2023,Coffee,,,,Cake
TXN_4130343,Coffee,4,2,8,Credit Card,In-store,12/8/2023,Coffee,,,,Cake
TXN_4459351,Smoothie,5,4,20,Credit Card,,12/8/2023,Smoothie,,,,Cake
TXN_5064188,Smoothie,4,4,16,Credit Card,UNKNOWN,12/8/2023,Smoothie,,,,Coffee
TXN_9093708,Smoothie,3,4,12,Credit Card,In-store,12/8/2023,Smoothie,,,,Coffee
TXN_4485458,Smoothie,4,4,16,Cash,Takeaway,12/8/2023,Smoothie,,,,Smoothie
TXN_1401771,Smoothie,2,4,8,Cash,,12/8/2023,Smoothie,,,,Cookie
TXN_9196229,Smoothie,5,4,20,Credit Card,,12/8/2023,Smoothie,,,,Cookie
TXN_7326720,Cake,2,3,6,ERROR,In-store,12/8/2023,Cake,,,,Salad
TXN_6133115,Smoothie,5,4,20,,In-store,12/8/2023,Smoothie,,,,Cake
TXN_3748616,Coffee,2,2,4,Credit Card,In-store,12/9/2023,Coffee,,,,Coffee
TXN_8559167,Smoothie,5,4,20,UNKNOWN,Takeaway,12/9/2023,Smoothie,,,,Tea
TXN_7752124,Smoothie,3,4,12,Credit Card,UNKNOWN,12/9/2023,Smoothie,,,,Salad
TXN_7764154,Salad,2,5,10,Credit Card,Takeaway,12/9/2023,Salad,,,,Tea
TXN_6915192,Coffee,4,2,8,UNKNOWN,In-store,12/9/2023,Coffee,,,,Cookie
TXN_5396450,Cake,3,3,9,Digital Wallet,,12/9/2023,Cake,,,,Cake
TXN_7527954,Cake,4,3,12,,UNKNOWN,12/9/2023,Cake,,,,Cake
TXN_3528599,Cookie,1,1,1,,,12/9/2023,Cookie,,,,Tea
TXN_3291149,Coffee,5,2,10,,,12/9/2023,Coffee,,,,Tea
TXN_8528546,Cake,3,3,9,Cash,,12/9/2023,Cake,,,,Coffee
TXN_8417552,Coffee,1,2,2,ERROR,Takeaway,12/9/2023,Coffee,,,,Salad
TXN_7825638,Cake,4,3,12,ERROR,,12/9/2023,Cake,,,,Cake
TXN_8841996,Smoothie,2,4,8,,,12/9/2023,Smoothie,,,,Tea
TXN_6321174,Tea,4,1.5,6,Digital Wallet,,12/9/2023,Tea,,,,Cake
TXN_4634894,Coffee,1,2,2,,,12/9/2023,Coffee,,,,Cake
TXN_3312653,Cookie,5,1,5,Cash,Takeaway,12/9/2023,Cookie,,,,Salad
TXN_2988434,Cake,1,3,3,Digital Wallet,In-store,12/9/2023,Cake,,,,Cake
TXN_7469771,Cake,5,3,15,ERROR,,12/9/2023,Cake,,,,Cookie
TXN_4321368,Coffee,4,2,8,,Takeaway,12/9/2023,Coffee,,,,Coffee
TXN_9861432,Cookie,2,1,2,,Takeaway,12/9/2023,Cookie,,,,Coffee
TXN_6425706,Cake,1,3,3,,Takeaway,12/9/2023,Cake,,,,Cake
TXN_2474286,Cake,2,3,6,Digital Wallet,In-store,12/9/2023,Cake,,,,Smoothie
TXN_8250845,Cookie,1,1,1,Cash,,12/9/2023,Cookie,,,,Smoothie
TXN_6345619,Cake,5,3,15,Digital Wallet,Takeaway,12/9/2023,Cake,,,,Smoothie
TXN_7625537,Cake,3,3,9,,Takeaway,12/9/2023,Cake,,,,Salad
TXN_4891221,Cookie,5,1,5,,Takeaway,12/9/2023,Cookie,,,,Cake
TXN_3399674,Smoothie,5,4,20,Digital Wallet,ERROR,12/9/2023,Smoothie,,,,Cake
TXN_2007652,Cake,2,3,6,Digital Wallet,UNKNOWN,12/9/2023,Cake,,,,Cookie
TXN_4970127,Tea,1,1.5,1.5,Digital Wallet,In-store,12/9/2023,Tea,,,,Cake
TXN_3600632,Coffee,4,2,8,Cash,Takeaway,12/9/2023,Coffee,,,,Smoothie
TXN_2899889,Salad,2,5,10,,In-store,12/9/2023,Salad,,,,Coffee
TXN_1499346,Cake,5,3,15,,,12/9/2023,Cake,,,,Cookie
TXN_7963324,Coffee,3,2,6,,Takeaway,12/9/2023,Coffee,,,,Cake
TXN_2950680,Coffee,2,2,4,Credit Card,Takeaway,12/10/2023,Coffee,,,,Smoothie
TXN_5442610,Cake,2,3,6,ERROR,Takeaway,12/10/2023,Cake,,,,Cookie
TXN_4496665,Smoothie,2,4,8,Digital Wallet,Takeaway,12/10/2023,Smoothie,,,,Cake
TXN_5785600,Salad,5,5,25,Cash,In-store,12/10/2023,Salad,,,,Coffee
TXN_5313347,Cookie,2,1,2,Digital Wallet,Takeaway,12/10/2023,Cookie,,,,Cookie
TXN_5080934,Cake,3,3,9,Cash,Takeaway,12/10/2023,Cake,,,,Smoothie
TXN_7952916,Coffee,4,2,8,,,12/10/2023,Coffee,,,,Smoothie
TXN_8158986,Cookie,5,1,5,,In-store,12/10/2023,Cookie,,,,Cake
TXN_9254064,Coffee,2,2,4,Cash,Takeaway,12/10/2023,Coffee,,,,Cookie
TXN_7703185,Cake,1,3,3,Digital Wallet,Takeaway,12/10/2023,Cake,,,,Salad
TXN_5556328,Tea,5,1.5,7.5,Digital Wallet,In-store,12/10/2023,Tea,,,,Smoothie
TXN_7733300,Smoothie,2,4,8,Cash,Takeaway,12/10/2023,Smoothie,,,,Smoothie
TXN_5193568,Cake,3,3,9,Cash,,12/10/2023,Cake,,,,Cookie
TXN_9365447,Tea,2,1.5,3,Cash,,12/10/2023,Tea,,,,Smoothie
TXN_6395070,Smoothie,4,4,16,Credit Card,,12/10/2023,Smoothie,,,,Smoothie
TXN_3467985,Smoothie,3,4,12,Cash,Takeaway,12/10/2023,Smoothie,,,,Cake
TXN_5891724,Salad,5,5,25,Credit Card,,12/10/2023,Salad,,,,Salad
TXN_7375024,Cookie,1,1,1,Cash,In-store,12/10/2023,Cookie,,,,Tea
TXN_5135172,Salad,4,5,20,Digital Wallet,In-store,12/10/2023,Salad,,,,Smoothie
TXN_8437195,Cake,1,3,3,Cash,,12/10/2023,Cake,,,,Smoothie
TXN_1444479,Cake,1,3,3,Credit Card,,12/10/2023,Cake,,,,Cake
TXN_1998143,Cookie,1,1,1,Digital Wallet,In-store,12/10/2023,Cookie,,,,Salad
TXN_1485725,Salad,5,5,25,,In-store,12/10/2023,Salad,,,,Cake
TXN_1874601,Coffee,4,2,8,,,12/10/2023,Coffee,,,,Cake
TXN_7557340,Tea,5,1.5,7.5,Credit Card,In-store,12/11/2023,Tea,,,,Tea
TXN_4570711,Smoothie,4,4,16,Credit Card,In-store,12/11/2023,Smoothie,,,,Coffee
TXN_1154979,Coffee,3,2,6,Credit Card,In-store,12/11/2023,Coffee,,,,Cake
TXN_3689335,Cake,1,3,3,,Takeaway,12/11/2023,Cake,,,,Tea
TXN_6845472,Smoothie,5,4,20,Digital Wallet,,12/11/2023,Smoothie,,,,Tea
TXN_6047742,Smoothie,5,4,20,Digital Wallet,In-store,12/11/2023,Smoothie,,,,Smoothie
TXN_2096922,Coffee,3,2,6,Digital Wallet,Takeaway,12/11/2023,Coffee,,,,Smoothie
TXN_9997620,Cookie,2,1,2,Cash,,12/11/2023,Cookie,,,,Smoothie
TXN_3597806,Cookie,3,1,3,Credit Card,UNKNOWN,12/11/2023,Cookie,,,,Cake
TXN_2274702,Cookie,5,1,5,Credit Card,In-store,12/11/2023,Cookie,,,,Coffee
TXN_5285171,Smoothie,5,4,20,Cash,Takeaway,12/11/2023,Smoothie,,,,Coffee
TXN_7207901,Smoothie,2,4,8,Digital Wallet,In-store,12/11/2023,Smoothie,,,,Cake
TXN_9314690,Salad,2,5,10,Credit Card,UNKNOWN,12/11/2023,Salad,,,,Tea
TXN_2904046,Smoothie,1,4,4,Credit Card,In-store,12/11/2023,Smoothie,,,,Cake
TXN_7508715,Smoothie,2,4,8,Cash,In-store,12/11/2023,Smoothie,,,,Cake
TXN_3676632,Smoothie,4,4,16,Credit Card,,12/11/2023,Smoothie,,,,Tea
TXN_2944717,Cookie,2,1,2,Cash,,12/11/2023,Cookie,,,,Cake
TXN_9673685,Salad,1,5,5,Cash,In-store,12/11/2023,Salad,,,,Smoothie
TXN_8700451,Tea,5,1.5,7.5,Credit Card,Takeaway,12/12/2023,Tea,,,,Smoothie
TXN_7880148,Cake,3,3,9,Credit Card,Takeaway,12/12/2023,Cake,,,,Cookie
TXN_2482129,Cake,1,3,3,Cash,ERROR,12/12/2023,Cake,,,,Cake
TXN_7230500,Cake,3,3,9,Credit Card,,12/12/2023,Cake,,,,Cookie
TXN_5118667,Coffee,4,2,8,Cash,In-store,12/12/2023,Coffee,,,,Salad
TXN_6457997,Smoothie,1,4,4,Credit Card,,12/12/2023,Smoothie,,,,Cake
TXN_1752992,Coffee,3,2,6,,,12/12/2023,Coffee,,,,Smoothie
TXN_6257213,Cake,5,3,15,Cash,,12/12/2023,Cake,,,,Tea
TXN_8917822,Cake,2,3,6,Digital Wallet,,12/12/2023,Cake,,,,Salad
TXN_1488127,Tea,5,1.5,7.5,,Takeaway,12/12/2023,Tea,,,,Smoothie
TXN_9030656,Cake,5,3,15,Digital Wallet,Takeaway,12/12/2023,Cake,,,,Cake
TXN_8119542,Cookie,2,1,2,Digital Wallet,,12/12/2023,Cookie,,,,Cake
TXN_5148730,Cake,1,3,3,Cash,UNKNOWN,12/12/2023,Cake,,,,Cake
TXN_4677415,Cake,2,3,6,Digital Wallet,,12/12/2023,Cake,,,,Tea
TXN_7479695,Smoothie,5,4,20,Credit Card,,12/12/2023,Smoothie,,,,Coffee
TXN_2136226,Cake,2,3,6,Digital Wallet,In-store,12/12/2023,Cake,,,,Smoothie
TXN_5570967,Coffee,1,2,2,Credit Card,In-store,12/12/2023,Coffee,,,,Cake
TXN_8349096,Cookie,5,1,5,,,12/12/2023,Cookie,,,,Smoothie
TXN_9146123,Coffee,2,2,4,Digital Wallet,,12/12/2023,Coffee,,,,Tea
TXN_9575926,Smoothie,3,4,12,Credit Card,UNKNOWN,12/12/2023,Smoothie,,,,Coffee
TXN_7958992,Smoothie,3,4,12,UNKNOWN,UNKNOWN,12/13/2023,Smoothie,,,,Salad
TXN_7803615,Salad,3,5,15,Cash,In-store,12/13/2023,Salad,,,,Smoothie
TXN_8259257,Tea,2,1.5,3,,In-store,12/13/2023,Tea,,,,Cake
TXN_6899248,Cake,5,3,15,,,12/13/2023,Cake,,,,Tea
TXN_6991253,Cake,3,3,9,,In-store,12/13/2023,Cake,,,,Salad
TXN_3228558,Smoothie,2,4,8,Credit Card,,12/13/2023,Smoothie,,,,Cake
TXN_1454866,Smoothie,1,4,4,Digital Wallet,Takeaway,12/13/2023,Smoothie,,,,Smoothie
TXN_4048203,Smoothie,2,4,8,,Takeaway,12/13/2023,Smoothie,,,,Cookie
TXN_9468033,Cake,1,3,3,Credit Card,,12/13/2023,Cake,,,,Tea
TXN_1750875,Cake,3,3,9,,,12/13/2023,Cake,,,,Coffee
TXN_3324387,Smoothie,1,4,4,Credit Card,,12/13/2023,Smoothie,,,,Smoothie
TXN_2706461,Salad,3,5,15,Credit Card,ERROR,12/13/2023,Salad,,,,Coffee
TXN_1978687,Cake,2,3,6,,ERROR,12/13/2023,Cake,,,,Salad
TXN_5966744,Tea,3,1.5,4.5,,In-store,12/13/2023,Tea,,,,Salad
TXN_8061866,Salad,4,5,20,Cash,Takeaway,12/13/2023,Salad,,,,Cake
TXN_4932916,Coffee,1,2,2,,Takeaway,12/13/2023,Coffee,,,,Smoothie
TXN_4627457,Cake,3,3,9,,In-store,12/13/2023,Cake,,,,Salad
TXN_9668584,Cookie,2,1,2,Digital Wallet,,12/13/2023,Cookie,,,,Tea
TXN_8408353,Tea,1,1.5,1.5,Credit Card,UNKNOWN,12/13/2023,Tea,,,,Cake
TXN_1900620,Smoothie,2,4,8,Credit Card,ERROR,12/14/2023,Smoothie,,,,Cake
TXN_7993951,Tea,2,1.5,3,Digital Wallet,Takeaway,12/14/2023,Tea,,,,Tea
TXN_3282436,Salad,5,5,25,Credit Card,In-store,12/14/2023,Salad,,,,Coffee
TXN_7303706,Coffee,2,2,4,Cash,In-store,12/14/2023,Coffee,,,,Tea
TXN_7268366,Cake,5,3,15,,In-store,12/14/2023,Cake,,,,Tea
TXN_9253398,Smoothie,2,4,8,,Takeaway,12/14/2023,Smoothie,,,,Cake
TXN_4802389,Cake,2,3,6,,,12/14/2023,Cake,,,,Coffee
TXN_7573801,Cake,2,3,6,ERROR,In-store,12/14/2023,Cake,,,,Coffee
TXN_4222908,Cookie,1,1,1,,In-store,12/14/2023,Cookie,,,,Cake
TXN_9546951,Smoothie,4,4,16,,,12/14/2023,Smoothie,,,,Tea
TXN_4705417,Salad,5,5,25,Credit Card,Takeaway,12/14/2023,Salad,,,,Smoothie
TXN_6534833,Salad,4,5,20,Digital Wallet,In-store,12/14/2023,Salad,,,,Smoothie
TXN_1356599,Cookie,2,1,2,Cash,Takeaway,12/14/2023,Cookie,,,,Smoothie
TXN_6382322,Tea,3,1.5,4.5,Digital Wallet,In-store,12/14/2023,Tea,,,,Cookie
TXN_6677631,Tea,5,1.5,7.5,Digital Wallet,In-store,12/14/2023,Tea,,,,Smoothie
TXN_5743616,Cake,4,3,12,,UNKNOWN,12/14/2023,Cake,,,,Smoothie
TXN_3240077,Smoothie,4,4,16,Cash,,12/14/2023,Smoothie,,,,Smoothie
TXN_9761314,Smoothie,4,4,16,Credit Card,,12/14/2023,Smoothie,,,,Tea
TXN_8942747,Cookie,5,1,5,,Takeaway,12/14/2023,Cookie,,,,Cake
TXN_1046659,Smoothie,3,4,12,,Takeaway,12/14/2023,Smoothie,,,,Cake
TXN_3879052,Coffee,3,2,6,Credit Card,,12/14/2023,Coffee,,,,Coffee
TXN_5674503,Cake,3,3,9,ERROR,Takeaway,12/14/2023,Cake,,,,Cake
TXN_2858441,Smoothie,2,4,8,Credit Card,In-store,12/14/2023,Smoothie,,,,Coffee
TXN_3808639,Cake,2,3,6,Digital Wallet,Takeaway,12/15/2023,Cake,,,,Cookie
TXN_3871837,Tea,3,1.5,4.5,Digital Wallet,Takeaway,12/15/2023,Tea,,,,Cookie
TXN_2393500,Cake,1,3,3,Credit Card,In-store,12/15/2023,Cake,,,,Salad
TXN_3489940,Cookie,3,1,3,Credit Card,,12/15/2023,Cookie,,,,Smoothie
TXN_3380698,Coffee,3,2,6,Credit Card,Takeaway,12/15/2023,Coffee,,,,Salad
TXN_9278992,Smoothie,4,4,16,Cash,Takeaway,12/15/2023,Smoothie,,,,Tea
TXN_3071617,Cookie,4,1,4,Credit Card,,12/15/2023,Cookie,,,,Coffee
TXN_7688625,Coffee,1,2,2,Credit Card,In-store,12/15/2023,Coffee,,,,Cake
TXN_2878078,Cake,2,3,6,Digital Wallet,Takeaway,12/15/2023,Cake,,,,Salad
TXN_1730850,Cake,2,3,6,Cash,Takeaway,12/15/2023,Cake,,,,Smoothie
TXN_4227337,Tea,4,1.5,6,Digital Wallet,Takeaway,12/15/2023,Tea,,,,Cake
TXN_6682782,Cookie,5,1,5,Cash,In-store,12/15/2023,Cookie,,,,Cake
TXN_9206403,Cookie,1,1,1,,In-store,12/15/2023,Cookie,,,,Smoothie
TXN_5919038,Cookie,1,1,1,Credit Card,In-store,12/15/2023,Cookie,,,,Cake
TXN_1547717,Smoothie,5,4,20,,,12/15/2023,Smoothie,,,,Smoothie
TXN_5170047,Salad,4,5,20,Cash,,12/15/2023,Salad,,,,Cookie
TXN_7629728,Coffee,4,2,8,Digital Wallet,In-store,12/15/2023,Coffee,,,,Cake
TXN_1505837,Smoothie,3,4,12,Credit Card,In-store,12/15/2023,Smoothie,,,,Coffee
TXN_6135727,Cake,4,3,12,Digital Wallet,Takeaway,12/15/2023,Cake,,,,Smoothie
TXN_4442954,Coffee,2,2,4,Cash,,12/15/2023,Coffee,,,,Cookie
TXN_7562313,Cake,2,3,6,,ERROR,12/15/2023,Cake,,,,Salad
TXN_7387416,Cake,3,3,9,Cash,,12/15/2023,Cake,,,,Smoothie
TXN_5468153,Smoothie,5,4,20,Digital Wallet,In-store,12/15/2023,Smoothie,,,,Cookie
TXN_3162244,Smoothie,5,4,20,Digital Wallet,In-store,12/15/2023,Smoothie,,,,Cake
TXN_8276635,Smoothie,4,4,16,Digital Wallet,Takeaway,12/16/2023,Smoothie,,,,Coffee
TXN_3789752,Cake,3,3,9,Digital Wallet,Takeaway,12/16/2023,Cake,,,,Smoothie
TXN_1503602,Tea,5,1.5,7.5,Digital Wallet,,12/16/2023,Tea,,,,Cookie
TXN_9097641,Cake,4,3,12,Cash,Takeaway,12/16/2023,Cake,,,,Cake
TXN_8888153,Coffee,5,2,10,,ERROR,12/16/2023,Coffee,,,,Cake
TXN_4988665,Cake,1,3,3,Digital Wallet,Takeaway,12/16/2023,Cake,,,,Coffee
TXN_3915802,Coffee,3,2,6,Cash,Takeaway,12/16/2023,Coffee,,,,Salad
TXN_3190959,Tea,2,1.5,3,Credit Card,Takeaway,12/16/2023,Tea,,,,Tea
TXN_2972659,Tea,3,1.5,4.5,,,12/16/2023,Tea,,,,Salad
TXN_1256536,Salad,1,5,5,ERROR,Takeaway,12/16/2023,Salad,,,,Cookie
TXN_1943186,Salad,2,5,10,Cash,In-store,12/16/2023,Salad,,,,Coffee
TXN_7097699,Tea,4,1.5,6,,Takeaway,12/16/2023,Tea,,,,Cookie
TXN_2902289,Tea,5,1.5,7.5,Credit Card,In-store,12/16/2023,Tea,,,,Coffee
TXN_6021173,Cake,5,3,15,Cash,Takeaway,12/16/2023,Cake,,,,Smoothie
TXN_3222677,Smoothie,1,4,4,Digital Wallet,Takeaway,12/16/2023,Smoothie,,,,Cake
TXN_5968705,Smoothie,3,4,12,Credit Card,Takeaway,12/16/2023,Smoothie,,,,Smoothie
TXN_9626920,Tea,2,1.5,3,,In-store,12/16/2023,Tea,,,,Cake
TXN_5549522,Cake,5,3,15,Digital Wallet,Takeaway,12/16/2023,Cake,,,,Coffee
TXN_2495788,Cookie,2,1,2,Credit Card,Takeaway,12/16/2023,Cookie,,,,Cake
TXN_8436360,Cake,2,3,6,,,12/16/2023,Cake,,,,Smoothie
TXN_5492822,Coffee,4,2,8,Digital Wallet,Takeaway,12/16/2023,Coffee,,,,Salad
TXN_2547084,Smoothie,1,4,4,Cash,,12/16/2023,Smoothie,,,,Cake
TXN_4125871,Cake,4,3,12,,,12/16/2023,Cake,,,,Salad
TXN_8384699,Salad,3,5,15,,In-store,12/16/2023,Salad,,,,Salad
TXN_7815076,Cake,5,3,15,Cash,,12/16/2023,Cake,,,,Cake
TXN_9889005,Cake,3,3,9,UNKNOWN,,12/16/2023,Cake,,,,Cookie
TXN_8749404,Coffee,4,2,8,Digital Wallet,In-store,12/16/2023,Coffee,,,,Cake
TXN_3787265,Salad,1,5,5,Credit Card,In-store,12/16/2023,Salad,,,,Cookie
TXN_4693942,Smoothie,4,4,16,Cash,Takeaway,12/16/2023,Smoothie,,,,Cake
TXN_9076216,Cake,1,3,3,Cash,,12/17/2023,Cake,,,,Cake
TXN_6791398,Coffee,1,2,2,Credit Card,Takeaway,12/17/2023,Coffee,,,,Smoothie
TXN_5121322,Smoothie,3,4,12,UNKNOWN,In-store,12/17/2023,Smoothie,,,,Smoothie
TXN_5508573,Cake,1,3,3,,Takeaway,12/17/2023,Cake,,,,Salad
TXN_6989438,Smoothie,4,4,16,Cash,Takeaway,12/17/2023,Smoothie,,,,Coffee
TXN_5680238,Cake,5,3,15,,,12/17/2023,Cake,,,,Salad
TXN_5224275,Cookie,4,1,4,Credit Card,In-store,12/17/2023,Cookie,,,,Salad
TXN_8323012,Tea,3,1.5,4.5,Credit Card,,12/17/2023,Tea,,,,Salad
TXN_1574190,Smoothie,3,4,12,UNKNOWN,,12/17/2023,Smoothie,,,,Smoothie
TXN_9024186,Cake,2,3,6,Cash,Takeaway,12/17/2023,Cake,,,,Salad
TXN_4580084,Smoothie,5,4,20,Credit Card,Takeaway,12/17/2023,Smoothie,,,,Cookie
TXN_9391494,Coffee,1,2,2,,,12/17/2023,Coffee,,,,Coffee
TXN_5022805,Smoothie,1,4,4,Credit Card,Takeaway,12/17/2023,Smoothie,,,,Smoothie
TXN_9211917,Smoothie,4,4,16,,In-store,12/17/2023,Smoothie,,,,Smoothie
TXN_4152991,Smoothie,5,4,20,Digital Wallet,Takeaway,12/17/2023,Smoothie,,,,Cookie
TXN_8659575,Tea,2,1.5,3,Digital Wallet,,12/17/2023,Tea,,,,Salad
TXN_7223387,Cake,3,3,9,Cash,,12/17/2023,Cake,,,,Cake
TXN_4141765,Cake,5,3,15,,,12/17/2023,Cake,,,,Smoothie
TXN_4886990,Salad,3,5,15,,Takeaway,12/17/2023,Salad,,,,Cake
TXN_3880494,Smoothie,4,4,16,Cash,Takeaway,12/17/2023,Smoothie,,,,Salad
TXN_2201235,Tea,1,1.5,1.5,Digital Wallet,,12/17/2023,Tea,,,,Tea
TXN_2888655,Cookie,4,1,4,Digital Wallet,UNKNOWN,12/17/2023,Cookie,,,,Cookie
TXN_6087578,Tea,1,1.5,1.5,Credit Card,,12/17/2023,Tea,,,,Cake
TXN_1496962,Smoothie,5,4,20,,In-store,12/17/2023,Smoothie,,,,Cake
TXN_6219977,Cookie,2,1,2,Credit Card,,12/17/2023,Cookie,,,,Smoothie
TXN_2161372,Cake,1,3,3,Credit Card,Takeaway,12/17/2023,Cake,,,,Coffee
TXN_5931292,Smoothie,2,4,8,Credit Card,In-store,12/18/2023,Smoothie,,,,Smoothie
TXN_6035534,Salad,4,5,20,Credit Card,In-store,12/18/2023,Salad,,,,Cake
TXN_6983139,Salad,2,5,10,Credit Card,Takeaway,12/18/2023,Salad,,,,Coffee
TXN_2490185,Salad,4,5,20,Credit Card,In-store,12/18/2023,Salad,,,,Cake
TXN_6128966,Smoothie,3,4,12,,,12/18/2023,Smoothie,,,,Tea
TXN_9629541,Smoothie,5,4,20,Digital Wallet,,12/18/2023,Smoothie,,,,Coffee
TXN_6022618,Smoothie,1,4,4,Digital Wallet,In-store,12/18/2023,Smoothie,,,,Tea
TXN_1489746,Cookie,3,1,3,Digital Wallet,In-store,12/18/2023,Cookie,,,,Coffee
TXN_7801115,Tea,1,1.5,1.5,Cash,,12/18/2023,Tea,,,,Smoothie
TXN_6580743,Coffee,1,2,2,Digital Wallet,Takeaway,12/18/2023,Coffee,,,,Smoothie
TXN_9135433,Cookie,4,1,4,,In-store,12/18/2023,Cookie,,,,Tea
TXN_7805115,Smoothie,2,4,8,ERROR,,12/18/2023,Smoothie,,,,Cake
TXN_8934025,Cookie,2,1,2,,,12/18/2023,Cookie,,,,Cake
TXN_3918998,Coffee,5,2,10,Digital Wallet,Takeaway,12/18/2023,Coffee,,,,Smoothie
TXN_3136701,Smoothie,2,4,8,,In-store,12/18/2023,Smoothie,,,,Cake
TXN_4545512,Coffee,1,2,2,,Takeaway,12/18/2023,Coffee,,,,Cake
TXN_2790608,Cake,1,3,3,Cash,In-store,12/18/2023,Cake,,,,Cake
TXN_4383002,Coffee,1,2,2,,In-store,12/18/2023,Coffee,,,,Coffee
TXN_8076152,Tea,4,1.5,6,Digital Wallet,ERROR,12/18/2023,Tea,,,,Tea
TXN_7419274,Cake,2,3,6,Cash,Takeaway,12/18/2023,Cake,,,,Smoothie
TXN_4224401,Salad,3,5,15,Digital Wallet,In-store,12/18/2023,Salad,,,,Tea
TXN_3829375,Cake,5,3,15,Cash,,12/18/2023,Cake,,,,Smoothie
TXN_2944325,Smoothie,4,4,16,Cash,,12/18/2023,Smoothie,,,,Cookie
TXN_9938977,Cake,5,3,15,Cash,In-store,12/18/2023,Cake,,,,Smoothie
TXN_3421079,Smoothie,1,4,4,Credit Card,In-store,12/18/2023,Smoothie,,,,Coffee
TXN_9273729,Tea,1,1.5,1.5,,,12/19/2023,Tea,,,,Smoothie
TXN_5755839,Smoothie,3,4,12,Credit Card,UNKNOWN,12/19/2023,Smoothie,,,,Cookie
TXN_7604352,Coffee,3,2,6,,Takeaway,12/19/2023,Coffee,,,,Tea
TXN_1082421,Salad,1,5,5,Digital Wallet,In-store,12/19/2023,Salad,,,,Smoothie
TXN_7217537,Salad,3,5,15,Cash,In-store,12/19/2023,Salad,,,,Tea
TXN_2544176,Tea,3,1.5,4.5,,Takeaway,12/19/2023,Tea,,,,Salad
TXN_9429128,Coffee,4,2,8,Credit Card,In-store,12/19/2023,Coffee,,,,Cake
TXN_8006056,Cake,4,3,12,Credit Card,Takeaway,12/19/2023,Cake,,,,Cookie
TXN_4283360,Coffee,2,2,4,Credit Card,In-store,12/19/2023,Coffee,,,,Tea
TXN_3100053,Cake,3,3,9,Cash,In-store,12/19/2023,Cake,,,,Smoothie
TXN_7808032,Cookie,4,1,4,,Takeaway,12/19/2023,Cookie,,,,Smoothie
TXN_4390911,Salad,2,5,10,Digital Wallet,,12/19/2023,Salad,,,,Cake
TXN_5530097,Cake,2,3,6,Credit Card,Takeaway,12/19/2023,Cake,,,,Coffee
TXN_2985748,Coffee,3,2,6,,Takeaway,12/19/2023,Coffee,,,,Cookie
TXN_4619018,Cake,5,3,15,Digital Wallet,,12/19/2023,Cake,,,,Cake
TXN_8987697,Cookie,5,1,5,Cash,,12/19/2023,Cookie,,,,Smoothie
TXN_1398511,Coffee,5,2,10,,Takeaway,12/19/2023,Coffee,,,,Cookie
TXN_2153838,Tea,4,1.5,6,Digital Wallet,In-store,12/19/2023,Tea,,,,Coffee
TXN_1131785,Smoothie,1,4,4,Cash,,12/19/2023,Smoothie,,,,Cookie
TXN_9129298,Coffee,1,2,2,,,12/19/2023,Coffee,,,,Smoothie
TXN_3584252,Salad,2,5,10,Digital Wallet,Takeaway,12/19/2023,Salad,,,,Coffee
TXN_7153321,Salad,5,5,25,Credit Card,Takeaway,12/19/2023,Salad,,,,Smoothie
TXN_2132747,Smoothie,2,4,8,,In-store,12/19/2023,Smoothie,,,,Smoothie
TXN_5346027,Smoothie,2,4,8,,UNKNOWN,12/19/2023,Smoothie,,,,Salad
TXN_7359190,Salad,3,5,15,,,12/19/2023,Salad,,,,Smoothie
TXN_6169633,Salad,4,5,20,Credit Card,Takeaway,12/20/2023,Salad,,,,Cake
TXN_1655100,Cake,4,3,12,Credit Card,Takeaway,12/20/2023,Cake,,,,Smoothie
TXN_5840223,Tea,4,1.5,6,Cash,,12/20/2023,Tea,,,,Smoothie
TXN_9296807,Coffee,3,2,6,Credit Card,,12/20/2023,Coffee,,,,Cookie
TXN_4067814,Tea,5,1.5,7.5,Cash,,12/20/2023,Tea,,,,Coffee
TXN_5901180,Cookie,3,1,3,Digital Wallet,,12/20/2023,Cookie,,,,Smoothie
TXN_1893222,Smoothie,5,4,20,Credit Card,In-store,12/20/2023,Smoothie,,,,Coffee
TXN_7792996,Salad,4,5,20,Cash,,12/20/2023,Salad,,,,Tea
TXN_7997641,Smoothie,2,4,8,ERROR,In-store,12/20/2023,Smoothie,,,,Coffee
TXN_3327212,Tea,2,1.5,3,Credit Card,,12/20/2023,Tea,,,,Tea
TXN_8253046,Cake,1,3,3,ERROR,In-store,12/20/2023,Cake,,,,Smoothie
TXN_1900036,Cookie,1,1,1,UNKNOWN,,12/20/2023,Cookie,,,,Cake
TXN_5677927,Salad,5,5,25,Digital Wallet,,12/20/2023,Salad,,,,Smoothie
TXN_8383484,Cake,2,3,6,,,12/20/2023,Cake,,,,Cookie
TXN_2222893,Coffee,4,2,8,,Takeaway,12/20/2023,Coffee,,,,Smoothie
TXN_9616828,Coffee,2,2,4,Digital Wallet,Takeaway,12/20/2023,Coffee,,,,Coffee
TXN_6030518,Smoothie,3,4,12,ERROR,In-store,12/20/2023,Smoothie,,,,Tea
TXN_4007522,Cake,2,3,6,Cash,Takeaway,12/20/2023,Cake,,,,Cookie
TXN_8155446,Salad,3,5,15,Digital Wallet,Takeaway,12/20/2023,Salad,,,,Smoothie
TXN_5744797,Cake,1,3,3,Cash,In-store,12/20/2023,Cake,,,,Cookie
TXN_5846013,Tea,2,1.5,3,Digital Wallet,,12/20/2023,Tea,,,,Cake
TXN_4700144,Coffee,4,2,8,,In-store,12/21/2023,Coffee,,,,Cookie
TXN_4669664,Cookie,1,1,1,Digital Wallet,In-store,12/21/2023,Cookie,,,,Coffee
TXN_2163229,Cookie,4,1,4,Cash,Takeaway,12/21/2023,Cookie,,,,Smoothie
TXN_5792655,Cake,1,3,3,Digital Wallet,Takeaway,12/21/2023,Cake,,,,Coffee
TXN_5927884,Coffee,4,2,8,,ERROR,12/21/2023,Coffee,,,,Smoothie
TXN_7355635,Cake,3,3,9,,In-store,12/21/2023,Cake,,,,Salad
TXN_6066883,Cake,2,3,6,Credit Card,,12/21/2023,Cake,,,,Smoothie
TXN_9695128,Cake,1,3,3,Cash,In-store,12/21/2023,Cake,,,,Tea
TXN_2939667,Cake,1,3,3,,In-store,12/21/2023,Cake,,,,Smoothie
TXN_8188857,Cake,1,3,3,,,12/21/2023,Cake,,,,Tea
TXN_8173006,Salad,3,5,15,,Takeaway,12/21/2023,Salad,,,,Smoothie
TXN_2276722,Salad,2,5,10,Cash,Takeaway,12/21/2023,Salad,,,,Salad
TXN_9502077,Smoothie,3,4,12,,,12/21/2023,Smoothie,,,,Cookie
TXN_9672367,Cookie,2,1,2,,In-store,12/21/2023,Cookie,,,,Salad
TXN_5535579,Coffee,5,2,10,Cash,In-store,12/21/2023,Coffee,,,,Cookie
TXN_7343342,Cookie,2,1,2,Cash,Takeaway,12/21/2023,Cookie,,,,Coffee
TXN_7626322,Cake,4,3,12,Cash,Takeaway,12/21/2023,Cake,,,,Coffee
TXN_4359568,Coffee,3,2,6,,,12/21/2023,Coffee,,,,Smoothie
TXN_5680396,Smoothie,2,4,8,Digital Wallet,,12/21/2023,Smoothie,,,,Cake
TXN_9315004,Smoothie,5,4,20,Digital Wallet,In-store,12/21/2023,Smoothie,,,,Cookie
TXN_6011341,Cake,4,3,12,,In-store,12/21/2023,Cake,,,,Salad
TXN_3949676,Cake,4,3,12,Credit Card,In-store,12/21/2023,Cake,,,,Cake
TXN_6784478,Cookie,2,1,2,Credit Card,Takeaway,12/21/2023,Cookie,,,,Cookie
TXN_5132482,Cake,2,3,6,Digital Wallet,In-store,12/21/2023,Cake,,,,Smoothie
TXN_5618631,Coffee,5,2,10,Credit Card,In-store,12/21/2023,Coffee,,,,Cake
TXN_2271725,Smoothie,5,4,20,Cash,,12/21/2023,Smoothie,,,,Tea
TXN_2427584,Smoothie,4,4,16,,Takeaway,12/22/2023,Smoothie,,,,Smoothie
TXN_5107946,Cake,4,3,12,Credit Card,,12/22/2023,Cake,,,,Coffee
TXN_9065402,Salad,1,5,5,Cash,Takeaway,12/22/2023,Salad,,,,Salad
TXN_7558641,Coffee,1,2,2,Digital Wallet,In-store,12/22/2023,Coffee,,,,Cake
TXN_8006668,Tea,4,1.5,6,Credit Card,In-store,12/22/2023,Tea,,,,Smoothie
TXN_4427348,Cake,5,3,15,Cash,UNKNOWN,12/22/2023,Cake,,,,Cookie
TXN_4928254,Cake,1,3,3,Credit Card,UNKNOWN,12/22/2023,Cake,,,,Tea
TXN_8166394,Cake,4,3,12,Credit Card,,12/22/2023,Cake,,,,Cookie
TXN_5560205,Coffee,3,2,6,Cash,In-store,12/22/2023,Coffee,,,,Cake
TXN_1827212,Smoothie,5,4,20,ERROR,,12/22/2023,Smoothie,,,,Cookie
TXN_1336470,Tea,1,1.5,1.5,Cash,,12/22/2023,Tea,,,,Tea
TXN_6916853,Smoothie,5,4,20,Cash,,12/22/2023,Smoothie,,,,Salad
TXN_2212234,Cake,2,3,6,Cash,In-store,12/22/2023,Cake,,,,Cookie
TXN_6344003,Cake,1,3,3,,,12/22/2023,Cake,,,,Cookie
TXN_8937461,Cookie,5,1,5,Digital Wallet,,12/22/2023,Cookie,,,,Salad
TXN_1496038,Cake,4,3,12,,In-store,12/22/2023,Cake,,,,Tea
TXN_6699408,Cookie,5,1,5,Cash,Takeaway,12/22/2023,Cookie,,,,Tea
TXN_6476204,Smoothie,5,4,20,,Takeaway,12/22/2023,Smoothie,,,,Cake
TXN_7977951,Cake,5,3,15,,,12/22/2023,Cake,,,,Salad
TXN_7604622,Cake,4,3,12,Credit Card,,12/22/2023,Cake,,,,Cake
TXN_6817358,Smoothie,2,4,8,Credit Card,UNKNOWN,12/22/2023,Smoothie,,,,Smoothie
TXN_6183513,Cake,3,3,9,Digital Wallet,,12/22/2023,Cake,,,,Cake
TXN_9319656,Tea,5,1.5,7.5,,,12/22/2023,Tea,,,,Salad
TXN_6233021,Cake,5,3,15,Digital Wallet,Takeaway,12/22/2023,Cake,,,,Salad
TXN_2394502,Cookie,4,1,4,Digital Wallet,In-store,12/22/2023,Cookie,,,,Coffee
TXN_5951573,Salad,3,5,15,Cash,,12/22/2023,Salad,,,,Salad
TXN_2644403,Tea,4,1.5,6,ERROR,,12/22/2023,Tea,,,,Smoothie
TXN_4363360,Smoothie,1,4,4,Credit Card,,12/22/2023,Smoothie,,,,Smoothie
TXN_5536056,Smoothie,3,4,12,Digital Wallet,Takeaway,12/22/2023,Smoothie,,,,Coffee
TXN_4235472,Salad,5,5,25,,Takeaway,12/22/2023,Salad,,,,Smoothie
TXN_3041142,Smoothie,3,4,12,Digital Wallet,ERROR,12/22/2023,Smoothie,,,,Cookie
TXN_1927404,Cake,1,3,3,Digital Wallet,,12/22/2023,Cake,,,,Coffee
TXN_6234872,Smoothie,1,4,4,,ERROR,12/23/2023,Smoothie,,,,Cookie
TXN_1725926,Cake,5,3,15,Credit Card,,12/23/2023,Cake,,,,Cake
TXN_8300706,Salad,2,5,10,Digital Wallet,UNKNOWN,12/23/2023,Salad,,,,Smoothie
TXN_6290642,Coffee,4,2,8,UNKNOWN,Takeaway,12/23/2023,Coffee,,,,Cake
TXN_4301188,Smoothie,4,4,16,Credit Card,In-store,12/23/2023,Smoothie,,,,Cookie
TXN_5486886,Smoothie,1,4,4,,,12/23/2023,Smoothie,,,,Coffee
TXN_7403839,Coffee,1,2,2,,,12/23/2023,Coffee,,,,Cake
TXN_8810001,Smoothie,5,4,20,Digital Wallet,Takeaway,12/23/2023,Smoothie,,,,Smoothie
TXN_7022398,Smoothie,4,4,16,,,12/23/2023,Smoothie,,,,Salad
TXN_8837131,Smoothie,3,4,12,Digital Wallet,In-store,12/23/2023,Smoothie,,,,Smoothie
TXN_7515290,Smoothie,3,4,12,Digital Wallet,,12/23/2023,Smoothie,,,,Salad
TXN_8851113,Tea,3,1.5,4.5,Digital Wallet,,12/23/2023,Tea,,,,Cookie
TXN_8425085,Cake,1,3,3,Credit Card,,12/23/2023,Cake,,,,Coffee
TXN_8331542,Salad,4,5,20,,In-store,12/23/2023,Salad,,,,Cake
TXN_9603912,Cake,5,3,15,UNKNOWN,,12/23/2023,Cake,,,,Cake
TXN_5029643,Tea,2,1.5,3,Digital Wallet,In-store,12/23/2023,Tea,,,,Coffee
TXN_8385625,Tea,4,1.5,6,Digital Wallet,Takeaway,12/23/2023,Tea,,,,Coffee
TXN_6096492,Smoothie,5,4,20,UNKNOWN,Takeaway,12/23/2023,Smoothie,,,,Cake
TXN_7232524,Cookie,3,1,3,Cash,In-store,12/23/2023,Cookie,,,,Salad
TXN_2250898,Smoothie,3,4,12,Credit Card,,12/23/2023,Smoothie,,,,Smoothie
TXN_2771512,Cake,4,3,12,Digital Wallet,Takeaway,12/23/2023,Cake,,,,Coffee
TXN_2265329,Cake,5,3,15,Credit Card,,12/23/2023,Cake,,,,Coffee
TXN_7438831,Coffee,5,2,10,ERROR,,12/24/2023,Coffee,,,,Tea
TXN_4769307,Tea,5,1.5,7.5,Digital Wallet,,12/24/2023,Tea,,,,Smoothie
TXN_3481470,Salad,4,5,20,Credit Card,In-store,12/24/2023,Salad,,,,Tea
TXN_5780615,Smoothie,3,4,12,Cash,,12/24/2023,Smoothie,,,,Cookie
TXN_1663113,Smoothie,4,4,16,Credit Card,Takeaway,12/24/2023,Smoothie,,,,Smoothie
TXN_3713626,Smoothie,2,4,8,Cash,,12/24/2023,Smoothie,,,,Smoothie
TXN_3893480,Cookie,3,1,3,,,12/24/2023,Cookie,,,,Salad
TXN_7620397,Cookie,4,1,4,ERROR,,12/24/2023,Cookie,,,,Salad
TXN_5353855,Smoothie,3,4,12,Credit Card,Takeaway,12/24/2023,Smoothie,,,,Coffee
TXN_6273703,Tea,2,1.5,3,Credit Card,,12/24/2023,Tea,,,,Cake
TXN_2152670,Tea,3,1.5,4.5,Credit Card,In-store,12/24/2023,Tea,,,,Cookie
TXN_9649878,Cake,5,3,15,Cash,,12/24/2023,Cake,,,,Salad
TXN_5664982,Tea,5,1.5,7.5,Digital Wallet,In-store,12/24/2023,Tea,,,,Smoothie
TXN_4076392,Coffee,3,2,6,,In-store,12/24/2023,Coffee,,,,Coffee
TXN_8632653,Cake,2,3,6,ERROR,In-store,12/24/2023,Cake,,,,Cake
TXN_7656770,Coffee,1,2,2,Credit Card,,12/24/2023,Coffee,,,,Smoothie
TXN_7677750,Tea,2,1.5,3,Cash,Takeaway,12/24/2023,Tea,,,,Smoothie
TXN_7398884,Smoothie,3,4,12,,Takeaway,12/24/2023,Smoothie,,,,Cookie
TXN_7670699,Cake,1,3,3,Cash,In-store,12/24/2023,Cake,,,,Salad
TXN_6028915,Smoothie,5,4,20,Cash,In-store,12/24/2023,Smoothie,,,,Cookie
TXN_3480562,Coffee,5,2,10,,,12/24/2023,Coffee,,,,Cake
TXN_4255116,Cake,4,3,12,Credit Card,In-store,12/24/2023,Cake,,,,Cake
TXN_3059966,Smoothie,1,4,4,Digital Wallet,In-store,12/24/2023,Smoothie,,,,Cake
TXN_5473680,Coffee,3,2,6,Credit Card,Takeaway,12/24/2023,Coffee,,,,Cake
TXN_3987718,Tea,4,1.5,6,,,12/24/2023,Tea,,,,Salad
TXN_3288233,Cake,5,3,15,Cash,,12/24/2023,Cake,,,,Cookie
TXN_6496379,Smoothie,1,4,4,Cash,Takeaway,12/24/2023,Smoothie,,,,Cake
TXN_6187752,Smoothie,5,4,20,,Takeaway,12/24/2023,Smoothie,,,,Tea
TXN_2264883,Cake,2,3,6,Credit Card,Takeaway,12/24/2023,Cake,,,,Coffee
TXN_4966750,Cookie,3,1,3,Digital Wallet,In-store,12/24/2023,Cookie,,,,Smoothie
TXN_4663529,Smoothie,5,4,20,Digital Wallet,ERROR,12/24/2023,Smoothie,,,,Tea
TXN_2562041,Cake,5,3,15,Cash,Takeaway,12/24/2023,Cake,,,,Cake
TXN_5981429,Cake,2,3,6,Digital Wallet,,12/24/2023,Cake,,,,Smoothie
TXN_2178964,Tea,4,1.5,6,Cash,Takeaway,12/25/2023,Tea,,,,Cake
TXN_6011884,Tea,5,1.5,7.5,UNKNOWN,,12/25/2023,Tea,,,,Cookie
TXN_5245399,Coffee,5,2,10,,,12/25/2023,Coffee,,,,Tea
TXN_8753888,Cookie,4,1,4,Credit Card,Takeaway,12/25/2023,Cookie,,,,Coffee
TXN_8700156,Tea,4,1.5,6,Credit Card,In-store,12/25/2023,Tea,,,,Cake
TXN_3247340,Tea,3,1.5,4.5,Cash,Takeaway,12/25/2023,Tea,,,,Cookie
TXN_1938071,Smoothie,4,4,16,Credit Card,In-store,12/25/2023,Smoothie,,,,Cake
TXN_8913492,Smoothie,4,4,16,Credit Card,In-store,12/25/2023,Smoothie,,,,Smoothie
TXN_9944832,Coffee,3,2,6,,,12/25/2023,Coffee,,,,Smoothie
TXN_4266069,Coffee,1,2,2,,,12/25/2023,Coffee,,,,Tea
TXN_3976744,Cake,1,3,3,Cash,,12/25/2023,Cake,,,,Salad
TXN_2737300,Cake,1,3,3,,In-store,12/25/2023,Cake,,,,Smoothie
TXN_3067609,Salad,4,5,20,Cash,,12/25/2023,Salad,,,,Cookie
TXN_6119612,Cake,3,3,9,Cash,,12/25/2023,Cake,,,,Smoothie
TXN_1751183,Smoothie,5,4,20,Credit Card,,12/25/2023,Smoothie,,,,Cookie
TXN_3884995,Cake,5,3,15,Cash,In-store,12/25/2023,Cake,,,,Cake
TXN_9121676,Smoothie,4,4,16,,,12/25/2023,Smoothie,,,,Smoothie
TXN_8172333,Cookie,4,1,4,Credit Card,,12/25/2023,Cookie,,,,Tea
TXN_5671075,Tea,5,1.5,7.5,Cash,In-store,12/25/2023,Tea,,,,Tea
TXN_7068361,Cake,5,3,15,Credit Card,,12/25/2023,Cake,,,,Smoothie
TXN_2049313,Tea,4,1.5,6,Credit Card,,12/25/2023,Tea,,,,Smoothie
TXN_9839214,Cake,1,3,3,Digital Wallet,,12/25/2023,Cake,,,,Cookie
TXN_3509609,Smoothie,3,4,12,Digital Wallet,Takeaway,12/25/2023,Smoothie,,,,Cake
TXN_3485502,Cake,2,3,6,,,12/25/2023,Cake,,,,Salad
TXN_9579984,Salad,5,5,25,Credit Card,,12/25/2023,Salad,,,,Cake
TXN_4679083,Cake,5,3,15,,Takeaway,12/25/2023,Cake,,,,Cake
TXN_1627038,Cake,4,3,12,,Takeaway,12/25/2023,Cake,,,,Coffee
TXN_4663299,Smoothie,4,4,16,Digital Wallet,In-store,12/26/2023,Smoothie,,,,Cookie
TXN_6178152,Tea,5,1.5,7.5,,ERROR,12/26/2023,Tea,,,,Salad
TXN_3330687,Cake,5,3,15,Cash,In-store,12/26/2023,Cake,,,,Smoothie
TXN_8366002,Smoothie,2,4,8,Credit Card,,12/26/2023,Smoothie,,,,Salad
TXN_9565465,Tea,3,1.5,4.5,Credit Card,In-store,12/26/2023,Tea,,,,Smoothie
TXN_2408294,Smoothie,4,4,16,Digital Wallet,In-store,12/26/2023,Smoothie,,,,Coffee
TXN_6110009,Cake,5,3,15,,Takeaway,12/26/2023,Cake,,,,Smoothie
TXN_5982786,Cake,4,3,12,Credit Card,In-store,12/26/2023,Cake,,,,Tea
TXN_9817602,Smoothie,2,4,8,Credit Card,Takeaway,12/26/2023,Smoothie,,,,Cake
TXN_9362728,Smoothie,1,4,4,,In-store,12/26/2023,Smoothie,,,,Cake
TXN_7089466,Cookie,4,1,4,,,12/26/2023,Cookie,,,,Smoothie
TXN_5125382,Coffee,1,2,2,Digital Wallet,In-store,12/26/2023,Coffee,,,,Cake
TXN_1205522,Cake,5,3,15,,In-store,12/26/2023,Cake,,,,Cake
TXN_3185667,Tea,5,1.5,7.5,Digital Wallet,,12/26/2023,Tea,,,,Smoothie
TXN_3480278,Smoothie,4,4,16,Digital Wallet,In-store,12/26/2023,Smoothie,,,,Cake
TXN_7749759,Tea,1,1.5,1.5,Digital Wallet,In-store,12/26/2023,Tea,,,,Smoothie
TXN_9630958,Smoothie,5,4,20,Digital Wallet,In-store,12/26/2023,Smoothie,,,,Cake
TXN_4894647,Salad,2,5,10,Cash,Takeaway,12/26/2023,Salad,,,,Cake
TXN_5007051,Salad,2,5,10,Digital Wallet,,12/26/2023,Salad,,,,Smoothie
TXN_2903973,Cake,2,3,6,Credit Card,Takeaway,12/26/2023,Cake,,,,Cookie
TXN_9286960,Cookie,3,1,3,Cash,,12/26/2023,Cookie,,,,Cake
TXN_2146829,Salad,4,5,20,Cash,,12/26/2023,Salad,,,,Smoothie
TXN_4793771,Cake,4,3,12,Cash,,12/26/2023,Cake,,,,Cookie
TXN_6128086,Tea,4,1.5,6,Digital Wallet,Takeaway,12/26/2023,Tea,,,,Smoothie
TXN_4483585,Smoothie,5,4,20,,Takeaway,12/26/2023,Smoothie,,,,Coffee
TXN_7641606,Coffee,3,2,6,Credit Card,Takeaway,12/26/2023,Coffee,,,,Tea
TXN_1714274,Cookie,4,1,4,,In-store,12/27/2023,Cookie,,,,Cake
TXN_5047447,Salad,1,5,5,Digital Wallet,Takeaway,12/27/2023,Salad,,,,Cookie
TXN_3666858,Cake,4,3,12,Credit Card,In-store,12/27/2023,Cake,,,,Cookie
TXN_6555617,Salad,2,5,10,Digital Wallet,Takeaway,12/27/2023,Salad,,,,Salad
TXN_8685846,Tea,5,1.5,7.5,Credit Card,,12/27/2023,Tea,,,,Cookie
TXN_2347596,Cake,4,3,12,Credit Card,,12/27/2023,Cake,,,,Coffee
TXN_2628941,Smoothie,1,4,4,,In-store,12/27/2023,Smoothie,,,,Coffee
TXN_3484190,Coffee,5,2,10,Digital Wallet,,12/27/2023,Coffee,,,,Cake
TXN_2559288,Salad,4,5,20,Credit Card,,12/27/2023,Salad,,,,Tea
TXN_8571836,Cake,3,3,9,Cash,ERROR,12/27/2023,Cake,,,,Salad
TXN_2160119,Smoothie,5,4,20,Cash,,12/27/2023,Smoothie,,,,Smoothie
TXN_2216532,Tea,3,1.5,4.5,Cash,ERROR,12/27/2023,Tea,,,,Salad
TXN_8640655,Coffee,3,2,6,,UNKNOWN,12/27/2023,Coffee,,,,Coffee
TXN_1247244,Smoothie,1,4,4,Digital Wallet,In-store,12/27/2023,Smoothie,,,,Tea
TXN_3431526,Cookie,3,1,3,Credit Card,Takeaway,12/27/2023,Cookie,,,,Cake
TXN_3840523,Smoothie,2,4,8,Credit Card,,12/27/2023,Smoothie,,,,Cookie
TXN_4824519,Smoothie,5,4,20,,,12/27/2023,Smoothie,,,,Tea
TXN_4216055,Cookie,5,1,5,Digital Wallet,,12/27/2023,Cookie,,,,Cake
TXN_6259087,Smoothie,2,4,8,Digital Wallet,In-store,12/27/2023,Smoothie,,,,Tea
TXN_8566499,Salad,5,5,25,Digital Wallet,In-store,12/27/2023,Salad,,,,Smoothie
TXN_2245465,Salad,2,5,10,Digital Wallet,,12/27/2023,Salad,,,,Smoothie
TXN_2393219,Cake,4,3,12,Digital Wallet,In-store,12/27/2023,Cake,,,,Cookie
TXN_8348710,Coffee,1,2,2,Cash,In-store,12/27/2023,Coffee,,,,Tea
TXN_4334932,Coffee,2,2,4,ERROR,In-store,12/27/2023,Coffee,,,,Salad
TXN_4358673,Cookie,5,1,5,Digital Wallet,Takeaway,12/28/2023,Cookie,,,,Smoothie
TXN_9096052,Smoothie,4,4,16,Credit Card,Takeaway,12/28/2023,Smoothie,,,,Smoothie
TXN_2108486,Cake,4,3,12,Digital Wallet,Takeaway,12/28/2023,Cake,,,,Cookie
TXN_7484682,Cake,1,3,3,Cash,,12/28/2023,Cake,,,,Smoothie
TXN_3265596,Tea,1,1.5,1.5,Cash,,12/28/2023,Tea,,,,Cake
TXN_9834415,Cookie,2,1,2,Credit Card,In-store,12/28/2023,Cookie,,,,Salad
TXN_2544724,Cake,5,3,15,Digital Wallet,Takeaway,12/28/2023,Cake,,,,Coffee
TXN_9639317,Cake,3,3,9,Cash,,12/28/2023,Cake,,,,Smoothie
TXN_3488590,Cookie,2,1,2,Credit Card,Takeaway,12/28/2023,Cookie,,,,Tea
TXN_1635137,Cake,2,3,6,Cash,,12/28/2023,Cake,,,,Smoothie
TXN_9278090,Cake,5,3,15,Credit Card,,12/28/2023,Cake,,,,Tea
TXN_9565246,Coffee,5,2,10,Cash,UNKNOWN,12/28/2023,Coffee,,,,Cookie
TXN_6805091,Smoothie,2,4,8,Cash,ERROR,12/28/2023,Smoothie,,,,Smoothie
TXN_8091357,Coffee,1,2,2,Cash,UNKNOWN,12/28/2023,Coffee,,,,Cake
TXN_9841397,Coffee,4,2,8,Cash,In-store,12/28/2023,Coffee,,,,Cookie
TXN_7728415,Tea,5,1.5,7.5,Credit Card,In-store,12/28/2023,Tea,,,,Cake
TXN_3882139,Smoothie,4,4,16,,UNKNOWN,12/28/2023,Smoothie,,,,Cake
TXN_1328953,Smoothie,3,4,12,,,12/28/2023,Smoothie,,,,Smoothie
TXN_2474395,Smoothie,4,4,16,Digital Wallet,Takeaway,12/28/2023,Smoothie,,,,Tea
TXN_3951329,Smoothie,1,4,4,Credit Card,Takeaway,12/28/2023,Smoothie,,,,Cake
TXN_2375667,Salad,1,5,5,Cash,,12/28/2023,Salad,,,,Cake
TXN_1524626,Smoothie,2,4,8,Digital Wallet,,12/29/2023,Smoothie,,,,Smoothie
TXN_2265316,Cookie,3,1,3,Credit Card,In-store,12/29/2023,Cookie,,,,Coffee
TXN_8354174,Coffee,3,2,6,Credit Card,ERROR,12/29/2023,Coffee,,,,Tea
TXN_6565955,Coffee,3,2,6,Digital Wallet,In-store,12/29/2023,Coffee,,,,Cake
TXN_1757340,Cake,2,3,6,Credit Card,In-store,12/29/2023,Cake,,,,Smoothie
TXN_3835043,Cake,2,3,6,Cash,,12/29/2023,Cake,,,,Cake
TXN_2553803,Cake,1,3,3,Cash,In-store,12/29/2023,Cake,,,,Cake
TXN_6668414,Cake,1,3,3,ERROR,In-store,12/29/2023,Cake,,,,Cake
TXN_6568536,Cake,1,3,3,Cash,,12/29/2023,Cake,,,,Cake
TXN_7217284,Salad,3,5,15,Cash,In-store,12/29/2023,Salad,,,,Cake
TXN_7494793,Smoothie,5,4,20,,Takeaway,12/29/2023,Smoothie,,,,Smoothie
TXN_7153313,Tea,1,1.5,1.5,Cash,,12/29/2023,Tea,,,,Coffee
TXN_5793417,Smoothie,2,4,8,Digital Wallet,In-store,12/29/2023,Smoothie,,,,Cake
TXN_8004510,Cake,3,3,9,Cash,Takeaway,12/29/2023,Cake,,,,Smoothie
TXN_9338442,Cake,1,3,3,Digital Wallet,In-store,12/29/2023,Cake,,,,Cake
TXN_4755934,Tea,2,1.5,3,Cash,,12/29/2023,Tea,,,,Smoothie
TXN_8600523,Tea,3,1.5,4.5,,,12/29/2023,Tea,,,,Smoothie
TXN_1236779,Cake,3,3,9,Credit Card,In-store,12/29/2023,Cake,,,,Salad
TXN_9395223,Cookie,4,1,4,Credit Card,In-store,12/29/2023,Cookie,,,,Cake
TXN_7581536,Smoothie,2,4,8,Cash,,12/29/2023,Smoothie,,,,Cake
TXN_9072628,Salad,4,5,20,Digital Wallet,ERROR,12/29/2023,Salad,,,,Salad
TXN_6538210,Smoothie,1,4,4,,In-store,12/29/2023,Smoothie,,,,Cookie
TXN_9697670,Cake,3,3,9,Cash,Takeaway,12/29/2023,Cake,,,,Smoothie
TXN_8732716,Tea,3,1.5,4.5,,,12/29/2023,Tea,,,,Salad
TXN_2153100,Tea,2,1.5,3,Cash,,12/29/2023,Tea,,,,Smoothie
TXN_7077119,Smoothie,1,4,4,Digital Wallet,In-store,12/30/2023,Smoothie,,,,Cake
TXN_9289174,Cake,4,3,12,Digital Wallet,In-store,12/30/2023,Cake,,,,Smoothie
TXN_6816094,Tea,4,1.5,6,,In-store,12/30/2023,Tea,,,,Smoothie
TXN_2540440,Tea,2,1.5,3,Digital Wallet,,12/30/2023,Tea,,,,Cake
TXN_4592205,Cookie,3,1,3,Credit Card,In-store,12/30/2023,Cookie,,,,Salad
TXN_7080148,Cake,3,3,9,,,12/30/2023,Cake,,,,Coffee
TXN_7440879,Cake,1,3,3,,In-store,12/30/2023,Cake,,,,Tea
TXN_6541110,Cookie,3,1,3,Cash,In-store,12/30/2023,Cookie,,,,Cake
TXN_3779292,Salad,2,5,10,Credit Card,In-store,12/30/2023,Salad,,,,Salad
TXN_3216618,Salad,4,5,20,Credit Card,In-store,12/30/2023,Salad,,,,Salad
TXN_3881824,Cake,2,3,6,Credit Card,,12/30/2023,Cake,,,,Cake
TXN_9337894,Tea,2,1.5,3,,,12/30/2023,Tea,,,,Coffee
TXN_3854210,Smoothie,1,4,4,Cash,,12/30/2023,Smoothie,,,,Salad
TXN_4307602,Cookie,4,1,4,Cash,In-store,12/30/2023,Cookie,,,,Salad
TXN_2346362,Cake,4,3,12,,In-store,12/30/2023,Cake,,,,Coffee
TXN_1326993,Cookie,3,1,3,UNKNOWN,In-store,12/30/2023,Cookie,,,,Smoothie
TXN_9970653,Smoothie,5,4,20,Digital Wallet,Takeaway,12/30/2023,Smoothie,,,,Salad
TXN_7006741,Smoothie,2,4,8,Digital Wallet,,12/30/2023,Smoothie,,,,Tea
TXN_3048882,Cake,2,3,6,Cash,Takeaway,12/30/2023,Cake,,,,Cookie
TXN_4059695,Salad,3,5,15,Cash,Takeaway,12/30/2023,Salad,,,,Smoothie
TXN_4375698,Smoothie,5,4,20,Credit Card,In-store,12/30/2023,Smoothie,,,,Tea
TXN_6994245,Coffee,4,2,8,Digital Wallet,In-store,12/30/2023,Coffee,,,,Salad
TXN_5693294,Cake,3,3,9,Credit Card,,12/30/2023,Cake,,,,Cake
TXN_8263172,Cake,2,3,6,,Takeaway,12/30/2023,Cake,,,,Smoothie
TXN_2699745,Coffee,4,2,8,,In-store,12/30/2023,Coffee,,,,Cookie
TXN_2845506,Tea,2,1.5,3,Digital Wallet,Takeaway,12/30/2023,Tea,,,,Cake
TXN_8567525,Cookie,2,1,2,,Takeaway,12/30/2023,Cookie,,,,Cake
TXN_2064365,Smoothie,5,4,20,,In-store,12/31/2023,Smoothie,,,,Salad
TXN_9738758,Coffee,1,2,2,Cash,In-store,12/31/2023,Coffee,,,,Smoothie
TXN_1389258,Salad,1,5,5,Cash,Takeaway,12/31/2023,Salad,,,,Tea
TXN_2806515,Smoothie,4,4,16,,In-store,12/31/2023,Smoothie,,,,Coffee
TXN_8933459,Cake,1,3,3,,,12/31/2023,Cake,,,,Tea
TXN_9469735,Cake,1,3,3,ERROR,In-store,12/31/2023,Cake,,,,Cake
TXN_3995843,Smoothie,3,4,12,,In-store,12/31/2023,Smoothie,,,,Cookie
TXN_2975443,Salad,5,5,25,,Takeaway,12/31/2023,Salad,,,,Smoothie
TXN_4528664,Salad,3,5,15,Cash,In-store,12/31/2023,Salad,,,,Smoothie
TXN_6380978,Tea,1,1.5,1.5,Cash,,12/31/2023,Tea,,,,Coffee
TXN_1435035,Smoothie,1,4,4,,In-store,12/31/2023,Smoothie,,,,Salad
TXN_9027002,Smoothie,4,4,16,Credit Card,Takeaway,12/31/2023,Smoothie,,,,Salad
TXN_1405498,Cake,2,3,6,UNKNOWN,Takeaway,12/31/2023,Cake,,,,Smoothie
TXN_7326974,Cake,4,3,12,Credit Card,,12/31/2023,Cake,,,,Smoothie
TXN_5949517,Smoothie,5,4,20,Digital Wallet,In-store,12/31/2023,Smoothie,,,,Salad
TXN_7108012,Tea,1,1.5,1.5,Digital Wallet,Takeaway,12/31/2023,Tea,,,,Smoothie
TXN_4612146,Cake,3,3,9,Cash,ERROR,12/31/2023,Cake,,,,Smoothie
TXN_1714348,Smoothie,2,4,8,Cash,Takeaway,12/31/2023,Smoothie,,,,Smoothie
TXN_1931190,Cookie,3,1,3,UNKNOWN,Takeaway,12/31/2023,Cookie,,,,Smoothie
TXN_1654784,Cookie,5,1,5,,In-store,12/31/2023,Cookie,,,,Cookie
TXN_3051279,Smoothie,2,4,8,Credit Card,Takeaway,,Smoothie,,,,Coffee
TXN_7640952,Cake,4,3,12,Digital Wallet,Takeaway,,Cake,,,,Smoothie
TXN_7710508,Cookie,5,1,5,Cash,,,Cookie,,,,Salad
TXN_2091733,Salad,1,5,5,,In-store,,Salad,,,,Cake
TXN_7028009,Cake,4,3,12,,Takeaway,,Cake,,,,Tea
TXN_7447872,Cake,2,3,6,,,,Cake,,,,Tea
TXN_1001832,Salad,2,5,10,Cash,Takeaway,,Salad,,,,Smoothie
TXN_7943008,Coffee,1,2,2,Credit Card,,,Coffee,,,,Cake
TXN_1093800,Smoothie,3,4,12,Cash,Takeaway,,Smoothie,,,,Cake
TXN_6463132,Cookie,5,1,5,Credit Card,Takeaway,,Cookie,,,,Cake
TXN_4129248,Smoothie,2,4,8,Credit Card,,,Smoothie,,,,Coffee
TXN_5761073,Cookie,1,1,1,Cash,In-store,,Cookie,,,,Tea
TXN_1908636,Tea,2,1.5,3,,UNKNOWN,,Tea,,,,Cake
TXN_7549542,Cookie,5,1,5,,Takeaway,,Cookie,,,,Smoothie
TXN_5003018,Cookie,4,1,4,Digital Wallet,,,Cookie,,,,Smoothie
TXN_7550498,Cake,5,3,15,,In-store,,Cake,,,,Cake
TXN_1623966,Tea,2,1.5,3,Cash,Takeaway,,Tea,,,,Cake
TXN_1260335,Cookie,4,1,4,Digital Wallet,In-store,,Cookie,,,,Smoothie
TXN_1726858,Smoothie,3,4,12,Cash,In-store,,Smoothie,,,,Tea
TXN_8894157,Smoothie,4,4,16,Credit Card,,,Smoothie,,,,Smoothie
TXN_8751516,Tea,3,1.5,4.5,Cash,Takeaway,,Tea,,,,Cake
TXN_3665733,Coffee,5,2,10,Cash,Takeaway,,Coffee,,,,Salad
TXN_3229758,Coffee,4,2,8,Cash,Takeaway,,Coffee,,,,Cake
TXN_4619029,Smoothie,3,4,12,Credit Card,In-store,,Smoothie,,,,Cookie
TXN_4796350,Smoothie,3,4,12,,Takeaway,,Smoothie,,,,Cookie
TXN_8805984,Cake,2,3,6,Credit Card,Takeaway,,Cake,,,,Salad
TXN_7817014,Cookie,1,1,1,Digital Wallet,Takeaway,,Cookie,,,,Coffee
TXN_1485417,Cookie,3,1,3,Cash,In-store,,Cookie,,,,Tea
TXN_9762324,Cake,2,3,6,Cash,In-store,,Cake,,,,Cookie
TXN_1628509,Smoothie,5,4,20,,Takeaway,,Smoothie,,,,Smoothie
TXN_5898743,Cake,4,3,12,,Takeaway,,Cake,,,,Smoothie
TXN_3791639,Cake,4,3,12,Digital Wallet,,,Cake,,,,Smoothie
TXN_4152036,Cake,2,3,6,Cash,,,Cake,,,,Cake
TXN_3810451,Cake,4,3,12,,ERROR,,Cake,,,,Cake
TXN_2744907,Salad,2,5,10,Digital Wallet,,,Salad,,,,Smoothie
TXN_8298311,Tea,2,1.5,3,Digital Wallet,In-store,,Tea,,,,Cake
TXN_6744866,Tea,4,1.5,6,,Takeaway,,Tea,,,,Smoothie
TXN_8764825,Smoothie,3,4,12,Cash,,,Smoothie,,,,Cookie
TXN_9349962,Smoothie,4,4,16,,In-store,,Smoothie,,,,Coffee
TXN_3946544,Cake,5,3,15,Credit Card,,,Cake,,,,Cake
TXN_6868049,Cake,5,3,15,Digital Wallet,,,Cake,,,,Tea
TXN_3477767,Cookie,3,1,3,Digital Wallet,,,Cookie,,,,Cake
TXN_1932897,Cookie,1,1,1,ERROR,Takeaway,,Cookie,,,,Coffee
TXN_8167279,Salad,5,5,25,,In-store,,Salad,,,,Salad
TXN_2004851,Salad,5,5,25,Credit Card,,,Salad,,,,Cake
TXN_6916047,Coffee,2,2,4,Digital Wallet,In-store,,Coffee,,,,Smoothie
TXN_4809497,Tea,4,1.5,6,Cash,In-store,,Tea,,,,Smoothie
TXN_4637016,Salad,3,5,15,Credit Card,In-store,,Salad,,,,Coffee
TXN_3172751,Cake,5,3,15,Credit Card,,,Cake,,,,Coffee
TXN_9658677,Cake,4,3,12,Cash,Takeaway,,Cake,,,,Cake
TXN_9402247,Salad,3,5,15,Digital Wallet,ERROR,,Salad,,,,Cake
TXN_8868960,Salad,5,5,25,,,,Salad,,,,Salad
TXN_7675823,Tea,5,1.5,7.5,,ERROR,,Tea,,,,Cake
TXN_8717428,Salad,3,5,15,Digital Wallet,,,Salad,,,,Cookie
TXN_7833800,Coffee,2,2,4,,Takeaway,,Coffee,,,,Cake
TXN_3135132,Smoothie,4,4,16,Credit Card,Takeaway,,Smoothie,,,,Cake
TXN_4316299,Tea,2,1.5,3,Credit Card,In-store,,Tea,,,,Cake
TXN_4874685,Smoothie,1,4,4,Credit Card,In-store,,Smoothie,,,,Coffee
TXN_6358073,Smoothie,3,4,12,,,,Smoothie,,,,Cake
TXN_9218683,Cake,2,3,6,Digital Wallet,In-store,,Cake,,,,Cake
TXN_8781128,Smoothie,5,4,20,Digital Wallet,Takeaway,,Smoothie,,,,Cake
TXN_9582716,Cake,2,3,6,UNKNOWN,UNKNOWN,,Cake,,,,Cookie
TXN_7482583,Tea,5,1.5,7.5,Credit Card,,,Tea,,,,Cookie
TXN_1568657,Coffee,2,2,4,Cash,,,Coffee,,,,Tea
TXN_3412490,Cake,2,3,6,Cash,In-store,,Cake,,,,Cake
TXN_1852586,Cake,5,3,15,,In-store,,Cake,,,,Tea
TXN_3942164,Coffee,4,2,8,Credit Card,,,Coffee,,,,Smoothie
TXN_7626939,Coffee,5,2,10,,,,Coffee,,,,Cake
TXN_9102030,Smoothie,4,4,16,Digital Wallet,In-store,,Smoothie,,,,Salad
TXN_7696120,Cookie,1,1,1,UNKNOWN,In-store,,Cookie,,,,Cake
TXN_1789644,Coffee,4,2,8,Credit Card,In-store,,Coffee,,,,Coffee
TXN_5102956,Cake,5,3,15,,,,Cake,,,,Cake
TXN_8645889,Salad,4,5,20,Cash,,,Salad,,,,Cake
TXN_6060764,Smoothie,3,4,12,,In-store,,Smoothie,,,,Salad
TXN_5237569,Tea,3,1.5,4.5,,,,Tea,,,,Tea
TXN_9121852,Cookie,1,1,1,Credit Card,,,Cookie,,,,Cake
TXN_2952715,Smoothie,3,4,12,Cash,In-store,,Smoothie,,,,Cake
TXN_7590801,Tea,4,1.5,6,Cash,Takeaway,,Tea,,,,Cookie
TXN_9503369,Cookie,1,1,1,,Takeaway,,Cookie,,,,Cake
TXN_7752454,Cake,3,3,9,,,,Cake,,,,Salad
TXN_8148137,Tea,1,1.5,1.5,,In-store,,Tea,,,,Salad
TXN_1494502,Salad,5,5,25,Digital Wallet,ERROR,,Salad,,,,Smoothie
TXN_4549825,Salad,2,5,10,Digital Wallet,,,Salad,,,,Salad
TXN_3165950,Coffee,1,2,2,Digital Wallet,,,Coffee,,,,Cake
TXN_9817681,Tea,4,1.5,6,,Takeaway,,Tea,,,,Smoothie
TXN_7056051,Cake,2,3,6,,,,Cake,,,,Tea
TXN_2091128,Cake,1,3,3,Credit Card,UNKNOWN,,Cake,,,,Smoothie
TXN_6298532,Smoothie,4,4,16,Digital Wallet,,,Smoothie,,,,Smoothie
TXN_9522899,Smoothie,5,4,20,Credit Card,Takeaway,,Smoothie,,,,Smoothie
TXN_3257591,Smoothie,1,4,4,Credit Card,In-store,,Smoothie,,,,Salad
TXN_9491912,Tea,4,1.5,6,Cash,In-store,,Tea,,,,Cookie
TXN_6992164,Smoothie,2,4,8,Cash,Takeaway,,Smoothie,,,,Smoothie
TXN_8715122,Cake,2,3,6,Cash,Takeaway,,Cake,,,,Cake
TXN_7169320,Coffee,3,2,6,Credit Card,,,Coffee,,,,Cake
TXN_4030010,Smoothie,5,4,20,,Takeaway,,Smoothie,,,,Cake
TXN_8616163,Smoothie,2,4,8,,Takeaway,,Smoothie,,,,Cake
TXN_7468777,Salad,1,5,5,Digital Wallet,In-store,,Salad,,,,Cake
TXN_7844687,Cake,1,3,3,,In-store,,Cake,,,,Tea
TXN_1185118,Cake,5,3,15,,,,Cake,,,,Coffee
TXN_3985301,Smoothie,2,4,8,,In-store,,Smoothie,,,,Cookie
TXN_6594187,Tea,5,1.5,7.5,UNKNOWN,,,Tea,,,,Smoothie
TXN_6746140,Cookie,5,1,5,Digital Wallet,Takeaway,,Cookie,,,,Tea
TXN_2376525,Smoothie,5,4,20,ERROR,,,Smoothie,,,,Coffee
TXN_1529904,Coffee,1,2,2,Credit Card,In-store,,Coffee,,,,Smoothie
TXN_8191921,Salad,3,5,15,Digital Wallet,,,Salad,,,,Cake
TXN_6346774,Cake,3,3,9,Cash,In-store,,Cake,,,,Coffee
TXN_6018740,Smoothie,2,4,8,Digital Wallet,Takeaway,,Smoothie,,,,Salad
TXN_9293417,Tea,3,1.5,4.5,Digital Wallet,Takeaway,,Tea,,,,Cookie
TXN_4225300,Smoothie,1,4,4,Cash,Takeaway,,Smoothie,,,,Smoothie
TXN_7512574,Tea,1,1.5,1.5,,Takeaway,,Tea,,,,Smoothie
TXN_4914535,Cookie,2,1,2,Cash,UNKNOWN,,Cookie,,,,Tea
TXN_3596456,Coffee,3,2,6,Digital Wallet,Takeaway,,Coffee,,,,Coffee
TXN_2631671,Cookie,1,1,1,Credit Card,,,Cookie,,,,Cookie
TXN_7943598,Smoothie,4,4,16,Credit Card,,,Smoothie,,,,Cookie
TXN_9864212,Smoothie,5,4,20,,ERROR,,Smoothie,,,,Cookie
TXN_1480967,Tea,2,1.5,3,Cash,Takeaway,,Tea,,,,Cookie
TXN_7387701,Coffee,1,2,2,Cash,Takeaway,,Coffee,,,,Tea
TXN_4953063,Tea,5,1.5,7.5,Credit Card,UNKNOWN,,Tea,,,,Cookie
TXN_9747008,Tea,4,1.5,6,Cash,Takeaway,,Tea,,,,Cake
TXN_4690415,Smoothie,2,4,8,Digital Wallet,,,Smoothie,,,,Tea
TXN_7570308,Tea,4,1.5,6,Cash,,,Tea,,,,Salad
TXN_7059722,Smoothie,5,4,20,Digital Wallet,In-store,,Smoothie,,,,Coffee
TXN_6130455,Tea,2,1.5,3,Digital Wallet,UNKNOWN,,Tea,,,,Coffee
TXN_9042043,Cookie,4,1,4,Cash,Takeaway,,Cookie,,,,Smoothie
TXN_2454046,Cake,2,3,6,,Takeaway,,Cake,,,,Smoothie
TXN_4130861,Salad,2,5,10,Credit Card,UNKNOWN,,Salad,,,,Coffee
TXN_5476846,Tea,4,1.5,6,Credit Card,Takeaway,,Tea,,,,Cake
TXN_8329302,Cake,3,3,9,,Takeaway,,Cake,,,,Smoothie
TXN_5745955,Smoothie,4,4,16,Credit Card,,,Smoothie,,,,Tea
TXN_6228918,Cake,1,3,3,Digital Wallet,In-store,,Cake,,,,Cake
TXN_5930921,Cookie,2,1,2,Digital Wallet,Takeaway,,Cookie,,,,Cake
TXN_6377597,Cookie,1,1,1,UNKNOWN,In-store,,Cookie,,,,Cake
TXN_9769782,Smoothie,5,4,20,Cash,Takeaway,,Smoothie,,,,Cake
TXN_2505327,Cake,2,3,6,,,,Cake,,,,Smoothie
TXN_3894820,Smoothie,5,4,20,Digital Wallet,Takeaway,,Smoothie,,,,Cookie
TXN_1897660,Tea,3,1.5,4.5,Digital Wallet,In-store,,Tea,,,,Smoothie
TXN_9749434,Cake,5,3,15,Credit Card,Takeaway,,Cake,,,,Coffee
TXN_8832852,Smoothie,5,4,20,UNKNOWN,Takeaway,,Smoothie,,,,Tea
TXN_8980774,Tea,4,1.5,6,,In-store,,Tea,,,,Tea
TXN_3716067,Tea,5,1.5,7.5,Credit Card,In-store,,Tea,,,,Coffee
TXN_3687300,Cookie,2,1,2,Credit Card,In-store,,Cookie,,,,Cake
TXN_8162049,Smoothie,1,4,4,Digital Wallet,,,Smoothie,,,,Cookie
TXN_3923375,Cake,5,3,15,Credit Card,,,Cake,,,,Tea
TXN_7397017,Salad,3,5,15,Digital Wallet,Takeaway,,Salad,,,,Salad
TXN_9868053,Cake,3,3,9,Digital Wallet,In-store,,Cake,,,,Tea
TXN_3475075,Cake,3,3,9,Cash,Takeaway,,Cake,,,,Salad
TXN_4759797,Salad,3,5,15,UNKNOWN,In-store,,Salad,,,,Smoothie
TXN_3292043,Cookie,5,1,5,,ERROR,,Cookie,,,,Smoothie
TXN_2052771,Tea,4,1.5,6,Digital Wallet,Takeaway,,Tea,,,,Cake
TXN_9433806,Coffee,1,2,2,,,,Coffee,,,,Salad
TXN_7494217,Cookie,1,1,1,Cash,In-store,,Cookie,,,,Tea
TXN_6324736,Smoothie,5,4,20,Credit Card,,,Smoothie,,,,Cookie
TXN_4695415,Cake,5,3,15,,In-store,,Cake,,,,Smoothie
TXN_6252589,Smoothie,2,4,8,Digital Wallet,In-store,,Smoothie,,,,Coffee
TXN_9851026,Salad,2,5,10,,Takeaway,,Salad,,,,Smoothie
TXN_4933689,Cake,1,3,3,Cash,In-store,,Cake,,,,Salad
TXN_4653861,Smoothie,4,4,16,Cash,Takeaway,,Smoothie,,,,Salad
TXN_7990902,Coffee,5,2,10,ERROR,In-store,,Coffee,,,,Cake
TXN_6485220,Cake,3,3,9,Cash,ERROR,,Cake,,,,Cookie
TXN_2475259,Smoothie,2,4,8,Cash,,,Smoothie,,,,Cake
TXN_9006674,Tea,1,1.5,1.5,,Takeaway,,Tea,,,,Salad
TXN_2252218,Salad,4,5,20,Cash,,,Salad,,,,Coffee
TXN_9123562,Cake,5,3,15,Credit Card,Takeaway,,Cake,,,,Cake
TXN_6633097,Cake,4,3,12,Credit Card,In-store,,Cake,,,,Smoothie
TXN_2265603,Smoothie,3,4,12,Digital Wallet,Takeaway,,Smoothie,,,,Cake
TXN_3271393,Smoothie,4,4,16,Cash,In-store,,Smoothie,,,,Smoothie
TXN_2591969,Salad,4,5,20,Credit Card,In-store,,Salad,,,,Smoothie
TXN_8939048,Cookie,3,1,3,Digital Wallet,,,Cookie,,,,Coffee
TXN_3784001,Smoothie,1,4,4,,Takeaway,,Smoothie,,,,Coffee
TXN_5738282,Cake,4,3,12,Credit Card,In-store,,Cake,,,,Salad
TXN_6500126,Smoothie,2,4,8,,UNKNOWN,,Smoothie,,,,Coffee
TXN_2629168,Cake,1,3,3,Credit Card,,,Cake,,,,Salad
TXN_1034956,Smoothie,4,4,16,Cash,In-store,,Smoothie,,,,Cake
TXN_6935106,Tea,5,1.5,7.5,,In-store,,Tea,,,,Cake
TXN_8205635,Cake,5,3,15,Credit Card,ERROR,,Cake,,,,Cookie
TXN_2342256,Tea,3,1.5,4.5,,,,Tea,,,,Tea
TXN_9958548,Tea,4,1.5,6,,In-store,,Tea,,,,Smoothie
TXN_9405019,Cake,5,3,15,,,,Cake,,,,Smoothie
TXN_8116619,Smoothie,3,4,12,Cash,In-store,,Smoothie,,,,Salad
TXN_2450896,Smoothie,1,4,4,Digital Wallet,Takeaway,,Smoothie,,,,Coffee
TXN_8302551,Cake,4,3,12,,,,Cake,,,,Cake
TXN_7469391,Coffee,5,2,10,Cash,In-store,,Coffee,,,,Smoothie
TXN_4695464,Cookie,4,1,4,,Takeaway,,Cookie,,,,Salad
TXN_1475403,Cookie,1,1,1,Cash,In-store,,Cookie,,,,Tea
TXN_9705872,Cookie,3,1,3,,In-store,,Cookie,,,,Salad
TXN_6286062,Coffee,1,2,2,Credit Card,,,Coffee,,,,Cake
TXN_5380198,Cake,3,3,9,UNKNOWN,,,Cake,,,,Cake
TXN_4876195,Tea,2,1.5,3,,In-store,,Tea,,,,Tea
TXN_4009914,Smoothie,2,4,8,,In-store,,Smoothie,,,,Smoothie
TXN_8061460,Smoothie,3,4,12,Credit Card,Takeaway,,Smoothie,,,,Smoothie
TXN_5514988,Cookie,5,1,5,Credit Card,ERROR,,Cookie,,,,Coffee
TXN_8619494,Coffee,2,2,4,Digital Wallet,In-store,,Coffee,,,,Cake
TXN_3754190,Cake,3,3,9,Digital Wallet,In-store,,Cake,,,,Coffee
TXN_9181224,Smoothie,5,4,20,Cash,,,Smoothie,,,,Smoothie
TXN_4476636,Coffee,3,2,6,Credit Card,In-store,,Coffee,,,,Cake
TXN_1197495,Cake,5,3,15,UNKNOWN,Takeaway,,Cake,,,,Smoothie
TXN_2615514,Cookie,5,1,5,Digital Wallet,UNKNOWN,,Cookie,,,,Tea
TXN_7331525,Cake,2,3,6,,,,Cake,,,,Smoothie
TXN_8722854,Cake,1,3,3,Credit Card,Takeaway,,Cake,,,,Coffee
TXN_8167275,Salad,5,5,25,,,,Salad,,,,Coffee
TXN_7618171,Cake,5,3,15,Cash,,,Cake,,,,Cookie
TXN_7389626,Tea,2,1.5,3,,UNKNOWN,,Tea,,,,Cookie
TXN_2112333,Cookie,2,1,2,Credit Card,In-store,,Cookie,,,,Salad
TXN_2785563,Cake,5,3,15,Cash,Takeaway,,Cake,,,,Cake
TXN_7060144,Cake,5,3,15,Credit Card,,,Cake,,,,Salad
TXN_6126149,Tea,2,1.5,3,,,,Tea,,,,Cake
TXN_5613875,Tea,5,1.5,7.5,,In-store,,Tea,,,,Cookie
TXN_1985142,Smoothie,3,4,12,Digital Wallet,,,Smoothie,,,,Cookie
TXN_7379007,Cake,2,3,6,,Takeaway,,Cake,,,,Cake
TXN_1339158,Salad,4,5,20,Cash,,,Salad,,,,Salad
TXN_7948933,Smoothie,3,4,12,Cash,,,Smoothie,,,,Smoothie
TXN_9182359,Salad,3,5,15,,In-store,,Salad,,,,Smoothie
TXN_5235471,Cake,5,3,15,,In-store,,Cake,,,,Smoothie
TXN_1848481,Cookie,4,1,4,Credit Card,,,Cookie,,,,Smoothie
TXN_9455737,Salad,3,5,15,,,,Salad,,,,Coffee
TXN_1026799,Cake,5,3,15,Credit Card,,,Cake,,,,Cake
TXN_2582926,Smoothie,4,4,16,,ERROR,,Smoothie,,,,Cake
TXN_6327139,Smoothie,4,4,16,,Takeaway,,Smoothie,,,,Smoothie
TXN_3716685,Smoothie,5,4,20,Digital Wallet,Takeaway,,Smoothie,,,,Salad
TXN_1580822,Cake,5,3,15,Credit Card,,,Cake,,,,Smoothie
TXN_5060289,Tea,5,1.5,7.5,Credit Card,UNKNOWN,,Tea,,,,Smoothie
TXN_8069514,Smoothie,4,4,16,Credit Card,,,Smoothie,,,,Coffee
TXN_7603895,Smoothie,5,4,20,Credit Card,In-store,,Smoothie,,,,Cake
TXN_9699116,Cookie,2,1,2,Digital Wallet,In-store,,Cookie,,,,Cake
TXN_9999124,Cake,2,3,6,Digital Wallet,Takeaway,,Cake,,,,Tea
TXN_9924421,Cake,5,3,15,Credit Card,,,Cake,,,,Cake
TXN_4620459,Smoothie,5,4,20,Cash,ERROR,,Smoothie,,,,Cake
TXN_6368424,Cookie,3,1,3,,,,Cookie,,,,Cake
TXN_4791031,Coffee,5,2,10,Cash,,,Coffee,,,,Tea
TXN_9432007,Cookie,4,1,4,,,,Cookie,,,,Smoothie
TXN_8872160,Salad,5,5,25,Digital Wallet,,,Salad,,,,Tea
TXN_8059782,Cake,5,3,15,,Takeaway,,Cake,,,,Cake
TXN_5639908,Tea,3,1.5,4.5,,In-store,,Tea,,,,Smoothie
TXN_4325098,Cake,5,3,15,,Takeaway,,Cake,,,,Smoothie
TXN_3737378,Smoothie,1,4,4,Cash,,,Smoothie,,,,Smoothie
TXN_2653400,Smoothie,1,4,4,Cash,,,Smoothie,,,,Cake
TXN_6927392,Salad,3,5,15,Digital Wallet,In-store,,Salad,,,,Salad
TXN_3024493,Smoothie,1,4,4,Credit Card,In-store,,Smoothie,,,,Cookie
TXN_2740398,Cookie,4,1,4,Digital Wallet,In-store,,Cookie,,,,Tea
TXN_6995665,Tea,2,1.5,3,UNKNOWN,,,Tea,,,,Tea
TXN_7763764,Cookie,2,1,2,ERROR,In-store,,Cookie,,,,Cake
TXN_8726097,Tea,1,1.5,1.5,Digital Wallet,Takeaway,,Tea,,,,Coffee
TXN_7445500,Salad,4,5,20,Cash,In-store,,Salad,,,,Cookie
TXN_6461461,Cake,1,3,3,,In-store,,Cake,,,,Smoothie
TXN_8878429,Cake,5,3,15,Digital Wallet,In-store,,Cake,,,,Cake
TXN_8888599,Smoothie,5,4,20,,,,Smoothie,,,,Cake
TXN_6361309,Cake,5,3,15,,Takeaway,,Cake,,,,Smoothie
TXN_6301984,Cake,5,3,15,,Takeaway,,Cake,,,,Cake
TXN_2268203,Salad,3,5,15,,UNKNOWN,,Salad,,,,Smoothie
TXN_4994052,Coffee,4,2,8,,Takeaway,,Coffee,,,,Coffee
TXN_9448209,Smoothie,3,4,12,Cash,In-store,,Smoothie,,,,Salad
TXN_8960347,Smoothie,3,4,12,Cash,In-store,,Smoothie,,,,Coffee
TXN_6243134,Tea,2,1.5,3,Digital Wallet,,,Tea,,,,Smoothie
TXN_1804132,Smoothie,3,4,12,,In-store,,Smoothie,,,,Salad
TXN_5649995,Tea,2,1.5,3,,Takeaway,,Tea,,,,Tea
TXN_9894270,Cookie,4,1,4,Credit Card,In-store,,Cookie,,,,Cookie
TXN_1481470,Cake,3,3,9,Digital Wallet,Takeaway,,Cake,,,,Smoothie
TXN_5752187,Cake,4,3,12,Digital Wallet,In-store,,Cake,,,,Salad
TXN_9550397,Coffee,4,2,8,,,,Coffee,,,,Cookie
TXN_5896413,Coffee,3,2,6,Cash,In-store,,Coffee,,,,Tea
TXN_8156272,Salad,2,5,10,Cash,In-store,,Salad,,,,Salad
TXN_4483944,Cake,4,3,12,,In-store,,Cake,,,,Smoothie
TXN_2607233,Coffee,3,2,6,Cash,Takeaway,,Coffee,,,,Coffee
TXN_6753977,Tea,3,1.5,4.5,,In-store,,Tea,,,,Coffee
TXN_1193930,Coffee,1,2,2,Cash,,,Coffee,,,,Cake
TXN_5047792,Salad,1,5,5,,,,Salad,,,,Tea
TXN_6184247,Cake,1,3,3,,,,Cake,,,,Salad
TXN_1409029,Smoothie,1,4,4,Cash,,,Smoothie,,,,Salad
TXN_6344738,Salad,4,5,20,Credit Card,Takeaway,,Salad,,,,Tea
TXN_9882485,Salad,5,5,25,Cash,ERROR,,Salad,,,,Smoothie
TXN_8899602,Salad,4,5,20,,In-store,,Salad,,,,Cake
TXN_6388090,Cake,4,3,12,ERROR,,,Cake,,,,Coffee
TXN_2414686,Cake,1,3,3,Cash,,,Cake,,,,Salad
TXN_2896162,Cookie,2,1,2,Credit Card,In-store,,Cookie,,,,Tea
TXN_9615339,Smoothie,1,4,4,,In-store,,Smoothie,,,,Cake
TXN_3018211,Salad,4,5,20,,,,Salad,,,,Cake
TXN_7474617,Salad,3,5,15,Credit Card,Takeaway,,Salad,,,,Tea
TXN_2477021,Cookie,4,1,4,Credit Card,In-store,,Cookie,,,,Coffee
TXN_6296806,Smoothie,2,4,8,,Takeaway,,Smoothie,,,,Smoothie
TXN_3435561,Cake,2,3,6,UNKNOWN,Takeaway,,Cake,,,,Tea
TXN_5900899,Cookie,4,1,4,,Takeaway,,Cookie,,,,Smoothie
TXN_4832566,Smoothie,4,4,16,Digital Wallet,In-store,,Smoothie,,,,Cake
TXN_6859249,Cookie,2,1,2,,UNKNOWN,,Cookie,,,,Cake
TXN_4977954,Cake,4,3,12,Cash,,,Cake,,,,Cookie
TXN_3701660,Smoothie,1,4,4,Digital Wallet,,,Smoothie,,,,Tea
TXN_4428307,Salad,3,5,15,Cash,In-store,,Salad,,,,Smoothie
TXN_9868954,Smoothie,4,4,16,Credit Card,,,Smoothie,,,,Salad
TXN_8854471,Cake,5,3,15,Credit Card,,,Cake,,,,Cake
TXN_7243779,Cookie,1,1,1,,In-store,,Cookie,,,,Coffee
TXN_2529216,Tea,3,1.5,4.5,Credit Card,In-store,,Tea,,,,Cake
TXN_3014967,Salad,1,5,5,UNKNOWN,UNKNOWN,,Salad,,,,Cookie
TXN_1776070,Smoothie,3,4,12,,,,Smoothie,,,,Cookie
TXN_6070523,Coffee,4,2,8,Cash,,,Coffee,,,,Smoothie
TXN_3638761,Cake,5,3,15,,ERROR,,Cake,,,,Tea
TXN_5569954,Cookie,4,1,4,Credit Card,In-store,,Cookie,,,,Smoothie
TXN_9556442,Smoothie,1,4,4,Digital Wallet,Takeaway,,Smoothie,,,,Coffee
TXN_1022126,Tea,3,1.5,4.5,,UNKNOWN,,Tea,,,,Smoothie
TXN_8152941,Coffee,3,2,6,,Takeaway,,Coffee,,,,Smoothie
TXN_2548742,Salad,5,5,25,Digital Wallet,,,Salad,,,,Cake
TXN_7133645,Smoothie,5,4,20,Credit Card,Takeaway,,Smoothie,,,,Smoothie
TXN_2097072,Tea,4,1.5,6,UNKNOWN,In-store,,Tea,,,,Cake
TXN_7543525,Tea,4,1.5,6,Credit Card,Takeaway,,Tea,,,,Tea
TXN_5376589,Coffee,5,2,10,Cash,Takeaway,,Coffee,,,,Cake
TXN_1381818,Cake,4,3,12,Credit Card,,,Cake,,,,Coffee
TXN_7241859,Cookie,1,1,1,,,,Cookie,,,,Coffee
TXN_6748232,Smoothie,2,4,8,Credit Card,In-store,,Smoothie,,,,Salad
TXN_5315665,Tea,3,1.5,4.5,Credit Card,,,Tea,,,,Smoothie
TXN_3456057,Smoothie,1,4,4,,Takeaway,,Smoothie,,,,Coffee
TXN_4704321,Cake,3,3,9,Cash,,,Cake,,,,Cookie
TXN_5578380,Tea,4,1.5,6,,In-store,,Tea,,,,Cake
TXN_2194660,Salad,1,5,5,,,,Salad,,,,Coffee
TXN_9617269,Coffee,1,2,2,Digital Wallet,,,Coffee,,,,Cake
TXN_3130302,Smoothie,3,4,12,Credit Card,In-store,,Smoothie,,,,Smoothie
TXN_5145016,Smoothie,1,4,4,Cash,Takeaway,,Smoothie,,,,Salad
TXN_1293509,Cake,3,3,9,Cash,In-store,,Cake,,,,Cake
TXN_4558455,Salad,3,5,15,Credit Card,In-store,,Salad,,,,Smoothie
TXN_5154112,Cake,3,3,9,Credit Card,Takeaway,,Cake,,,,Tea
TXN_1704642,Cake,5,3,15,Digital Wallet,In-store,,Cake,,,,Coffee
TXN_4865947,Tea,2,1.5,3,Cash,Takeaway,,Tea,,,,Tea
TXN_5468350,Salad,4,5,20,Credit Card,In-store,,Salad,,,,Coffee
TXN_3886176,Cookie,4,1,4,Cash,,,Cookie,,,,Tea
TXN_4461853,Cake,5,3,15,Credit Card,In-store,,Cake,,,,Smoothie
TXN_6553641,Salad,1,5,5,Cash,In-store,,Salad,,,,Salad
TXN_8953489,Cake,5,3,15,,In-store,,Cake,,,,Coffee
TXN_1624458,Tea,4,1.5,6,Digital Wallet,,,Tea,,,,Cake
TXN_1998357,Cake,2,3,6,Digital Wallet,,,Cake,,,,Salad
TXN_4163126,Smoothie,3,4,12,Digital Wallet,Takeaway,,Smoothie,,,,Coffee
TXN_2574545,Coffee,2,2,4,,In-store,,Coffee,,,,Smoothie
TXN_8048357,Salad,4,5,20,,In-store,,Salad,,,,Salad
TXN_4709135,Smoothie,2,4,8,Credit Card,Takeaway,,Smoothie,,,,Cake
TXN_3140950,Cake,5,3,15,Credit Card,,,Cake,,,,Smoothie
TXN_5757196,Cake,5,3,15,,In-store,,Cake,,,,Smoothie
TXN_8549341,Cake,5,3,15,Cash,Takeaway,,Cake,,,,Cake
TXN_5923474,Cake,4,3,12,,In-store,,Cake,,,,Cake
TXN_8076449,Cake,3,3,9,,Takeaway,,Cake,,,,Tea
TXN_5992635,Coffee,4,2,8,Digital Wallet,Takeaway,,Coffee,,,,Cookie
TXN_1309653,Salad,2,5,10,Cash,In-store,,Salad,,,,Coffee
TXN_9041473,Smoothie,2,4,8,Digital Wallet,,,Smoothie,,,,Smoothie
TXN_1102876,Cookie,1,1,1,Cash,,,Cookie,,,,Smoothie
TXN_7854162,Cake,5,3,15,Digital Wallet,,,Cake,,,,Salad
TXN_8235042,Smoothie,1,4,4,Credit Card,,,Smoothie,,,,Cake
TXN_1547555,Smoothie,3,4,12,,Takeaway,,Smoothie,,,,Smoothie
TXN_3307518,Cake,5,3,15,Cash,Takeaway,,Cake,,,,Coffee
TXN_2107161,Cookie,4,1,4,Credit Card,,,Cookie,,,,Tea
TXN_6901094,Salad,1,5,5,Cash,In-store,,Salad,,,,Cake
TXN_2111973,Tea,4,1.5,6,Digital Wallet,In-store,,Tea,,,,Smoothie
TXN_9349471,Coffee,3,2,6,Digital Wallet,,,Coffee,,,,Salad
TXN_1687822,Salad,4,5,20,Credit Card,Takeaway,,Salad,,,,Salad
TXN_7988991,Tea,4,1.5,6,Digital Wallet,In-store,,Tea,,,,Smoothie
TXN_3930313,Cookie,3,1,3,Credit Card,Takeaway,,Cookie,,,,Salad
TXN_1983705,Cake,3,3,9,Cash,Takeaway,,Cake,,,,Smoothie
TXN_1141405,Cookie,1,1,1,,,,Cookie,,,,Coffee
TXN_5728193,Smoothie,1,4,4,Credit Card,In-store,,Smoothie,,,,Cake
TXN_5289658,Smoothie,2,4,8,Digital Wallet,Takeaway,,Smoothie,,,,Cake
TXN_9190025,Tea,4,1.5,6,Digital Wallet,UNKNOWN,,Tea,,,,Cookie
TXN_9239309,Salad,4,5,20,ERROR,,,Salad,,,,Smoothie
TXN_4417326,Smoothie,3,4,12,Digital Wallet,,,Smoothie,,,,Coffee
TXN_1103495,Cake,1,3,3,Cash,Takeaway,,Cake,,,,Cake
TXN_5742202,Salad,2,5,10,Cash,Takeaway,,Salad,,,,Cake
TXN_1827937,Coffee,1,2,2,,Takeaway,,Coffee,,,,Cake
TXN_2496249,Cake,4,3,12,Cash,Takeaway,,Cake,,,,Cake
TXN_8899417,Salad,3,5,15,Digital Wallet,,,Salad,,,,Cookie
TXN_1307428,Tea,4,1.5,6,Credit Card,,,Tea,,,,Tea
TXN_3099819,Coffee,4,2,8,Digital Wallet,Takeaway,,Coffee,,,,Cake
TXN_4854751,Salad,3,5,15,Credit Card,,,Salad,,,,Tea
TXN_2921765,Tea,2,1.5,3,Credit Card,Takeaway,,Tea,,,,Smoothie
TXN_7653452,Smoothie,1,4,4,Credit Card,,,Smoothie,,,,Cake
TXN_1732639,Cookie,4,1,4,,In-store,,Cookie,,,,Cookie
TXN_7971761,Salad,1,5,5,Credit Card,In-store,,Salad,,,,Salad
TXN_7132021,Smoothie,2,4,8,Credit Card,In-store,,Smoothie,,,,Smoothie
TXN_9329112,Smoothie,3,4,12,,,,Smoothie,,,,Cake
TXN_1708928,Smoothie,1,4,4,ERROR,,,Smoothie,,,,Coffee
TXN_2352685,Cookie,1,1,1,Cash,Takeaway,,Cookie,,,,Smoothie
TXN_8743142,Cookie,1,1,1,Digital Wallet,In-store,,Cookie,,,,Tea
TXN_1929109,Smoothie,5,4,20,,,,Smoothie,,,,Cake
TXN_8126049,Smoothie,3,4,12,ERROR,,,Smoothie,,,,Salad
TXN_8434259,Tea,2,1.5,3,Digital Wallet,,,Tea,,,,Coffee
TXN_9719954,Tea,1,1.5,1.5,Digital Wallet,,,Tea,,,,Smoothie
TXN_4070040,Cake,1,3,3,,UNKNOWN,,Cake,,,,Smoothie
TXN_1454024,Cookie,5,1,5,Digital Wallet,,,Cookie,,,,Cake
TXN_3147874,Cookie,1,1,1,Digital Wallet,Takeaway,,Cookie,,,,Salad
TXN_9708632,Coffee,5,2,10,,In-store,,Coffee,,,,Smoothie
TXN_6266187,Tea,5,1.5,7.5,Credit Card,In-store,,Tea,,,,Tea
TXN_6563365,Cake,4,3,12,,Takeaway,,Cake,,,,Cake
TXN_5556985,Cake,3,3,9,Digital Wallet,In-store,,Cake,,,,Cake
TXN_1621227,Coffee,2,2,4,Cash,,,Coffee,,,,Smoothie
TXN_4623468,Coffee,5,2,10,Credit Card,Takeaway,,Coffee,,,,Cake
TXN_1037486,Salad,5,5,25,Digital Wallet,In-store,,Salad,,,,Smoothie
TXN_5492760,Cake,2,3,6,,Takeaway,,Cake,,,,Salad
TXN_9796122,Salad,3,5,15,,,,Salad,,,,Cake
TXN_4988100,Coffee,1,2,2,Digital Wallet,In-store,,Coffee,,,,Smoothie
TXN_7845656,Cake,3,3,9,Credit Card,Takeaway,,Cake,,,,Smoothie
TXN_6567287,Cookie,4,1,4,Digital Wallet,Takeaway,,Cookie,,,,Tea
TXN_2376870,Smoothie,5,4,20,Digital Wallet,,,Smoothie,,,,Cake
TXN_2025634,Smoothie,1,4,4,,,,Smoothie,,,,Smoothie
TXN_1108326,Cake,2,3,6,,Takeaway,,Cake,,,,Tea
TXN_5206046,Smoothie,3,4,12,,In-store,,Smoothie,,,,Smoothie
TXN_1465364,Tea,4,1.5,6,Digital Wallet,In-store,,Tea,,,,Cake
TXN_3811655,Smoothie,2,4,8,,,,Smoothie,,,,Smoothie
TXN_8813052,Tea,4,1.5,6,,In-store,,Tea,,,,Smoothie
TXN_5961027,Cake,2,3,6,Cash,In-store,,Cake,,,,Salad
TXN_3660048,Cake,1,3,3,Credit Card,ERROR,,Cake,,,,Cake
TXN_5811766,Cake,5,3,15,Digital Wallet,In-store,,Cake,,,,Salad
TXN_3083412,Coffee,5,2,10,Credit Card,In-store,,Coffee,,,,Coffee
TXN_7353685,Smoothie,2,4,8,,In-store,,Smoothie,,,,Cake
TXN_4978922,Cookie,4,1,4,Cash,,,Cookie,,,,Cookie
TXN_7364110,Coffee,5,2,10,Cash,,,Coffee,,,,Smoothie
TXN_6332132,Cake,3,3,9,UNKNOWN,Takeaway,,Cake,,,,Smoothie
TXN_4754723,Coffee,2,2,4,Credit Card,,,Coffee,,,,Tea
TXN_8872715,Cookie,2,1,2,Digital Wallet,Takeaway,,Cookie,,,,Cake
TXN_7470034,Smoothie,5,4,20,Digital Wallet,Takeaway,,Smoothie,,,,Cake
TXN_9705027,Cookie,2,1,2,Cash,,,Cookie,,,,Cookie
TXN_5939783,Cookie,2,1,2,,Takeaway,,Cookie,,,,Smoothie
TXN_2062604,Coffee,2,2,4,Cash,In-store,,Coffee,,,,Cake
TXN_9930357,Cake,1,3,3,Credit Card,,,Cake,,,,Coffee
TXN_6901162,Smoothie,3,4,12,Digital Wallet,In-store,,Smoothie,,,,Tea
TXN_9263959,Cookie,5,1,5,Cash,,,Cookie,,,,Cookie
TXN_2097987,Smoothie,2,4,8,Digital Wallet,In-store,,Smoothie,,,,Coffee
TXN_7292662,Smoothie,1,4,4,,In-store,,Smoothie,,,,Salad
TXN_3660347,Smoothie,5,4,20,,In-store,,Smoothie,,,,Cake
TXN_7753584,Coffee,4,2,8,,Takeaway,,Coffee,,,,Cake
TXN_5459138,Smoothie,2,4,8,Digital Wallet,In-store,,Smoothie,,,,Tea
TXN_1166001,Cake,5,3,15,Cash,ERROR,,Cake,,,,Smoothie
TXN_2354774,Coffee,5,2,10,,In-store,,Coffee,,,,Cake
TXN_4921791,Salad,4,5,20,Credit Card,,,Salad,,,,Cake
TXN_3692789,Smoothie,2,4,8,Credit Card,ERROR,,Smoothie,,,,Tea
TXN_4962500,Cake,5,3,15,,Takeaway,,Cake,,,,Coffee
TXN_4003831,Cookie,1,1,1,Credit Card,,,Cookie,,,,Cake
TXN_9877722,Smoothie,5,4,20,Digital Wallet,In-store,,Smoothie,,,,Smoothie
TXN_4255580,Cake,1,3,3,Cash,,,Cake,,,,Coffee
TXN_1526920,Smoothie,5,4,20,Digital Wallet,Takeaway,,Smoothie,,,,Smoothie
TXN_9663941,Cake,4,3,12,Cash,In-store,,Cake,,,,Salad
TXN_4635386,Tea,1,1.5,1.5,Credit Card,Takeaway,,Tea,,,,Cake
TXN_9055374,Smoothie,1,4,4,,Takeaway,,Smoothie,,,,Salad
TXN_1637131,Tea,4,1.5,6,Cash,,,Tea,,,,Tea
TXN_1852436,Cake,4,3,12,,,,Cake,,,,Cake
TXN_2532563,Salad,4,5,20,,Takeaway,,Salad,,,,Cookie
TXN_3674876,Smoothie,5,4,20,Cash,Takeaway,,Smoothie,,,,Cake
TXN_2249212,Cake,2,3,6,ERROR,,,Cake,,,,Tea
TXN_7915173,Cookie,3,1,3,Cash,Takeaway,,Cookie,,,,Smoothie
TXN_4569448,Cake,1,3,3,,,,Cake,,,,Tea
TXN_2827259,Tea,3,1.5,4.5,Credit Card,Takeaway,,Tea,,,,Smoothie
TXN_8801160,Salad,2,5,10,Cash,In-store,,Salad,,,,Cookie
TXN_6762311,Cake,1,3,3,Credit Card,Takeaway,,Cake,,,,Smoothie
TXN_3787941,Tea,2,1.5,3,,,,Tea,,,,Smoothie
TXN_8588758,Smoothie,4,4,16,Credit Card,In-store,,Smoothie,,,,Cake
TXN_1688292,Cake,3,3,9,Credit Card,In-store,,Cake,,,,Smoothie
TXN_7390866,Tea,5,1.5,7.5,,Takeaway,,Tea,,,,Cake
TXN_9686177,Cake,3,3,9,,In-store,,Cake,,,,Cake
TXN_5536245,Smoothie,4,4,16,Cash,,,Smoothie,,,,Cake
TXN_6744733,Smoothie,1,4,4,Cash,Takeaway,,Smoothie,,,,Coffee
TXN_1964893,Smoothie,1,4,4,,ERROR,,Smoothie,,,,Smoothie
TXN_4659954,Smoothie,3,4,12,Credit Card,In-store,,Smoothie,,,,Smoothie
TXN_8104914,Cookie,1,1,1,,Takeaway,,Cookie,,,,Smoothie
TXN_8344810,Smoothie,2,4,8,,UNKNOWN,,Smoothie,,,,Smoothie
TXN_9460419,Cake,1,3,3,,Takeaway,,Cake,,,,Coffee
TXN_8253472,Cake,1,3,3,,,,Cake,,,,Cookie
TXN_3130865,Cake,3,3,9,,In-store,,Cake,,,,Coffee
TXN_9226047,Smoothie,3,4,12,Cash,,,Smoothie,,,,Cookie
TXN_9594133,Cake,5,3,15,ERROR,,,Cake,,,,Smoothie
